video_path,label,original_type,race,gender,source,manipulation_type
data/raw/FakeAVCeleb_v1.2/RealVideo-RealAudio/African/men/id00076/00109.mp4::sbi,fake,RealVideo-RealAudio,African,men,SBI,unknown_fake
data/raw/FakeAVCeleb_v1.2/RealVideo-RealAudio/African/men/id00366/00118.mp4::sbi,fake,RealVideo-RealAudio,African,men,SBI,unknown_fake
data/raw/FakeAVCeleb_v1.2/RealVideo-RealAudio/African/men/id00475/00099.mp4::sbi,fake,RealVideo-RealAudio,African,men,SBI,unknown_fake
data/raw/FakeAVCeleb_v1.2/RealVideo-RealAudio/African/men/id00476/00109.mp4::sbi,fake,RealVideo-RealAudio,African,men,SBI,unknown_fake
data/raw/FakeAVCeleb_v1.2/RealVideo-RealAudio/African/men/id00478/00206.mp4::sbi,fake,RealVideo-RealAudio,African,men,SBI,unknown_fake
data/raw/FakeAVCeleb_v1.2/RealVideo-RealAudio/African/men/id00518/00031.mp4::sbi,fake,RealVideo-RealAudio,African,men,SBI,unknown_fake
data/raw/FakeAVCeleb_v1.2/RealVideo-RealAudio/African/men/id00781/00092.mp4::sbi,fake,RealVideo-RealAudio,African,men,SBI,unknown_fake
data/raw/FakeAVCeleb_v1.2/RealVideo-RealAudio/African/men/id00830/00143.mp4::sbi,fake,RealVideo-RealAudio,African,men,SBI,unknown_fake
data/raw/FakeAVCeleb_v1.2/RealVideo-RealAudio/African/men/id00944/00135.mp4::sbi,fake,RealVideo-RealAudio,African,men,SBI,unknown_fake
data/raw/FakeAVCeleb_v1.2/RealVideo-RealAudio/African/men/id00987/00160.mp4::sbi,fake,RealVideo-RealAudio,African,men,SBI,unknown_fake
data/raw/FakeAVCeleb_v1.2/RealVideo-RealAudio/African/men/id01036/00010.mp4::sbi,fake,RealVideo-RealAudio,African,men,SBI,unknown_fake
data/raw/FakeAVCeleb_v1.2/RealVideo-RealAudio/African/men/id01170/00021.mp4::sbi,fake,RealVideo-RealAudio,African,men,SBI,unknown_fake
data/raw/FakeAVCeleb_v1.2/RealVideo-RealAudio/African/men/id01171/00053.mp4::sbi,fake,RealVideo-RealAudio,African,men,SBI,unknown_fake
data/raw/FakeAVCeleb_v1.2/RealVideo-RealAudio/African/men/id01392/00167.mp4::sbi,fake,RealVideo-RealAudio,African,men,SBI,unknown_fake
data/raw/FakeAVCeleb_v1.2/RealVideo-RealAudio/African/men/id01452/00001.mp4::sbi,fake,RealVideo-RealAudio,African,men,SBI,unknown_fake
data/raw/FakeAVCeleb_v1.2/RealVideo-RealAudio/African/men/id01521/00109.mp4::sbi,fake,RealVideo-RealAudio,African,men,SBI,unknown_fake
data/raw/FakeAVCeleb_v1.2/RealVideo-RealAudio/African/men/id01544/00044.mp4::sbi,fake,RealVideo-RealAudio,African,men,SBI,unknown_fake
data/raw/FakeAVCeleb_v1.2/RealVideo-RealAudio/African/men/id01597/00005.mp4::sbi,fake,RealVideo-RealAudio,African,men,SBI,unknown_fake
data/raw/FakeAVCeleb_v1.2/RealVideo-RealAudio/African/men/id01610/00090.mp4::sbi,fake,RealVideo-RealAudio,African,men,SBI,unknown_fake
data/raw/FakeAVCeleb_v1.2/RealVideo-RealAudio/African/men/id01691/00045.mp4::sbi,fake,RealVideo-RealAudio,African,men,SBI,unknown_fake
data/raw/FakeAVCeleb_v1.2/RealVideo-RealAudio/African/men/id01933/00028.mp4::sbi,fake,RealVideo-RealAudio,African,men,SBI,unknown_fake
data/raw/FakeAVCeleb_v1.2/RealVideo-RealAudio/African/men/id01856/00006.mp4::sbi,fake,RealVideo-RealAudio,African,men,SBI,unknown_fake
data/raw/FakeAVCeleb_v1.2/RealVideo-RealAudio/African/men/id01779/00010.mp4::sbi,fake,RealVideo-RealAudio,African,men,SBI,unknown_fake
data/raw/FakeAVCeleb_v1.2/RealVideo-RealAudio/African/men/id01835/00130.mp4::sbi,fake,RealVideo-RealAudio,African,men,SBI,unknown_fake
data/raw/FakeAVCeleb_v1.2/RealVideo-RealAudio/African/men/id01717/00005.mp4::sbi,fake,RealVideo-RealAudio,African,men,SBI,unknown_fake
data/raw/FakeAVCeleb_v1.2/RealVideo-RealAudio/African/men/id01920/00099.mp4::sbi,fake,RealVideo-RealAudio,African,men,SBI,unknown_fake
data/raw/FakeAVCeleb_v1.2/RealVideo-RealAudio/African/men/id01972/00078.mp4::sbi,fake,RealVideo-RealAudio,African,men,SBI,unknown_fake
data/raw/FakeAVCeleb_v1.2/RealVideo-RealAudio/African/men/id01995/00071.mp4::sbi,fake,RealVideo-RealAudio,African,men,SBI,unknown_fake
data/raw/FakeAVCeleb_v1.2/RealVideo-RealAudio/African/men/id02005/00052.mp4::sbi,fake,RealVideo-RealAudio,African,men,SBI,unknown_fake
data/raw/FakeAVCeleb_v1.2/RealVideo-RealAudio/African/men/id02268/00036.mp4::sbi,fake,RealVideo-RealAudio,African,men,SBI,unknown_fake
data/raw/FakeAVCeleb_v1.2/RealVideo-RealAudio/African/men/id02040/00476.mp4::sbi,fake,RealVideo-RealAudio,African,men,SBI,unknown_fake
data/raw/FakeAVCeleb_v1.2/RealVideo-RealAudio/African/men/id02296/00019.mp4::sbi,fake,RealVideo-RealAudio,African,men,SBI,unknown_fake
data/raw/FakeAVCeleb_v1.2/RealVideo-RealAudio/African/men/id02316/00094.mp4::sbi,fake,RealVideo-RealAudio,African,men,SBI,unknown_fake
data/raw/FakeAVCeleb_v1.2/RealVideo-RealAudio/African/men/id02342/00191.mp4::sbi,fake,RealVideo-RealAudio,African,men,SBI,unknown_fake
data/raw/FakeAVCeleb_v1.2/RealVideo-RealAudio/African/men/id02494/00050.mp4::sbi,fake,RealVideo-RealAudio,African,men,SBI,unknown_fake
data/raw/FakeAVCeleb_v1.2/RealVideo-RealAudio/African/men/id04727/00007.mp4::sbi,fake,RealVideo-RealAudio,African,men,SBI,unknown_fake
data/raw/FakeAVCeleb_v1.2/RealVideo-RealAudio/African/women/id00220/00027.mp4::sbi,fake,RealVideo-RealAudio,African,women,SBI,unknown_fake
data/raw/FakeAVCeleb_v1.2/RealVideo-RealAudio/African/women/id00359/00053.mp4::sbi,fake,RealVideo-RealAudio,African,women,SBI,unknown_fake
data/raw/FakeAVCeleb_v1.2/RealVideo-RealAudio/African/women/id00371/00099.mp4::sbi,fake,RealVideo-RealAudio,African,women,SBI,unknown_fake
data/raw/FakeAVCeleb_v1.2/RealVideo-RealAudio/African/women/id00460/00005.mp4::sbi,fake,RealVideo-RealAudio,African,women,SBI,unknown_fake
data/raw/FakeAVCeleb_v1.2/RealVideo-RealAudio/African/women/id00568/00384.mp4::sbi,fake,RealVideo-RealAudio,African,women,SBI,unknown_fake
data/raw/FakeAVCeleb_v1.2/RealVideo-RealAudio/African/women/id00592/00017.mp4::sbi,fake,RealVideo-RealAudio,African,women,SBI,unknown_fake
data/raw/FakeAVCeleb_v1.2/RealVideo-RealAudio/African/women/id00577/00010.mp4::sbi,fake,RealVideo-RealAudio,African,women,SBI,unknown_fake
data/raw/FakeAVCeleb_v1.2/RealVideo-RealAudio/African/women/id00707/00052.mp4::sbi,fake,RealVideo-RealAudio,African,women,SBI,unknown_fake
data/raw/FakeAVCeleb_v1.2/RealVideo-RealAudio/African/women/id00829/00271.mp4::sbi,fake,RealVideo-RealAudio,African,women,SBI,unknown_fake
data/raw/FakeAVCeleb_v1.2/RealVideo-RealAudio/African/women/id01532/00065.mp4::sbi,fake,RealVideo-RealAudio,African,women,SBI,unknown_fake
data/raw/FakeAVCeleb_v1.2/RealVideo-RealAudio/African/women/id00832/00078.mp4::sbi,fake,RealVideo-RealAudio,African,women,SBI,unknown_fake
data/raw/FakeAVCeleb_v1.2/RealVideo-RealAudio/African/women/id01783/00015.mp4::sbi,fake,RealVideo-RealAudio,African,women,SBI,unknown_fake
data/raw/FakeAVCeleb_v1.2/RealVideo-RealAudio/African/women/id01907/00148.mp4::sbi,fake,RealVideo-RealAudio,African,women,SBI,unknown_fake
data/raw/FakeAVCeleb_v1.2/RealVideo-RealAudio/African/women/id02071/00195.mp4::sbi,fake,RealVideo-RealAudio,African,women,SBI,unknown_fake
data/raw/FakeAVCeleb_v1.2/RealVideo-RealAudio/African/women/id02301/00092.mp4::sbi,fake,RealVideo-RealAudio,African,women,SBI,unknown_fake
data/raw/FakeAVCeleb_v1.2/RealVideo-RealAudio/African/women/id02617/00028.mp4::sbi,fake,RealVideo-RealAudio,African,women,SBI,unknown_fake
data/raw/FakeAVCeleb_v1.2/RealVideo-RealAudio/African/women/id02508/00083.mp4::sbi,fake,RealVideo-RealAudio,African,women,SBI,unknown_fake
data/raw/FakeAVCeleb_v1.2/RealVideo-RealAudio/African/women/id02586/00042.mp4::sbi,fake,RealVideo-RealAudio,African,women,SBI,unknown_fake
data/raw/FakeAVCeleb_v1.2/RealVideo-RealAudio/African/women/id02721/00424.mp4::sbi,fake,RealVideo-RealAudio,African,women,SBI,unknown_fake
data/raw/FakeAVCeleb_v1.2/RealVideo-RealAudio/African/women/id02808/00056.mp4::sbi,fake,RealVideo-RealAudio,African,women,SBI,unknown_fake
data/raw/FakeAVCeleb_v1.2/RealVideo-RealAudio/African/women/id02838/00080.mp4::sbi,fake,RealVideo-RealAudio,African,women,SBI,unknown_fake
data/raw/FakeAVCeleb_v1.2/RealVideo-RealAudio/African/women/id02824/00130.mp4::sbi,fake,RealVideo-RealAudio,African,women,SBI,unknown_fake
data/raw/FakeAVCeleb_v1.2/RealVideo-RealAudio/African/women/id02948/00298.mp4::sbi,fake,RealVideo-RealAudio,African,women,SBI,unknown_fake
data/raw/FakeAVCeleb_v1.2/RealVideo-RealAudio/African/women/id03656/00052.mp4::sbi,fake,RealVideo-RealAudio,African,women,SBI,unknown_fake
data/raw/FakeAVCeleb_v1.2/RealVideo-RealAudio/African/women/id03658/00077.mp4::sbi,fake,RealVideo-RealAudio,African,women,SBI,unknown_fake
data/raw/FakeAVCeleb_v1.2/RealVideo-RealAudio/African/women/id03713/00249.mp4::sbi,fake,RealVideo-RealAudio,African,women,SBI,unknown_fake
data/raw/FakeAVCeleb_v1.2/RealVideo-RealAudio/African/women/id04245/00072.mp4::sbi,fake,RealVideo-RealAudio,African,women,SBI,unknown_fake
data/raw/FakeAVCeleb_v1.2/RealVideo-RealAudio/African/women/id03747/00273.mp4::sbi,fake,RealVideo-RealAudio,African,women,SBI,unknown_fake
data/raw/FakeAVCeleb_v1.2/RealVideo-RealAudio/African/women/id04376/00181.mp4::sbi,fake,RealVideo-RealAudio,African,women,SBI,unknown_fake
data/raw/FakeAVCeleb_v1.2/RealVideo-RealAudio/African/women/id04374/00032.mp4::sbi,fake,RealVideo-RealAudio,African,women,SBI,unknown_fake
data/raw/FakeAVCeleb_v1.2/RealVideo-RealAudio/African/women/id04437/00002.mp4::sbi,fake,RealVideo-RealAudio,African,women,SBI,unknown_fake
data/raw/FakeAVCeleb_v1.2/RealVideo-RealAudio/African/women/id04689/00005.mp4::sbi,fake,RealVideo-RealAudio,African,women,SBI,unknown_fake
data/raw/FakeAVCeleb_v1.2/RealVideo-RealAudio/African/women/id04736/00083.mp4::sbi,fake,RealVideo-RealAudio,African,women,SBI,unknown_fake
data/raw/FakeAVCeleb_v1.2/RealVideo-RealAudio/African/women/id04705/00408.mp4::sbi,fake,RealVideo-RealAudio,African,women,SBI,unknown_fake
data/raw/FakeAVCeleb_v1.2/RealVideo-RealAudio/African/women/id05106/00078.mp4::sbi,fake,RealVideo-RealAudio,African,women,SBI,unknown_fake
data/raw/FakeAVCeleb_v1.2/RealVideo-RealAudio/African/women/id04939/00174.mp4::sbi,fake,RealVideo-RealAudio,African,women,SBI,unknown_fake
data/raw/FakeAVCeleb_v1.2/RealVideo-RealAudio/African/women/id05235/00052.mp4::sbi,fake,RealVideo-RealAudio,African,women,SBI,unknown_fake
data/raw/FakeAVCeleb_v1.2/RealVideo-RealAudio/African/women/id05251/00033.mp4::sbi,fake,RealVideo-RealAudio,African,women,SBI,unknown_fake
data/raw/FakeAVCeleb_v1.2/RealVideo-RealAudio/African/women/id05252/00052.mp4::sbi,fake,RealVideo-RealAudio,African,women,SBI,unknown_fake
data/raw/FakeAVCeleb_v1.2/RealVideo-RealAudio/African/women/id05980/00143.mp4::sbi,fake,RealVideo-RealAudio,African,women,SBI,unknown_fake
data/raw/FakeAVCeleb_v1.2/RealVideo-RealAudio/Caucasian (American)/men/id00018/00181.mp4::sbi,fake,RealVideo-RealAudio,Caucasian (American),men,SBI,unknown_fake
data/raw/FakeAVCeleb_v1.2/RealVideo-RealAudio/Caucasian (American)/men/id00020/00206.mp4::sbi,fake,RealVideo-RealAudio,Caucasian (American),men,SBI,unknown_fake
data/raw/FakeAVCeleb_v1.2/RealVideo-RealAudio/Caucasian (American)/men/id00021/00010.mp4::sbi,fake,RealVideo-RealAudio,Caucasian (American),men,SBI,unknown_fake
data/raw/FakeAVCeleb_v1.2/RealVideo-RealAudio/Caucasian (American)/men/id00049/00118.mp4::sbi,fake,RealVideo-RealAudio,Caucasian (American),men,SBI,unknown_fake
data/raw/FakeAVCeleb_v1.2/RealVideo-RealAudio/Caucasian (American)/men/id00060/00307.mp4::sbi,fake,RealVideo-RealAudio,Caucasian (American),men,SBI,unknown_fake
data/raw/FakeAVCeleb_v1.2/RealVideo-RealAudio/Caucasian (American)/men/id00052/00015.mp4::sbi,fake,RealVideo-RealAudio,Caucasian (American),men,SBI,unknown_fake
data/raw/FakeAVCeleb_v1.2/RealVideo-RealAudio/Caucasian (American)/men/id00062/00278.mp4::sbi,fake,RealVideo-RealAudio,Caucasian (American),men,SBI,unknown_fake
data/raw/FakeAVCeleb_v1.2/RealVideo-RealAudio/Caucasian (American)/men/id00088/00005.mp4::sbi,fake,RealVideo-RealAudio,Caucasian (American),men,SBI,unknown_fake
data/raw/FakeAVCeleb_v1.2/RealVideo-RealAudio/Caucasian (American)/men/id00087/00002.mp4::sbi,fake,RealVideo-RealAudio,Caucasian (American),men,SBI,unknown_fake
data/raw/FakeAVCeleb_v1.2/RealVideo-RealAudio/Caucasian (American)/men/id00179/00143.mp4::sbi,fake,RealVideo-RealAudio,Caucasian (American),men,SBI,unknown_fake
data/raw/FakeAVCeleb_v1.2/RealVideo-RealAudio/Caucasian (American)/men/id00184/00241.mp4::sbi,fake,RealVideo-RealAudio,Caucasian (American),men,SBI,unknown_fake
data/raw/FakeAVCeleb_v1.2/RealVideo-RealAudio/Caucasian (American)/men/id00264/00257.mp4::sbi,fake,RealVideo-RealAudio,Caucasian (American),men,SBI,unknown_fake
data/raw/FakeAVCeleb_v1.2/RealVideo-RealAudio/Caucasian (American)/men/id00345/00243.mp4::sbi,fake,RealVideo-RealAudio,Caucasian (American),men,SBI,unknown_fake
data/raw/FakeAVCeleb_v1.2/RealVideo-RealAudio/Caucasian (American)/men/id00529/00409.mp4::sbi,fake,RealVideo-RealAudio,Caucasian (American),men,SBI,unknown_fake
data/raw/FakeAVCeleb_v1.2/RealVideo-RealAudio/Caucasian (American)/men/id00696/00005.mp4::sbi,fake,RealVideo-RealAudio,Caucasian (American),men,SBI,unknown_fake
data/raw/FakeAVCeleb_v1.2/RealVideo-RealAudio/Caucasian (American)/men/id00708/00043.mp4::sbi,fake,RealVideo-RealAudio,Caucasian (American),men,SBI,unknown_fake
data/raw/FakeAVCeleb_v1.2/RealVideo-RealAudio/Caucasian (American)/men/id00775/00092.mp4::sbi,fake,RealVideo-RealAudio,Caucasian (American),men,SBI,unknown_fake
data/raw/FakeAVCeleb_v1.2/RealVideo-RealAudio/Caucasian (American)/men/id00945/00107.mp4::sbi,fake,RealVideo-RealAudio,Caucasian (American),men,SBI,unknown_fake
data/raw/FakeAVCeleb_v1.2/RealVideo-RealAudio/Caucasian (American)/men/id01042/00154.mp4::sbi,fake,RealVideo-RealAudio,Caucasian (American),men,SBI,unknown_fake
data/raw/FakeAVCeleb_v1.2/RealVideo-RealAudio/Caucasian (American)/men/id00971/00253.mp4::sbi,fake,RealVideo-RealAudio,Caucasian (American),men,SBI,unknown_fake
data/raw/FakeAVCeleb_v1.2/RealVideo-RealAudio/Caucasian (American)/men/id01035/00012.mp4::sbi,fake,RealVideo-RealAudio,Caucasian (American),men,SBI,unknown_fake
data/raw/FakeAVCeleb_v1.2/RealVideo-RealAudio/Caucasian (American)/men/id01044/00336.mp4::sbi,fake,RealVideo-RealAudio,Caucasian (American),men,SBI,unknown_fake
data/raw/FakeAVCeleb_v1.2/RealVideo-RealAudio/Caucasian (American)/men/id01163/00195.mp4::sbi,fake,RealVideo-RealAudio,Caucasian (American),men,SBI,unknown_fake
data/raw/FakeAVCeleb_v1.2/RealVideo-RealAudio/Caucasian (American)/men/id01124/00063.mp4::sbi,fake,RealVideo-RealAudio,Caucasian (American),men,SBI,unknown_fake
data/raw/FakeAVCeleb_v1.2/RealVideo-RealAudio/Caucasian (American)/men/id01175/00025.mp4::sbi,fake,RealVideo-RealAudio,Caucasian (American),men,SBI,unknown_fake
data/raw/FakeAVCeleb_v1.2/RealVideo-RealAudio/Caucasian (American)/men/id01172/00015.mp4::sbi,fake,RealVideo-RealAudio,Caucasian (American),men,SBI,unknown_fake
data/raw/FakeAVCeleb_v1.2/RealVideo-RealAudio/Caucasian (American)/men/id01168/00028.mp4::sbi,fake,RealVideo-RealAudio,Caucasian (American),men,SBI,unknown_fake
data/raw/FakeAVCeleb_v1.2/RealVideo-RealAudio/Caucasian (American)/men/id01182/00167.mp4::sbi,fake,RealVideo-RealAudio,Caucasian (American),men,SBI,unknown_fake
data/raw/FakeAVCeleb_v1.2/RealVideo-RealAudio/Caucasian (American)/men/id01192/00217.mp4::sbi,fake,RealVideo-RealAudio,Caucasian (American),men,SBI,unknown_fake
data/raw/FakeAVCeleb_v1.2/RealVideo-RealAudio/Caucasian (American)/men/id01201/00028.mp4::sbi,fake,RealVideo-RealAudio,Caucasian (American),men,SBI,unknown_fake
data/raw/FakeAVCeleb_v1.2/RealVideo-RealAudio/Caucasian (American)/men/id01211/00023.mp4::sbi,fake,RealVideo-RealAudio,Caucasian (American),men,SBI,unknown_fake
data/raw/FakeAVCeleb_v1.2/RealVideo-RealAudio/Caucasian (American)/men/id03525/00048.mp4::sbi,fake,RealVideo-RealAudio,Caucasian (American),men,SBI,unknown_fake
data/raw/FakeAVCeleb_v1.2/RealVideo-RealAudio/Caucasian (American)/men/id01210/00283.mp4::sbi,fake,RealVideo-RealAudio,Caucasian (American),men,SBI,unknown_fake
data/raw/FakeAVCeleb_v1.2/RealVideo-RealAudio/Caucasian (American)/men/id03668/00143.mp4::sbi,fake,RealVideo-RealAudio,Caucasian (American),men,SBI,unknown_fake
data/raw/FakeAVCeleb_v1.2/RealVideo-RealAudio/Caucasian (American)/men/id03678/00078.mp4::sbi,fake,RealVideo-RealAudio,Caucasian (American),men,SBI,unknown_fake
data/raw/FakeAVCeleb_v1.2/RealVideo-RealAudio/Caucasian (American)/men/id04034/00009.mp4::sbi,fake,RealVideo-RealAudio,Caucasian (American),men,SBI,unknown_fake
data/raw/FakeAVCeleb_v1.2/RealVideo-RealAudio/Caucasian (American)/men/id04216/00470.mp4::sbi,fake,RealVideo-RealAudio,Caucasian (American),men,SBI,unknown_fake
data/raw/FakeAVCeleb_v1.2/RealVideo-RealAudio/Caucasian (American)/men/id04073/00021.mp4::sbi,fake,RealVideo-RealAudio,Caucasian (American),men,SBI,unknown_fake
data/raw/FakeAVCeleb_v1.2/RealVideo-RealAudio/Caucasian (American)/men/id04219/00130.mp4::sbi,fake,RealVideo-RealAudio,Caucasian (American),men,SBI,unknown_fake
data/raw/FakeAVCeleb_v1.2/RealVideo-RealAudio/Caucasian (American)/men/id04221/00053.mp4::sbi,fake,RealVideo-RealAudio,Caucasian (American),men,SBI,unknown_fake
data/raw/FakeAVCeleb_v1.2/RealVideo-RealAudio/Caucasian (American)/women/id00025/00025.mp4::sbi,fake,RealVideo-RealAudio,Caucasian (American),women,SBI,unknown_fake
data/raw/FakeAVCeleb_v1.2/RealVideo-RealAudio/Caucasian (American)/women/id00097/00162.mp4::sbi,fake,RealVideo-RealAudio,Caucasian (American),women,SBI,unknown_fake
data/raw/FakeAVCeleb_v1.2/RealVideo-RealAudio/Caucasian (American)/women/id00098/00004.mp4::sbi,fake,RealVideo-RealAudio,Caucasian (American),women,SBI,unknown_fake
data/raw/FakeAVCeleb_v1.2/RealVideo-RealAudio/Caucasian (American)/women/id00145/00043.mp4::sbi,fake,RealVideo-RealAudio,Caucasian (American),women,SBI,unknown_fake
data/raw/FakeAVCeleb_v1.2/RealVideo-RealAudio/Caucasian (American)/women/id00180/00206.mp4::sbi,fake,RealVideo-RealAudio,Caucasian (American),women,SBI,unknown_fake
data/raw/FakeAVCeleb_v1.2/RealVideo-RealAudio/Caucasian (American)/women/id00190/00072.mp4::sbi,fake,RealVideo-RealAudio,Caucasian (American),women,SBI,unknown_fake
data/raw/FakeAVCeleb_v1.2/RealVideo-RealAudio/Caucasian (American)/women/id00231/00037.mp4::sbi,fake,RealVideo-RealAudio,Caucasian (American),women,SBI,unknown_fake
data/raw/FakeAVCeleb_v1.2/RealVideo-RealAudio/Caucasian (American)/women/id00261/00048.mp4::sbi,fake,RealVideo-RealAudio,Caucasian (American),women,SBI,unknown_fake
data/raw/FakeAVCeleb_v1.2/RealVideo-RealAudio/Caucasian (American)/women/id00381/00030.mp4::sbi,fake,RealVideo-RealAudio,Caucasian (American),women,SBI,unknown_fake
data/raw/FakeAVCeleb_v1.2/RealVideo-RealAudio/Caucasian (American)/women/id00272/00195.mp4::sbi,fake,RealVideo-RealAudio,Caucasian (American),women,SBI,unknown_fake
data/raw/FakeAVCeleb_v1.2/RealVideo-RealAudio/Caucasian (American)/women/id00383/00171.mp4::sbi,fake,RealVideo-RealAudio,Caucasian (American),women,SBI,unknown_fake
data/raw/FakeAVCeleb_v1.2/RealVideo-RealAudio/Caucasian (American)/women/id00385/00439.mp4::sbi,fake,RealVideo-RealAudio,Caucasian (American),women,SBI,unknown_fake
data/raw/FakeAVCeleb_v1.2/RealVideo-RealAudio/Caucasian (American)/women/id00431/00039.mp4::sbi,fake,RealVideo-RealAudio,Caucasian (American),women,SBI,unknown_fake
data/raw/FakeAVCeleb_v1.2/RealVideo-RealAudio/Caucasian (American)/women/id00462/00143.mp4::sbi,fake,RealVideo-RealAudio,Caucasian (American),women,SBI,unknown_fake
data/raw/FakeAVCeleb_v1.2/RealVideo-RealAudio/Caucasian (American)/women/id00458/00072.mp4::sbi,fake,RealVideo-RealAudio,Caucasian (American),women,SBI,unknown_fake
data/raw/FakeAVCeleb_v1.2/RealVideo-RealAudio/Caucasian (American)/women/id00555/00005.mp4::sbi,fake,RealVideo-RealAudio,Caucasian (American),women,SBI,unknown_fake
data/raw/FakeAVCeleb_v1.2/RealVideo-RealAudio/Caucasian (American)/women/id00575/00092.mp4::sbi,fake,RealVideo-RealAudio,Caucasian (American),women,SBI,unknown_fake
data/raw/FakeAVCeleb_v1.2/RealVideo-RealAudio/Caucasian (American)/women/id00616/00305.mp4::sbi,fake,RealVideo-RealAudio,Caucasian (American),women,SBI,unknown_fake
data/raw/FakeAVCeleb_v1.2/RealVideo-RealAudio/Caucasian (American)/women/id00752/00340.mp4::sbi,fake,RealVideo-RealAudio,Caucasian (American),women,SBI,unknown_fake
data/raw/FakeAVCeleb_v1.2/RealVideo-RealAudio/Caucasian (American)/women/id00835/00195.mp4::sbi,fake,RealVideo-RealAudio,Caucasian (American),women,SBI,unknown_fake
data/raw/FakeAVCeleb_v1.2/RealVideo-RealAudio/Caucasian (American)/women/id00841/00078.mp4::sbi,fake,RealVideo-RealAudio,Caucasian (American),women,SBI,unknown_fake
data/raw/FakeAVCeleb_v1.2/RealVideo-RealAudio/Caucasian (American)/women/id00842/00043.mp4::sbi,fake,RealVideo-RealAudio,Caucasian (American),women,SBI,unknown_fake
data/raw/FakeAVCeleb_v1.2/RealVideo-RealAudio/Caucasian (American)/women/id01004/00028.mp4::sbi,fake,RealVideo-RealAudio,Caucasian (American),women,SBI,unknown_fake
data/raw/FakeAVCeleb_v1.2/RealVideo-RealAudio/Caucasian (American)/women/id01005/00028.mp4::sbi,fake,RealVideo-RealAudio,Caucasian (American),women,SBI,unknown_fake
data/raw/FakeAVCeleb_v1.2/RealVideo-RealAudio/Caucasian (American)/women/id01075/00160.mp4::sbi,fake,RealVideo-RealAudio,Caucasian (American),women,SBI,unknown_fake
data/raw/FakeAVCeleb_v1.2/RealVideo-RealAudio/Caucasian (American)/women/id01216/00025.mp4::sbi,fake,RealVideo-RealAudio,Caucasian (American),women,SBI,unknown_fake
data/raw/FakeAVCeleb_v1.2/RealVideo-RealAudio/Caucasian (American)/women/id01091/00236.mp4::sbi,fake,RealVideo-RealAudio,Caucasian (American),women,SBI,unknown_fake
data/raw/FakeAVCeleb_v1.2/RealVideo-RealAudio/Caucasian (American)/women/id01217/00005.mp4::sbi,fake,RealVideo-RealAudio,Caucasian (American),women,SBI,unknown_fake
data/raw/FakeAVCeleb_v1.2/RealVideo-RealAudio/Caucasian (American)/women/id01227/00052.mp4::sbi,fake,RealVideo-RealAudio,Caucasian (American),women,SBI,unknown_fake
data/raw/FakeAVCeleb_v1.2/RealVideo-RealAudio/Caucasian (American)/women/id01238/00037.mp4::sbi,fake,RealVideo-RealAudio,Caucasian (American),women,SBI,unknown_fake
data/raw/FakeAVCeleb_v1.2/RealVideo-RealAudio/Caucasian (American)/women/id02464/00002.mp4::sbi,fake,RealVideo-RealAudio,Caucasian (American),women,SBI,unknown_fake
data/raw/FakeAVCeleb_v1.2/RealVideo-RealAudio/Caucasian (American)/women/id03605/00048.mp4::sbi,fake,RealVideo-RealAudio,Caucasian (American),women,SBI,unknown_fake
data/raw/FakeAVCeleb_v1.2/RealVideo-RealAudio/Caucasian (American)/women/id03556/00043.mp4::sbi,fake,RealVideo-RealAudio,Caucasian (American),women,SBI,unknown_fake
data/raw/FakeAVCeleb_v1.2/RealVideo-RealAudio/Caucasian (American)/women/id03707/00055.mp4::sbi,fake,RealVideo-RealAudio,Caucasian (American),women,SBI,unknown_fake
data/raw/FakeAVCeleb_v1.2/RealVideo-RealAudio/Asian (East)/men/id00056/00028.mp4::sbi,fake,RealVideo-RealAudio,Asian (East),men,SBI,unknown_fake
data/raw/FakeAVCeleb_v1.2/RealVideo-RealAudio/Asian (East)/men/id00126/00173.mp4::sbi,fake,RealVideo-RealAudio,Asian (East),men,SBI,unknown_fake
data/raw/FakeAVCeleb_v1.2/RealVideo-RealAudio/Asian (East)/men/id00560/00041.mp4::sbi,fake,RealVideo-RealAudio,Asian (East),men,SBI,unknown_fake
data/raw/FakeAVCeleb_v1.2/RealVideo-RealAudio/Asian (East)/men/id00740/00015.mp4::sbi,fake,RealVideo-RealAudio,Asian (East),men,SBI,unknown_fake
data/raw/FakeAVCeleb_v1.2/RealVideo-RealAudio/Asian (East)/men/id00597/00019.mp4::sbi,fake,RealVideo-RealAudio,Asian (East),men,SBI,unknown_fake
data/raw/FakeAVCeleb_v1.2/RealVideo-RealAudio/Asian (East)/men/id00863/00069.mp4::sbi,fake,RealVideo-RealAudio,Asian (East),men,SBI,unknown_fake
data/raw/FakeAVCeleb_v1.2/RealVideo-RealAudio/Asian (East)/men/id01215/00001.mp4::sbi,fake,RealVideo-RealAudio,Asian (East),men,SBI,unknown_fake
data/raw/FakeAVCeleb_v1.2/RealVideo-RealAudio/Asian (East)/men/id01589/00017.mp4::sbi,fake,RealVideo-RealAudio,Asian (East),men,SBI,unknown_fake
data/raw/FakeAVCeleb_v1.2/RealVideo-RealAudio/Asian (East)/men/id01683/00052.mp4::sbi,fake,RealVideo-RealAudio,Asian (East),men,SBI,unknown_fake
data/raw/FakeAVCeleb_v1.2/RealVideo-RealAudio/Asian (East)/men/id02332/00055.mp4::sbi,fake,RealVideo-RealAudio,Asian (East),men,SBI,unknown_fake
data/raw/FakeAVCeleb_v1.2/RealVideo-RealAudio/Asian (East)/men/id02365/00028.mp4::sbi,fake,RealVideo-RealAudio,Asian (East),men,SBI,unknown_fake
data/raw/FakeAVCeleb_v1.2/RealVideo-RealAudio/Asian (East)/men/id02561/02561.mp4::sbi,fake,RealVideo-RealAudio,Asian (East),men,SBI,unknown_fake
data/raw/FakeAVCeleb_v1.2/RealVideo-RealAudio/Asian (East)/men/id02553/00043.mp4::sbi,fake,RealVideo-RealAudio,Asian (East),men,SBI,unknown_fake
data/raw/FakeAVCeleb_v1.2/RealVideo-RealAudio/Asian (East)/men/id03028/00466.mp4::sbi,fake,RealVideo-RealAudio,Asian (East),men,SBI,unknown_fake
data/raw/FakeAVCeleb_v1.2/RealVideo-RealAudio/Asian (East)/men/id03168/03168.mp4::sbi,fake,RealVideo-RealAudio,Asian (East),men,SBI,unknown_fake
data/raw/FakeAVCeleb_v1.2/RealVideo-RealAudio/Asian (East)/men/id03965/00051.mp4::sbi,fake,RealVideo-RealAudio,Asian (East),men,SBI,unknown_fake
data/raw/FakeAVCeleb_v1.2/RealVideo-RealAudio/Asian (East)/men/id04111/00015.mp4::sbi,fake,RealVideo-RealAudio,Asian (East),men,SBI,unknown_fake
data/raw/FakeAVCeleb_v1.2/RealVideo-RealAudio/Asian (East)/men/id04222/00078.mp4::sbi,fake,RealVideo-RealAudio,Asian (East),men,SBI,unknown_fake
data/raw/FakeAVCeleb_v1.2/RealVideo-RealAudio/Asian (East)/men/id04687/00066.mp4::sbi,fake,RealVideo-RealAudio,Asian (East),men,SBI,unknown_fake
data/raw/FakeAVCeleb_v1.2/RealVideo-RealAudio/Asian (East)/men/id04691/1.mp4::sbi,fake,RealVideo-RealAudio,Asian (East),men,SBI,unknown_fake
data/raw/FakeAVCeleb_v1.2/RealVideo-RealAudio/Asian (East)/men/id04726/00245.mp4::sbi,fake,RealVideo-RealAudio,Asian (East),men,SBI,unknown_fake
data/raw/FakeAVCeleb_v1.2/RealVideo-RealAudio/Asian (East)/men/id04789/002121.mp4::sbi,fake,RealVideo-RealAudio,Asian (East),men,SBI,unknown_fake
data/raw/FakeAVCeleb_v1.2/RealVideo-RealAudio/Asian (East)/men/id04884/00028.mp4::sbi,fake,RealVideo-RealAudio,Asian (East),men,SBI,unknown_fake
data/raw/FakeAVCeleb_v1.2/RealVideo-RealAudio/Asian (East)/men/id05268/00010.mp4::sbi,fake,RealVideo-RealAudio,Asian (East),men,SBI,unknown_fake
data/raw/FakeAVCeleb_v1.2/RealVideo-RealAudio/Asian (East)/men/id05332/00065.mp4::sbi,fake,RealVideo-RealAudio,Asian (East),men,SBI,unknown_fake
data/raw/FakeAVCeleb_v1.2/RealVideo-RealAudio/Asian (East)/men/id05479/05479.mp4::sbi,fake,RealVideo-RealAudio,Asian (East),men,SBI,unknown_fake
data/raw/FakeAVCeleb_v1.2/RealVideo-RealAudio/Asian (East)/men/id06152/06152.mp4::sbi,fake,RealVideo-RealAudio,Asian (East),men,SBI,unknown_fake
data/raw/FakeAVCeleb_v1.2/RealVideo-RealAudio/Asian (East)/men/id06269/00005.mp4::sbi,fake,RealVideo-RealAudio,Asian (East),men,SBI,unknown_fake
data/raw/FakeAVCeleb_v1.2/RealVideo-RealAudio/Asian (East)/men/id06467/00010.mp4::sbi,fake,RealVideo-RealAudio,Asian (East),men,SBI,unknown_fake
data/raw/FakeAVCeleb_v1.2/RealVideo-RealAudio/Asian (East)/men/id06535/00183.mp4::sbi,fake,RealVideo-RealAudio,Asian (East),men,SBI,unknown_fake
data/raw/FakeAVCeleb_v1.2/RealVideo-RealAudio/Asian (East)/men/id06776/00021.mp4::sbi,fake,RealVideo-RealAudio,Asian (East),men,SBI,unknown_fake
data/raw/FakeAVCeleb_v1.2/RealVideo-RealAudio/Asian (East)/men/id06807/00015.mp4::sbi,fake,RealVideo-RealAudio,Asian (East),men,SBI,unknown_fake
data/raw/FakeAVCeleb_v1.2/RealVideo-RealAudio/Asian (East)/men/id06878/00001.mp4::sbi,fake,RealVideo-RealAudio,Asian (East),men,SBI,unknown_fake
data/raw/FakeAVCeleb_v1.2/RealVideo-RealAudio/Asian (East)/men/id07102/00052.mp4::sbi,fake,RealVideo-RealAudio,Asian (East),men,SBI,unknown_fake
data/raw/FakeAVCeleb_v1.2/RealVideo-RealAudio/Asian (East)/men/id07338/00003.mp4::sbi,fake,RealVideo-RealAudio,Asian (East),men,SBI,unknown_fake
data/raw/FakeAVCeleb_v1.2/RealVideo-RealAudio/Asian (East)/men/id08613/00074.mp4::sbi,fake,RealVideo-RealAudio,Asian (East),men,SBI,unknown_fake
data/raw/FakeAVCeleb_v1.2/RealVideo-RealAudio/Asian (East)/men/id08299/00110.mp4::sbi,fake,RealVideo-RealAudio,Asian (East),men,SBI,unknown_fake
data/raw/FakeAVCeleb_v1.2/RealVideo-RealAudio/Asian (East)/men/id09053/00005.mp4::sbi,fake,RealVideo-RealAudio,Asian (East),men,SBI,unknown_fake
data/raw/FakeAVCeleb_v1.2/RealVideo-RealAudio/Asian (East)/men/id09143/00056.mp4::sbi,fake,RealVideo-RealAudio,Asian (East),men,SBI,unknown_fake
data/raw/FakeAVCeleb_v1.2/RealVideo-RealAudio/Asian (East)/women/id00430/00209.mp4::sbi,fake,RealVideo-RealAudio,Asian (East),women,SBI,unknown_fake
data/raw/FakeAVCeleb_v1.2/RealVideo-RealAudio/Asian (East)/women/id00137/00025.mp4::sbi,fake,RealVideo-RealAudio,Asian (East),women,SBI,unknown_fake
data/raw/FakeAVCeleb_v1.2/RealVideo-RealAudio/Asian (East)/women/id00566/00032.mp4::sbi,fake,RealVideo-RealAudio,Asian (East),women,SBI,unknown_fake
data/raw/FakeAVCeleb_v1.2/RealVideo-RealAudio/Asian (East)/women/id00579/00030.mp4::sbi,fake,RealVideo-RealAudio,Asian (East),women,SBI,unknown_fake
data/raw/FakeAVCeleb_v1.2/RealVideo-RealAudio/Asian (East)/women/id00582/00006.mp4::sbi,fake,RealVideo-RealAudio,Asian (East),women,SBI,unknown_fake
data/raw/FakeAVCeleb_v1.2/RealVideo-RealAudio/Asian (East)/women/id00935/00005.mp4::sbi,fake,RealVideo-RealAudio,Asian (East),women,SBI,unknown_fake
data/raw/FakeAVCeleb_v1.2/RealVideo-RealAudio/Asian (East)/women/id01281/00040.mp4::sbi,fake,RealVideo-RealAudio,Asian (East),women,SBI,unknown_fake
data/raw/FakeAVCeleb_v1.2/RealVideo-RealAudio/Asian (East)/women/id02587/00020.mp4::sbi,fake,RealVideo-RealAudio,Asian (East),women,SBI,unknown_fake
data/raw/FakeAVCeleb_v1.2/RealVideo-RealAudio/Asian (East)/women/id01451/00099.mp4::sbi,fake,RealVideo-RealAudio,Asian (East),women,SBI,unknown_fake
data/raw/FakeAVCeleb_v1.2/RealVideo-RealAudio/Asian (East)/women/id02807/00032.mp4::sbi,fake,RealVideo-RealAudio,Asian (East),women,SBI,unknown_fake
data/raw/FakeAVCeleb_v1.2/RealVideo-RealAudio/Asian (East)/women/id03211/00032.mp4::sbi,fake,RealVideo-RealAudio,Asian (East),women,SBI,unknown_fake
data/raw/FakeAVCeleb_v1.2/RealVideo-RealAudio/Asian (East)/women/id03379/00032.mp4::sbi,fake,RealVideo-RealAudio,Asian (East),women,SBI,unknown_fake
data/raw/FakeAVCeleb_v1.2/RealVideo-RealAudio/Asian (East)/women/id03940/00025.mp4::sbi,fake,RealVideo-RealAudio,Asian (East),women,SBI,unknown_fake
data/raw/FakeAVCeleb_v1.2/RealVideo-RealAudio/Asian (East)/women/id04057/00015.mp4::sbi,fake,RealVideo-RealAudio,Asian (East),women,SBI,unknown_fake
data/raw/FakeAVCeleb_v1.2/RealVideo-RealAudio/Asian (East)/women/id04066/00013.mp4::sbi,fake,RealVideo-RealAudio,Asian (East),women,SBI,unknown_fake
data/raw/FakeAVCeleb_v1.2/RealVideo-RealAudio/Asian (East)/women/id04144/00028.mp4::sbi,fake,RealVideo-RealAudio,Asian (East),women,SBI,unknown_fake
data/raw/FakeAVCeleb_v1.2/RealVideo-RealAudio/Asian (East)/women/id04414/00001.mp4::sbi,fake,RealVideo-RealAudio,Asian (East),women,SBI,unknown_fake
data/raw/FakeAVCeleb_v1.2/RealVideo-RealAudio/Asian (East)/women/id04701/00017.mp4::sbi,fake,RealVideo-RealAudio,Asian (East),women,SBI,unknown_fake
data/raw/FakeAVCeleb_v1.2/RealVideo-RealAudio/Asian (East)/women/id05576/00368.mp4::sbi,fake,RealVideo-RealAudio,Asian (East),women,SBI,unknown_fake
data/raw/FakeAVCeleb_v1.2/RealVideo-RealAudio/Asian (East)/women/id05620/00005.mp4::sbi,fake,RealVideo-RealAudio,Asian (East),women,SBI,unknown_fake
data/raw/FakeAVCeleb_v1.2/RealVideo-RealAudio/Asian (East)/women/id05631/00073.mp4::sbi,fake,RealVideo-RealAudio,Asian (East),women,SBI,unknown_fake
data/raw/FakeAVCeleb_v1.2/RealVideo-RealAudio/Asian (East)/women/id05844/00072.mp4::sbi,fake,RealVideo-RealAudio,Asian (East),women,SBI,unknown_fake
data/raw/FakeAVCeleb_v1.2/RealVideo-RealAudio/Asian (East)/women/id06054/00010.mp4::sbi,fake,RealVideo-RealAudio,Asian (East),women,SBI,unknown_fake
data/raw/FakeAVCeleb_v1.2/RealVideo-RealAudio/Asian (East)/women/id06060/00219.mp4::sbi,fake,RealVideo-RealAudio,Asian (East),women,SBI,unknown_fake
data/raw/FakeAVCeleb_v1.2/RealVideo-RealAudio/Asian (East)/women/id06061/00002.mp4::sbi,fake,RealVideo-RealAudio,Asian (East),women,SBI,unknown_fake
data/raw/FakeAVCeleb_v1.2/RealVideo-RealAudio/Asian (East)/women/id06065/00160.mp4::sbi,fake,RealVideo-RealAudio,Asian (East),women,SBI,unknown_fake
data/raw/FakeAVCeleb_v1.2/RealVideo-RealAudio/Asian (East)/women/id06158/00015.mp4::sbi,fake,RealVideo-RealAudio,Asian (East),women,SBI,unknown_fake
data/raw/FakeAVCeleb_v1.2/RealVideo-RealAudio/Asian (East)/women/id06225/00005.mp4::sbi,fake,RealVideo-RealAudio,Asian (East),women,SBI,unknown_fake
data/raw/FakeAVCeleb_v1.2/RealVideo-RealAudio/Asian (East)/women/id06388/00005.mp4::sbi,fake,RealVideo-RealAudio,Asian (East),women,SBI,unknown_fake
data/raw/FakeAVCeleb_v1.2/RealVideo-RealAudio/Asian (East)/women/id06427/00138.mp4::sbi,fake,RealVideo-RealAudio,Asian (East),women,SBI,unknown_fake
data/raw/FakeAVCeleb_v1.2/RealVideo-RealAudio/Asian (East)/women/id06443/00232.mp4::sbi,fake,RealVideo-RealAudio,Asian (East),women,SBI,unknown_fake
data/raw/FakeAVCeleb_v1.2/RealVideo-RealAudio/Asian (East)/women/id06462/00014.mp4::sbi,fake,RealVideo-RealAudio,Asian (East),women,SBI,unknown_fake
data/raw/FakeAVCeleb_v1.2/RealVideo-RealAudio/Asian (East)/women/id07739/00019.mp4::sbi,fake,RealVideo-RealAudio,Asian (East),women,SBI,unknown_fake
data/raw/FakeAVCeleb_v1.2/RealVideo-RealAudio/Asian (East)/women/id07799/00063.mp4::sbi,fake,RealVideo-RealAudio,Asian (East),women,SBI,unknown_fake
data/raw/FakeAVCeleb_v1.2/RealVideo-RealAudio/Asian (East)/women/id07901/00040.mp4::sbi,fake,RealVideo-RealAudio,Asian (East),women,SBI,unknown_fake
data/raw/FakeAVCeleb_v1.2/RealVideo-RealAudio/Asian (East)/women/id08139/00067.mp4::sbi,fake,RealVideo-RealAudio,Asian (East),women,SBI,unknown_fake
data/raw/FakeAVCeleb_v1.2/RealVideo-RealAudio/Asian (East)/women/id08397/00167.mp4::sbi,fake,RealVideo-RealAudio,Asian (East),women,SBI,unknown_fake
data/raw/FakeAVCeleb_v1.2/RealVideo-RealAudio/Asian (East)/women/id08402/00092.mp4::sbi,fake,RealVideo-RealAudio,Asian (East),women,SBI,unknown_fake
data/raw/FakeAVCeleb_v1.2/RealVideo-RealAudio/Asian (East)/women/id08819/00052.mp4::sbi,fake,RealVideo-RealAudio,Asian (East),women,SBI,unknown_fake
data/raw/FakeAVCeleb_v1.2/RealVideo-RealAudio/Asian (East)/women/id09116/00026.mp4::sbi,fake,RealVideo-RealAudio,Asian (East),women,SBI,unknown_fake
data/raw/FakeAVCeleb_v1.2/RealVideo-RealAudio/Asian (East)/women/id09125/00098.mp4::sbi,fake,RealVideo-RealAudio,Asian (East),women,SBI,unknown_fake
data/raw/FakeAVCeleb_v1.2/RealVideo-RealAudio/Asian (East)/women/id09175/00072.mp4::sbi,fake,RealVideo-RealAudio,Asian (East),women,SBI,unknown_fake
data/raw/FakeAVCeleb_v1.2/RealVideo-RealAudio/Asian (East)/women/id09171/00092.mp4::sbi,fake,RealVideo-RealAudio,Asian (East),women,SBI,unknown_fake
data/raw/FakeAVCeleb_v1.2/RealVideo-RealAudio/Caucasian (European)/men/id00063/00021.mp4::sbi,fake,RealVideo-RealAudio,Caucasian (European),men,SBI,unknown_fake
data/raw/FakeAVCeleb_v1.2/RealVideo-RealAudio/Caucasian (European)/men/id00171/00092.mp4::sbi,fake,RealVideo-RealAudio,Caucasian (European),men,SBI,unknown_fake
data/raw/FakeAVCeleb_v1.2/RealVideo-RealAudio/Caucasian (European)/men/id00183/00015.mp4::sbi,fake,RealVideo-RealAudio,Caucasian (European),men,SBI,unknown_fake
data/raw/FakeAVCeleb_v1.2/RealVideo-RealAudio/Caucasian (European)/men/id00185/00015.mp4::sbi,fake,RealVideo-RealAudio,Caucasian (European),men,SBI,unknown_fake
data/raw/FakeAVCeleb_v1.2/RealVideo-RealAudio/Caucasian (European)/men/id00187/00360.mp4::sbi,fake,RealVideo-RealAudio,Caucasian (European),men,SBI,unknown_fake
data/raw/FakeAVCeleb_v1.2/RealVideo-RealAudio/Caucasian (European)/men/id00192/00078.mp4::sbi,fake,RealVideo-RealAudio,Caucasian (European),men,SBI,unknown_fake
data/raw/FakeAVCeleb_v1.2/RealVideo-RealAudio/Caucasian (European)/men/id00241/00015.mp4::sbi,fake,RealVideo-RealAudio,Caucasian (European),men,SBI,unknown_fake
data/raw/FakeAVCeleb_v1.2/RealVideo-RealAudio/Caucasian (European)/men/id00225/00078.mp4::sbi,fake,RealVideo-RealAudio,Caucasian (European),men,SBI,unknown_fake
data/raw/FakeAVCeleb_v1.2/RealVideo-RealAudio/Caucasian (European)/men/id00253/00021.mp4::sbi,fake,RealVideo-RealAudio,Caucasian (European),men,SBI,unknown_fake
data/raw/FakeAVCeleb_v1.2/RealVideo-RealAudio/Caucasian (European)/men/id00265/00130.mp4::sbi,fake,RealVideo-RealAudio,Caucasian (European),men,SBI,unknown_fake
data/raw/FakeAVCeleb_v1.2/RealVideo-RealAudio/Caucasian (European)/men/id00266/00470.mp4::sbi,fake,RealVideo-RealAudio,Caucasian (European),men,SBI,unknown_fake
data/raw/FakeAVCeleb_v1.2/RealVideo-RealAudio/Caucasian (European)/men/id00282/00268.mp4::sbi,fake,RealVideo-RealAudio,Caucasian (European),men,SBI,unknown_fake
data/raw/FakeAVCeleb_v1.2/RealVideo-RealAudio/Caucasian (European)/men/id00305/00113.mp4::sbi,fake,RealVideo-RealAudio,Caucasian (European),men,SBI,unknown_fake
data/raw/FakeAVCeleb_v1.2/RealVideo-RealAudio/Caucasian (European)/men/id00292/00072.mp4::sbi,fake,RealVideo-RealAudio,Caucasian (European),men,SBI,unknown_fake
data/raw/FakeAVCeleb_v1.2/RealVideo-RealAudio/Caucasian (European)/men/id00358/00217.mp4::sbi,fake,RealVideo-RealAudio,Caucasian (European),men,SBI,unknown_fake
data/raw/FakeAVCeleb_v1.2/RealVideo-RealAudio/Caucasian (European)/men/id00306/00015.mp4::sbi,fake,RealVideo-RealAudio,Caucasian (European),men,SBI,unknown_fake
data/raw/FakeAVCeleb_v1.2/RealVideo-RealAudio/Caucasian (European)/men/id00368/00078.mp4::sbi,fake,RealVideo-RealAudio,Caucasian (European),men,SBI,unknown_fake
data/raw/FakeAVCeleb_v1.2/RealVideo-RealAudio/Caucasian (European)/men/id00415/00017.mp4::sbi,fake,RealVideo-RealAudio,Caucasian (European),men,SBI,unknown_fake
data/raw/FakeAVCeleb_v1.2/RealVideo-RealAudio/Caucasian (European)/men/id00519/00028.mp4::sbi,fake,RealVideo-RealAudio,Caucasian (European),men,SBI,unknown_fake
data/raw/FakeAVCeleb_v1.2/RealVideo-RealAudio/Caucasian (European)/men/id00520/00187.mp4::sbi,fake,RealVideo-RealAudio,Caucasian (European),men,SBI,unknown_fake
data/raw/FakeAVCeleb_v1.2/RealVideo-RealAudio/Caucasian (European)/men/id00535/00005.mp4::sbi,fake,RealVideo-RealAudio,Caucasian (European),men,SBI,unknown_fake
data/raw/FakeAVCeleb_v1.2/RealVideo-RealAudio/Caucasian (European)/men/id00548/00015.mp4::sbi,fake,RealVideo-RealAudio,Caucasian (European),men,SBI,unknown_fake
data/raw/FakeAVCeleb_v1.2/RealVideo-RealAudio/Caucasian (European)/men/id00694/00340.mp4::sbi,fake,RealVideo-RealAudio,Caucasian (European),men,SBI,unknown_fake
data/raw/FakeAVCeleb_v1.2/RealVideo-RealAudio/Caucasian (European)/men/id00559/00078.mp4::sbi,fake,RealVideo-RealAudio,Caucasian (European),men,SBI,unknown_fake
data/raw/FakeAVCeleb_v1.2/RealVideo-RealAudio/Caucasian (European)/men/id00919/00063.mp4::sbi,fake,RealVideo-RealAudio,Caucasian (European),men,SBI,unknown_fake
data/raw/FakeAVCeleb_v1.2/RealVideo-RealAudio/Caucasian (European)/men/id00594/00005.mp4::sbi,fake,RealVideo-RealAudio,Caucasian (European),men,SBI,unknown_fake
data/raw/FakeAVCeleb_v1.2/RealVideo-RealAudio/Caucasian (European)/men/id00709/00206.mp4::sbi,fake,RealVideo-RealAudio,Caucasian (European),men,SBI,unknown_fake
data/raw/FakeAVCeleb_v1.2/RealVideo-RealAudio/Caucasian (European)/men/id00909/00037.mp4::sbi,fake,RealVideo-RealAudio,Caucasian (European),men,SBI,unknown_fake
data/raw/FakeAVCeleb_v1.2/RealVideo-RealAudio/Caucasian (European)/men/id00981/00092.mp4::sbi,fake,RealVideo-RealAudio,Caucasian (European),men,SBI,unknown_fake
data/raw/FakeAVCeleb_v1.2/RealVideo-RealAudio/Caucasian (European)/men/id00946/00126.mp4::sbi,fake,RealVideo-RealAudio,Caucasian (European),men,SBI,unknown_fake
data/raw/FakeAVCeleb_v1.2/RealVideo-RealAudio/Caucasian (European)/men/id01058/00005.mp4::sbi,fake,RealVideo-RealAudio,Caucasian (European),men,SBI,unknown_fake
data/raw/FakeAVCeleb_v1.2/RealVideo-RealAudio/Caucasian (European)/men/id01052/00076.mp4::sbi,fake,RealVideo-RealAudio,Caucasian (European),men,SBI,unknown_fake
data/raw/FakeAVCeleb_v1.2/RealVideo-RealAudio/Caucasian (European)/men/id00990/00160.mp4::sbi,fake,RealVideo-RealAudio,Caucasian (European),men,SBI,unknown_fake
data/raw/FakeAVCeleb_v1.2/RealVideo-RealAudio/Caucasian (European)/men/id01099/00206.mp4::sbi,fake,RealVideo-RealAudio,Caucasian (European),men,SBI,unknown_fake
data/raw/FakeAVCeleb_v1.2/RealVideo-RealAudio/Caucasian (European)/men/id01102/00197.mp4::sbi,fake,RealVideo-RealAudio,Caucasian (European),men,SBI,unknown_fake
data/raw/FakeAVCeleb_v1.2/RealVideo-RealAudio/Caucasian (European)/men/id01154/00118.mp4::sbi,fake,RealVideo-RealAudio,Caucasian (European),men,SBI,unknown_fake
data/raw/FakeAVCeleb_v1.2/RealVideo-RealAudio/Caucasian (European)/men/id01123/00072.mp4::sbi,fake,RealVideo-RealAudio,Caucasian (European),men,SBI,unknown_fake
data/raw/FakeAVCeleb_v1.2/RealVideo-RealAudio/Caucasian (European)/men/id01126/00040.mp4::sbi,fake,RealVideo-RealAudio,Caucasian (European),men,SBI,unknown_fake
data/raw/FakeAVCeleb_v1.2/RealVideo-RealAudio/Caucasian (European)/men/id01157/00048.mp4::sbi,fake,RealVideo-RealAudio,Caucasian (European),men,SBI,unknown_fake
data/raw/FakeAVCeleb_v1.2/RealVideo-RealAudio/Caucasian (European)/men/id01156/00078.mp4::sbi,fake,RealVideo-RealAudio,Caucasian (European),men,SBI,unknown_fake
data/raw/FakeAVCeleb_v1.2/RealVideo-RealAudio/Caucasian (European)/men/id02567/00040.mp4::sbi,fake,RealVideo-RealAudio,Caucasian (European),men,SBI,unknown_fake
data/raw/FakeAVCeleb_v1.2/RealVideo-RealAudio/Caucasian (European)/women/id00068/00004.mp4::sbi,fake,RealVideo-RealAudio,Caucasian (European),women,SBI,unknown_fake
data/raw/FakeAVCeleb_v1.2/RealVideo-RealAudio/Caucasian (European)/women/id00071/00014.mp4::sbi,fake,RealVideo-RealAudio,Caucasian (European),women,SBI,unknown_fake
data/raw/FakeAVCeleb_v1.2/RealVideo-RealAudio/Caucasian (European)/women/id00042/00028.mp4::sbi,fake,RealVideo-RealAudio,Caucasian (European),women,SBI,unknown_fake
data/raw/FakeAVCeleb_v1.2/RealVideo-RealAudio/Caucasian (European)/women/id00188/00020.mp4::sbi,fake,RealVideo-RealAudio,Caucasian (European),women,SBI,unknown_fake
data/raw/FakeAVCeleb_v1.2/RealVideo-RealAudio/Caucasian (European)/women/id00232/00025.mp4::sbi,fake,RealVideo-RealAudio,Caucasian (European),women,SBI,unknown_fake
data/raw/FakeAVCeleb_v1.2/RealVideo-RealAudio/Caucasian (European)/women/id00234/00063.mp4::sbi,fake,RealVideo-RealAudio,Caucasian (European),women,SBI,unknown_fake
data/raw/FakeAVCeleb_v1.2/RealVideo-RealAudio/Caucasian (European)/women/id00271/00028.mp4::sbi,fake,RealVideo-RealAudio,Caucasian (European),women,SBI,unknown_fake
data/raw/FakeAVCeleb_v1.2/RealVideo-RealAudio/Caucasian (European)/women/id00328/00092.mp4::sbi,fake,RealVideo-RealAudio,Caucasian (European),women,SBI,unknown_fake
data/raw/FakeAVCeleb_v1.2/RealVideo-RealAudio/Caucasian (European)/women/id00325/00015.mp4::sbi,fake,RealVideo-RealAudio,Caucasian (European),women,SBI,unknown_fake
data/raw/FakeAVCeleb_v1.2/RealVideo-RealAudio/Caucasian (European)/women/id00373/00028.mp4::sbi,fake,RealVideo-RealAudio,Caucasian (European),women,SBI,unknown_fake
data/raw/FakeAVCeleb_v1.2/RealVideo-RealAudio/Caucasian (European)/women/id00374/00311.mp4::sbi,fake,RealVideo-RealAudio,Caucasian (European),women,SBI,unknown_fake
data/raw/FakeAVCeleb_v1.2/RealVideo-RealAudio/Caucasian (European)/women/id00395/00420.mp4::sbi,fake,RealVideo-RealAudio,Caucasian (European),women,SBI,unknown_fake
data/raw/FakeAVCeleb_v1.2/RealVideo-RealAudio/Caucasian (European)/women/id00484/00202.mp4::sbi,fake,RealVideo-RealAudio,Caucasian (European),women,SBI,unknown_fake
data/raw/FakeAVCeleb_v1.2/RealVideo-RealAudio/Caucasian (European)/women/id00491/00122.mp4::sbi,fake,RealVideo-RealAudio,Caucasian (European),women,SBI,unknown_fake
data/raw/FakeAVCeleb_v1.2/RealVideo-RealAudio/Caucasian (European)/women/id00495/00027.mp4::sbi,fake,RealVideo-RealAudio,Caucasian (European),women,SBI,unknown_fake
data/raw/FakeAVCeleb_v1.2/RealVideo-RealAudio/Caucasian (European)/women/id00589/00130.mp4::sbi,fake,RealVideo-RealAudio,Caucasian (European),women,SBI,unknown_fake
data/raw/FakeAVCeleb_v1.2/RealVideo-RealAudio/Caucasian (European)/women/id00496/00015.mp4::sbi,fake,RealVideo-RealAudio,Caucasian (European),women,SBI,unknown_fake
data/raw/FakeAVCeleb_v1.2/RealVideo-RealAudio/Caucasian (European)/women/id00591/00001.mp4::sbi,fake,RealVideo-RealAudio,Caucasian (European),women,SBI,unknown_fake
data/raw/FakeAVCeleb_v1.2/RealVideo-RealAudio/Caucasian (European)/women/id00735/00037.mp4::sbi,fake,RealVideo-RealAudio,Caucasian (European),women,SBI,unknown_fake
data/raw/FakeAVCeleb_v1.2/RealVideo-RealAudio/Caucasian (European)/women/id00633/00088.mp4::sbi,fake,RealVideo-RealAudio,Caucasian (European),women,SBI,unknown_fake
data/raw/FakeAVCeleb_v1.2/RealVideo-RealAudio/Caucasian (European)/women/id00813/00169.mp4::sbi,fake,RealVideo-RealAudio,Caucasian (European),women,SBI,unknown_fake
data/raw/FakeAVCeleb_v1.2/RealVideo-RealAudio/Caucasian (European)/women/id01001/00086.mp4::sbi,fake,RealVideo-RealAudio,Caucasian (European),women,SBI,unknown_fake
data/raw/FakeAVCeleb_v1.2/RealVideo-RealAudio/Caucasian (European)/women/id00897/00005.mp4::sbi,fake,RealVideo-RealAudio,Caucasian (European),women,SBI,unknown_fake
data/raw/FakeAVCeleb_v1.2/RealVideo-RealAudio/Caucasian (European)/women/id01002/00043.mp4::sbi,fake,RealVideo-RealAudio,Caucasian (European),women,SBI,unknown_fake
data/raw/FakeAVCeleb_v1.2/RealVideo-RealAudio/Caucasian (European)/women/id03371/00430.mp4::sbi,fake,RealVideo-RealAudio,Caucasian (European),women,SBI,unknown_fake
data/raw/FakeAVCeleb_v1.2/RealVideo-RealAudio/Caucasian (European)/women/id03651/00092.mp4::sbi,fake,RealVideo-RealAudio,Caucasian (European),women,SBI,unknown_fake
data/raw/FakeAVCeleb_v1.2/RealVideo-RealAudio/Caucasian (European)/women/id03589/00002.mp4::sbi,fake,RealVideo-RealAudio,Caucasian (European),women,SBI,unknown_fake
data/raw/FakeAVCeleb_v1.2/RealVideo-RealAudio/Caucasian (European)/women/id03716/00040.mp4::sbi,fake,RealVideo-RealAudio,Caucasian (European),women,SBI,unknown_fake
data/raw/FakeAVCeleb_v1.2/RealVideo-RealAudio/Caucasian (European)/women/id03844/00028.mp4::sbi,fake,RealVideo-RealAudio,Caucasian (European),women,SBI,unknown_fake
data/raw/FakeAVCeleb_v1.2/RealVideo-RealAudio/Caucasian (European)/women/id03858/00092.mp4::sbi,fake,RealVideo-RealAudio,Caucasian (European),women,SBI,unknown_fake
data/raw/FakeAVCeleb_v1.2/RealVideo-RealAudio/Asian (South)/men/id00032/00028.mp4::sbi,fake,RealVideo-RealAudio,Asian (South),men,SBI,unknown_fake
data/raw/FakeAVCeleb_v1.2/RealVideo-RealAudio/Asian (South)/men/id00033/00276.mp4::sbi,fake,RealVideo-RealAudio,Asian (South),men,SBI,unknown_fake
data/raw/FakeAVCeleb_v1.2/RealVideo-RealAudio/Asian (South)/men/id00078/00114.mp4::sbi,fake,RealVideo-RealAudio,Asian (South),men,SBI,unknown_fake
data/raw/FakeAVCeleb_v1.2/RealVideo-RealAudio/Asian (South)/men/id00082/00052.mp4::sbi,fake,RealVideo-RealAudio,Asian (South),men,SBI,unknown_fake
data/raw/FakeAVCeleb_v1.2/RealVideo-RealAudio/Asian (South)/men/id00103/00241.mp4::sbi,fake,RealVideo-RealAudio,Asian (South),men,SBI,unknown_fake
data/raw/FakeAVCeleb_v1.2/RealVideo-RealAudio/Asian (South)/men/id00459/00382.mp4::sbi,fake,RealVideo-RealAudio,Asian (South),men,SBI,unknown_fake
data/raw/FakeAVCeleb_v1.2/RealVideo-RealAudio/Asian (South)/men/id00732/00118.mp4::sbi,fake,RealVideo-RealAudio,Asian (South),men,SBI,unknown_fake
data/raw/FakeAVCeleb_v1.2/RealVideo-RealAudio/Asian (South)/men/id00685/00146.mp4::sbi,fake,RealVideo-RealAudio,Asian (South),men,SBI,unknown_fake
data/raw/FakeAVCeleb_v1.2/RealVideo-RealAudio/Asian (South)/men/id00745/00165.mp4::sbi,fake,RealVideo-RealAudio,Asian (South),men,SBI,unknown_fake
data/raw/FakeAVCeleb_v1.2/RealVideo-RealAudio/Asian (South)/men/id00414/00052.mp4::sbi,fake,RealVideo-RealAudio,Asian (South),men,SBI,unknown_fake
data/raw/FakeAVCeleb_v1.2/RealVideo-RealAudio/Asian (South)/men/id00769/00015.mp4::sbi,fake,RealVideo-RealAudio,Asian (South),men,SBI,unknown_fake
data/raw/FakeAVCeleb_v1.2/RealVideo-RealAudio/Asian (South)/men/id00773/00038.mp4::sbi,fake,RealVideo-RealAudio,Asian (South),men,SBI,unknown_fake
data/raw/FakeAVCeleb_v1.2/RealVideo-RealAudio/Asian (South)/men/id00857/00347.mp4::sbi,fake,RealVideo-RealAudio,Asian (South),men,SBI,unknown_fake
data/raw/FakeAVCeleb_v1.2/RealVideo-RealAudio/Asian (South)/men/id00816/00118.mp4::sbi,fake,RealVideo-RealAudio,Asian (South),men,SBI,unknown_fake
data/raw/FakeAVCeleb_v1.2/RealVideo-RealAudio/Asian (South)/men/id00860/00154.mp4::sbi,fake,RealVideo-RealAudio,Asian (South),men,SBI,unknown_fake
data/raw/FakeAVCeleb_v1.2/RealVideo-RealAudio/Asian (South)/men/id03180/00039.mp4::sbi,fake,RealVideo-RealAudio,Asian (South),men,SBI,unknown_fake
data/raw/FakeAVCeleb_v1.2/RealVideo-RealAudio/Asian (South)/men/id03344/00114.mp4::sbi,fake,RealVideo-RealAudio,Asian (South),men,SBI,unknown_fake
data/raw/FakeAVCeleb_v1.2/RealVideo-RealAudio/Asian (South)/men/id03599/00072.mp4::sbi,fake,RealVideo-RealAudio,Asian (South),men,SBI,unknown_fake
data/raw/FakeAVCeleb_v1.2/RealVideo-RealAudio/Asian (South)/men/id04554/00118.mp4::sbi,fake,RealVideo-RealAudio,Asian (South),men,SBI,unknown_fake
data/raw/FakeAVCeleb_v1.2/RealVideo-RealAudio/Asian (South)/men/id04526/00317.mp4::sbi,fake,RealVideo-RealAudio,Asian (South),men,SBI,unknown_fake
data/raw/FakeAVCeleb_v1.2/RealVideo-RealAudio/Asian (South)/men/id04537/00083.mp4::sbi,fake,RealVideo-RealAudio,Asian (South),men,SBI,unknown_fake
data/raw/FakeAVCeleb_v1.2/RealVideo-RealAudio/Asian (South)/men/id03945/00063.mp4::sbi,fake,RealVideo-RealAudio,Asian (South),men,SBI,unknown_fake
data/raw/FakeAVCeleb_v1.2/RealVideo-RealAudio/Asian (South)/men/id04561/00248.mp4::sbi,fake,RealVideo-RealAudio,Asian (South),men,SBI,unknown_fake
data/raw/FakeAVCeleb_v1.2/RealVideo-RealAudio/Asian (South)/men/id04928/00027.mp4::sbi,fake,RealVideo-RealAudio,Asian (South),men,SBI,unknown_fake
data/raw/FakeAVCeleb_v1.2/RealVideo-RealAudio/Asian (South)/men/id04562/00221.mp4::sbi,fake,RealVideo-RealAudio,Asian (South),men,SBI,unknown_fake
data/raw/FakeAVCeleb_v1.2/RealVideo-RealAudio/Asian (South)/men/id06354/00021.mp4::sbi,fake,RealVideo-RealAudio,Asian (South),men,SBI,unknown_fake
data/raw/FakeAVCeleb_v1.2/RealVideo-RealAudio/Asian (South)/men/id04601/00118.mp4::sbi,fake,RealVideo-RealAudio,Asian (South),men,SBI,unknown_fake
data/raw/FakeAVCeleb_v1.2/RealVideo-RealAudio/Asian (South)/men/id06334/00015.mp4::sbi,fake,RealVideo-RealAudio,Asian (South),men,SBI,unknown_fake
data/raw/FakeAVCeleb_v1.2/RealVideo-RealAudio/Asian (South)/men/id06355/00347.mp4::sbi,fake,RealVideo-RealAudio,Asian (South),men,SBI,unknown_fake
data/raw/FakeAVCeleb_v1.2/RealVideo-RealAudio/Asian (South)/men/id06753/00021.mp4::sbi,fake,RealVideo-RealAudio,Asian (South),men,SBI,unknown_fake
data/raw/FakeAVCeleb_v1.2/RealVideo-RealAudio/Asian (South)/men/id07058/00010.mp4::sbi,fake,RealVideo-RealAudio,Asian (South),men,SBI,unknown_fake
data/raw/FakeAVCeleb_v1.2/RealVideo-RealAudio/Asian (South)/men/id07161/00159.mp4::sbi,fake,RealVideo-RealAudio,Asian (South),men,SBI,unknown_fake
data/raw/FakeAVCeleb_v1.2/RealVideo-RealAudio/Asian (South)/men/id07108/00412.mp4::sbi,fake,RealVideo-RealAudio,Asian (South),men,SBI,unknown_fake
data/raw/FakeAVCeleb_v1.2/RealVideo-RealAudio/Asian (South)/men/id07163/00141.mp4::sbi,fake,RealVideo-RealAudio,Asian (South),men,SBI,unknown_fake
data/raw/FakeAVCeleb_v1.2/RealVideo-RealAudio/Asian (South)/men/id07165/00368.mp4::sbi,fake,RealVideo-RealAudio,Asian (South),men,SBI,unknown_fake
data/raw/FakeAVCeleb_v1.2/RealVideo-RealAudio/Asian (South)/men/id07194/00014.mp4::sbi,fake,RealVideo-RealAudio,Asian (South),men,SBI,unknown_fake
data/raw/FakeAVCeleb_v1.2/RealVideo-RealAudio/Asian (South)/men/id07179/00206.mp4::sbi,fake,RealVideo-RealAudio,Asian (South),men,SBI,unknown_fake
data/raw/FakeAVCeleb_v1.2/RealVideo-RealAudio/Asian (South)/men/id07195/00186.mp4::sbi,fake,RealVideo-RealAudio,Asian (South),men,SBI,unknown_fake
data/raw/FakeAVCeleb_v1.2/RealVideo-RealAudio/Asian (South)/men/id07210/00005.mp4::sbi,fake,RealVideo-RealAudio,Asian (South),men,SBI,unknown_fake
data/raw/FakeAVCeleb_v1.2/RealVideo-RealAudio/Asian (South)/men/id07463/00028.mp4::sbi,fake,RealVideo-RealAudio,Asian (South),men,SBI,unknown_fake
data/raw/FakeAVCeleb_v1.2/RealVideo-RealAudio/Asian (South)/men/id08313/00202.mp4::sbi,fake,RealVideo-RealAudio,Asian (South),men,SBI,unknown_fake
data/raw/FakeAVCeleb_v1.2/RealVideo-RealAudio/Asian (South)/men/id08314/00028.mp4::sbi,fake,RealVideo-RealAudio,Asian (South),men,SBI,unknown_fake
data/raw/FakeAVCeleb_v1.2/RealVideo-RealAudio/Asian (South)/women/id00043/00135.mp4::sbi,fake,RealVideo-RealAudio,Asian (South),women,SBI,unknown_fake
data/raw/FakeAVCeleb_v1.2/RealVideo-RealAudio/Asian (South)/women/id00080/00281.mp4::sbi,fake,RealVideo-RealAudio,Asian (South),women,SBI,unknown_fake
data/raw/FakeAVCeleb_v1.2/RealVideo-RealAudio/Asian (South)/women/id00149/00284.mp4::sbi,fake,RealVideo-RealAudio,Asian (South),women,SBI,unknown_fake
data/raw/FakeAVCeleb_v1.2/RealVideo-RealAudio/Asian (South)/women/id00235/00052.mp4::sbi,fake,RealVideo-RealAudio,Asian (South),women,SBI,unknown_fake
data/raw/FakeAVCeleb_v1.2/RealVideo-RealAudio/Asian (South)/women/id00417/00069.mp4::sbi,fake,RealVideo-RealAudio,Asian (South),women,SBI,unknown_fake
data/raw/FakeAVCeleb_v1.2/RealVideo-RealAudio/Asian (South)/women/id00488/00028.mp4::sbi,fake,RealVideo-RealAudio,Asian (South),women,SBI,unknown_fake
data/raw/FakeAVCeleb_v1.2/RealVideo-RealAudio/Asian (South)/women/id00461/00043.mp4::sbi,fake,RealVideo-RealAudio,Asian (South),women,SBI,unknown_fake
data/raw/FakeAVCeleb_v1.2/RealVideo-RealAudio/Asian (South)/women/id00739/00005.mp4::sbi,fake,RealVideo-RealAudio,Asian (South),women,SBI,unknown_fake
data/raw/FakeAVCeleb_v1.2/RealVideo-RealAudio/Asian (South)/women/id00747/00053.mp4::sbi,fake,RealVideo-RealAudio,Asian (South),women,SBI,unknown_fake
data/raw/FakeAVCeleb_v1.2/RealVideo-RealAudio/Asian (South)/women/id02089/00092.mp4::sbi,fake,RealVideo-RealAudio,Asian (South),women,SBI,unknown_fake
data/raw/FakeAVCeleb_v1.2/RealVideo-RealAudio/Asian (South)/women/id02310/00139.mp4::sbi,fake,RealVideo-RealAudio,Asian (South),women,SBI,unknown_fake
data/raw/FakeAVCeleb_v1.2/RealVideo-RealAudio/Asian (South)/women/id03559/00023.mp4::sbi,fake,RealVideo-RealAudio,Asian (South),women,SBI,unknown_fake
data/raw/FakeAVCeleb_v1.2/RealVideo-RealAudio/Asian (South)/women/id02619/00015.mp4::sbi,fake,RealVideo-RealAudio,Asian (South),women,SBI,unknown_fake
data/raw/FakeAVCeleb_v1.2/RealVideo-RealAudio/Asian (South)/women/id03815/00118.mp4::sbi,fake,RealVideo-RealAudio,Asian (South),women,SBI,unknown_fake
data/raw/FakeAVCeleb_v1.2/RealVideo-RealAudio/Asian (South)/women/id03897/00021.mp4::sbi,fake,RealVideo-RealAudio,Asian (South),women,SBI,unknown_fake
data/raw/FakeAVCeleb_v1.2/RealVideo-RealAudio/Asian (South)/women/id03985/00005.mp4::sbi,fake,RealVideo-RealAudio,Asian (South),women,SBI,unknown_fake
data/raw/FakeAVCeleb_v1.2/RealVideo-RealAudio/Asian (South)/women/id04530/00231.mp4::sbi,fake,RealVideo-RealAudio,Asian (South),women,SBI,unknown_fake
data/raw/FakeAVCeleb_v1.2/RealVideo-RealAudio/Asian (South)/women/id04564/00417.mp4::sbi,fake,RealVideo-RealAudio,Asian (South),women,SBI,unknown_fake
data/raw/FakeAVCeleb_v1.2/RealVideo-RealAudio/Asian (South)/women/id04582/00180.mp4::sbi,fake,RealVideo-RealAudio,Asian (South),women,SBI,unknown_fake
data/raw/FakeAVCeleb_v1.2/RealVideo-RealAudio/Asian (South)/women/id04583/00077.mp4::sbi,fake,RealVideo-RealAudio,Asian (South),women,SBI,unknown_fake
data/raw/FakeAVCeleb_v1.2/RealVideo-RealAudio/Asian (South)/women/id05435/00107.mp4::sbi,fake,RealVideo-RealAudio,Asian (South),women,SBI,unknown_fake
data/raw/FakeAVCeleb_v1.2/RealVideo-RealAudio/Asian (South)/women/id04927/00013.mp4::sbi,fake,RealVideo-RealAudio,Asian (South),women,SBI,unknown_fake
data/raw/FakeAVCeleb_v1.2/RealVideo-RealAudio/Asian (South)/women/id05478/00135.mp4::sbi,fake,RealVideo-RealAudio,Asian (South),women,SBI,unknown_fake
data/raw/FakeAVCeleb_v1.2/RealVideo-RealAudio/Asian (South)/women/id05931/00013.mp4::sbi,fake,RealVideo-RealAudio,Asian (South),women,SBI,unknown_fake
data/raw/FakeAVCeleb_v1.2/RealVideo-RealAudio/Asian (South)/women/id05845/00027.mp4::sbi,fake,RealVideo-RealAudio,Asian (South),women,SBI,unknown_fake
data/raw/FakeAVCeleb_v1.2/RealVideo-RealAudio/Asian (South)/women/id06232/00025.mp4::sbi,fake,RealVideo-RealAudio,Asian (South),women,SBI,unknown_fake
data/raw/FakeAVCeleb_v1.2/RealVideo-RealAudio/Asian (South)/women/id06254/00043.mp4::sbi,fake,RealVideo-RealAudio,Asian (South),women,SBI,unknown_fake
data/raw/FakeAVCeleb_v1.2/RealVideo-RealAudio/Asian (South)/women/id06343/00023.mp4::sbi,fake,RealVideo-RealAudio,Asian (South),women,SBI,unknown_fake
data/raw/FakeAVCeleb_v1.2/RealVideo-RealAudio/Asian (South)/women/id06437/00028.mp4::sbi,fake,RealVideo-RealAudio,Asian (South),women,SBI,unknown_fake
data/raw/FakeAVCeleb_v1.2/RealVideo-RealAudio/Asian (South)/women/id06438/00110.mp4::sbi,fake,RealVideo-RealAudio,Asian (South),women,SBI,unknown_fake
data/raw/FakeAVCeleb_v1.2/RealVideo-RealAudio/Asian (South)/women/id06439/00118.mp4::sbi,fake,RealVideo-RealAudio,Asian (South),women,SBI,unknown_fake
data/raw/FakeAVCeleb_v1.2/RealVideo-RealAudio/Asian (South)/women/id06752/00221.mp4::sbi,fake,RealVideo-RealAudio,Asian (South),women,SBI,unknown_fake
data/raw/FakeAVCeleb_v1.2/RealVideo-RealAudio/Asian (South)/women/id07008/00175.mp4::sbi,fake,RealVideo-RealAudio,Asian (South),women,SBI,unknown_fake
data/raw/FakeAVCeleb_v1.2/RealVideo-RealAudio/Asian (South)/women/id07051/00083.mp4::sbi,fake,RealVideo-RealAudio,Asian (South),women,SBI,unknown_fake
data/raw/FakeAVCeleb_v1.2/RealVideo-RealAudio/Asian (South)/women/id07078/00405.mp4::sbi,fake,RealVideo-RealAudio,Asian (South),women,SBI,unknown_fake
data/raw/FakeAVCeleb_v1.2/RealVideo-RealAudio/Asian (South)/women/id07136/00052.mp4::sbi,fake,RealVideo-RealAudio,Asian (South),women,SBI,unknown_fake
data/raw/FakeAVCeleb_v1.2/RealVideo-RealAudio/Asian (South)/women/id07377/00025.mp4::sbi,fake,RealVideo-RealAudio,Asian (South),women,SBI,unknown_fake
data/raw/FakeAVCeleb_v1.2/RealVideo-RealAudio/Asian (South)/women/id07686/00254.mp4::sbi,fake,RealVideo-RealAudio,Asian (South),women,SBI,unknown_fake
data/raw/PolyGlotFake/PolyGlotFake/real/ar/ar_1.mp4::sbi,fake,,,,SBI,unknown_fake
data/raw/FakeAVCeleb_v1.2/RealVideo-RealAudio/Asian (South)/women/id07689/00028.mp4::sbi,fake,RealVideo-RealAudio,Asian (South),women,SBI,unknown_fake
data/raw/PolyGlotFake/PolyGlotFake/real/ar/ar_10.mp4::sbi,fake,,,,SBI,unknown_fake
data/raw/PolyGlotFake/PolyGlotFake/real/ar/ar_11.mp4::sbi,fake,,,,SBI,unknown_fake
data/raw/PolyGlotFake/PolyGlotFake/real/ar/ar_13.mp4::sbi,fake,,,,SBI,unknown_fake
data/raw/PolyGlotFake/PolyGlotFake/real/ar/ar_14.mp4::sbi,fake,,,,SBI,unknown_fake
data/raw/PolyGlotFake/PolyGlotFake/real/ar/ar_15.mp4::sbi,fake,,,,SBI,unknown_fake
data/raw/PolyGlotFake/PolyGlotFake/real/ar/ar_16.mp4::sbi,fake,,,,SBI,unknown_fake
data/raw/PolyGlotFake/PolyGlotFake/real/ar/ar_17.mp4::sbi,fake,,,,SBI,unknown_fake
data/raw/PolyGlotFake/PolyGlotFake/real/ar/ar_18.mp4::sbi,fake,,,,SBI,unknown_fake
data/raw/PolyGlotFake/PolyGlotFake/real/ar/ar_19.mp4::sbi,fake,,,,SBI,unknown_fake
data/raw/PolyGlotFake/PolyGlotFake/real/ar/ar_22.mp4::sbi,fake,,,,SBI,unknown_fake
data/raw/PolyGlotFake/PolyGlotFake/real/ar/ar_25.mp4::sbi,fake,,,,SBI,unknown_fake
data/raw/PolyGlotFake/PolyGlotFake/real/ar/ar_26.mp4::sbi,fake,,,,SBI,unknown_fake
data/raw/PolyGlotFake/PolyGlotFake/real/ar/ar_27.mp4::sbi,fake,,,,SBI,unknown_fake
data/raw/PolyGlotFake/PolyGlotFake/real/ar/ar_28.mp4::sbi,fake,,,,SBI,unknown_fake
data/raw/PolyGlotFake/PolyGlotFake/real/ar/ar_29.mp4::sbi,fake,,,,SBI,unknown_fake
data/raw/PolyGlotFake/PolyGlotFake/real/ar/ar_3.mp4::sbi,fake,,,,SBI,unknown_fake
data/raw/PolyGlotFake/PolyGlotFake/real/ar/ar_30.mp4::sbi,fake,,,,SBI,unknown_fake
data/raw/PolyGlotFake/PolyGlotFake/real/ar/ar_32.mp4::sbi,fake,,,,SBI,unknown_fake
data/raw/PolyGlotFake/PolyGlotFake/real/ar/ar_31.mp4::sbi,fake,,,,SBI,unknown_fake
data/raw/PolyGlotFake/PolyGlotFake/real/ar/ar_33.mp4::sbi,fake,,,,SBI,unknown_fake
data/raw/PolyGlotFake/PolyGlotFake/real/ar/ar_34.mp4::sbi,fake,,,,SBI,unknown_fake
data/raw/PolyGlotFake/PolyGlotFake/real/ar/ar_35.mp4::sbi,fake,,,,SBI,unknown_fake
data/raw/PolyGlotFake/PolyGlotFake/real/ar/ar_37.mp4::sbi,fake,,,,SBI,unknown_fake
data/raw/PolyGlotFake/PolyGlotFake/real/ar/ar_38.mp4::sbi,fake,,,,SBI,unknown_fake
data/raw/PolyGlotFake/PolyGlotFake/real/ar/ar_39.mp4::sbi,fake,,,,SBI,unknown_fake
data/raw/PolyGlotFake/PolyGlotFake/real/ar/ar_40.mp4::sbi,fake,,,,SBI,unknown_fake
data/raw/PolyGlotFake/PolyGlotFake/real/ar/ar_41.mp4::sbi,fake,,,,SBI,unknown_fake
data/raw/PolyGlotFake/PolyGlotFake/real/ar/ar_43.mp4::sbi,fake,,,,SBI,unknown_fake
data/raw/PolyGlotFake/PolyGlotFake/real/ar/ar_44.mp4::sbi,fake,,,,SBI,unknown_fake
data/raw/PolyGlotFake/PolyGlotFake/real/ar/ar_45.mp4::sbi,fake,,,,SBI,unknown_fake
data/raw/PolyGlotFake/PolyGlotFake/real/ar/ar_49.mp4::sbi,fake,,,,SBI,unknown_fake
data/raw/PolyGlotFake/PolyGlotFake/real/ar/ar_50.mp4::sbi,fake,,,,SBI,unknown_fake
data/raw/PolyGlotFake/PolyGlotFake/real/ar/ar_51.mp4::sbi,fake,,,,SBI,unknown_fake
data/raw/PolyGlotFake/PolyGlotFake/real/ar/ar_52.mp4::sbi,fake,,,,SBI,unknown_fake
data/raw/PolyGlotFake/PolyGlotFake/real/ar/ar_53.mp4::sbi,fake,,,,SBI,unknown_fake
data/raw/PolyGlotFake/PolyGlotFake/real/ar/ar_54.mp4::sbi,fake,,,,SBI,unknown_fake
data/raw/PolyGlotFake/PolyGlotFake/real/ar/ar_56.mp4::sbi,fake,,,,SBI,unknown_fake
data/raw/PolyGlotFake/PolyGlotFake/real/ar/ar_58.mp4::sbi,fake,,,,SBI,unknown_fake
data/raw/PolyGlotFake/PolyGlotFake/real/ar/ar_6.mp4::sbi,fake,,,,SBI,unknown_fake
data/raw/PolyGlotFake/PolyGlotFake/real/ar/ar_60.mp4::sbi,fake,,,,SBI,unknown_fake
data/raw/PolyGlotFake/PolyGlotFake/real/ar/ar_62.mp4::sbi,fake,,,,SBI,unknown_fake
data/raw/PolyGlotFake/PolyGlotFake/real/ar/ar_63.mp4::sbi,fake,,,,SBI,unknown_fake
data/raw/PolyGlotFake/PolyGlotFake/real/ar/ar_66.mp4::sbi,fake,,,,SBI,unknown_fake
data/raw/PolyGlotFake/PolyGlotFake/real/ar/ar_67.mp4::sbi,fake,,,,SBI,unknown_fake
data/raw/PolyGlotFake/PolyGlotFake/real/ar/ar_68.mp4::sbi,fake,,,,SBI,unknown_fake
data/raw/PolyGlotFake/PolyGlotFake/real/ar/ar_69.mp4::sbi,fake,,,,SBI,unknown_fake
data/raw/PolyGlotFake/PolyGlotFake/real/ar/ar_70.mp4::sbi,fake,,,,SBI,unknown_fake
data/raw/PolyGlotFake/PolyGlotFake/real/ar/ar_7.mp4::sbi,fake,,,,SBI,unknown_fake
data/raw/PolyGlotFake/PolyGlotFake/real/ar/ar_71.mp4::sbi,fake,,,,SBI,unknown_fake
data/raw/PolyGlotFake/PolyGlotFake/real/ar/ar_8.mp4::sbi,fake,,,,SBI,unknown_fake
data/raw/PolyGlotFake/PolyGlotFake/real/ar/ar_9.mp4::sbi,fake,,,,SBI,unknown_fake
data/raw/PolyGlotFake/PolyGlotFake/real/en/en_1.mp4::sbi,fake,,,,SBI,unknown_fake
data/raw/PolyGlotFake/PolyGlotFake/real/en/en_10.mp4::sbi,fake,,,,SBI,unknown_fake
data/raw/PolyGlotFake/PolyGlotFake/real/en/en_100.mp4::sbi,fake,,,,SBI,unknown_fake
data/raw/PolyGlotFake/PolyGlotFake/real/en/en_102.mp4::sbi,fake,,,,SBI,unknown_fake
data/raw/PolyGlotFake/PolyGlotFake/real/en/en_105.mp4::sbi,fake,,,,SBI,unknown_fake
data/raw/PolyGlotFake/PolyGlotFake/real/en/en_106.mp4::sbi,fake,,,,SBI,unknown_fake
data/raw/PolyGlotFake/PolyGlotFake/real/en/en_107.mp4::sbi,fake,,,,SBI,unknown_fake
data/raw/PolyGlotFake/PolyGlotFake/real/en/en_11.mp4::sbi,fake,,,,SBI,unknown_fake
data/raw/PolyGlotFake/PolyGlotFake/real/en/en_110.mp4::sbi,fake,,,,SBI,unknown_fake
data/raw/PolyGlotFake/PolyGlotFake/real/en/en_112.mp4::sbi,fake,,,,SBI,unknown_fake
data/raw/PolyGlotFake/PolyGlotFake/real/en/en_113.mp4::sbi,fake,,,,SBI,unknown_fake
data/raw/PolyGlotFake/PolyGlotFake/real/en/en_115.mp4::sbi,fake,,,,SBI,unknown_fake
data/raw/PolyGlotFake/PolyGlotFake/real/en/en_116.mp4::sbi,fake,,,,SBI,unknown_fake
data/raw/PolyGlotFake/PolyGlotFake/real/en/en_117.mp4::sbi,fake,,,,SBI,unknown_fake
data/raw/PolyGlotFake/PolyGlotFake/real/en/en_119.mp4::sbi,fake,,,,SBI,unknown_fake
data/raw/PolyGlotFake/PolyGlotFake/real/en/en_122.mp4::sbi,fake,,,,SBI,unknown_fake
data/raw/PolyGlotFake/PolyGlotFake/real/en/en_123.mp4::sbi,fake,,,,SBI,unknown_fake
data/raw/PolyGlotFake/PolyGlotFake/real/en/en_124.mp4::sbi,fake,,,,SBI,unknown_fake
data/raw/PolyGlotFake/PolyGlotFake/real/en/en_125.mp4::sbi,fake,,,,SBI,unknown_fake
data/raw/PolyGlotFake/PolyGlotFake/real/en/en_126.mp4::sbi,fake,,,,SBI,unknown_fake
data/raw/PolyGlotFake/PolyGlotFake/real/en/en_127.mp4::sbi,fake,,,,SBI,unknown_fake
data/raw/PolyGlotFake/PolyGlotFake/real/en/en_128.mp4::sbi,fake,,,,SBI,unknown_fake
data/raw/PolyGlotFake/PolyGlotFake/real/en/en_13.mp4::sbi,fake,,,,SBI,unknown_fake
data/raw/PolyGlotFake/PolyGlotFake/real/en/en_17.mp4::sbi,fake,,,,SBI,unknown_fake
data/raw/PolyGlotFake/PolyGlotFake/real/en/en_19.mp4::sbi,fake,,,,SBI,unknown_fake
data/raw/PolyGlotFake/PolyGlotFake/real/en/en_18.mp4::sbi,fake,,,,SBI,unknown_fake
data/raw/PolyGlotFake/PolyGlotFake/real/en/en_21.mp4::sbi,fake,,,,SBI,unknown_fake
data/raw/PolyGlotFake/PolyGlotFake/real/en/en_20.mp4::sbi,fake,,,,SBI,unknown_fake
data/raw/PolyGlotFake/PolyGlotFake/real/en/en_23.mp4::sbi,fake,,,,SBI,unknown_fake
data/raw/PolyGlotFake/PolyGlotFake/real/en/en_24.mp4::sbi,fake,,,,SBI,unknown_fake
data/raw/PolyGlotFake/PolyGlotFake/real/en/en_26.mp4::sbi,fake,,,,SBI,unknown_fake
data/raw/PolyGlotFake/PolyGlotFake/real/en/en_25.mp4::sbi,fake,,,,SBI,unknown_fake
data/raw/PolyGlotFake/PolyGlotFake/real/en/en_28.mp4::sbi,fake,,,,SBI,unknown_fake
data/raw/PolyGlotFake/PolyGlotFake/real/en/en_27.mp4::sbi,fake,,,,SBI,unknown_fake
data/raw/PolyGlotFake/PolyGlotFake/real/en/en_29.mp4::sbi,fake,,,,SBI,unknown_fake
data/raw/PolyGlotFake/PolyGlotFake/real/en/en_3.mp4::sbi,fake,,,,SBI,unknown_fake
data/raw/PolyGlotFake/PolyGlotFake/real/en/en_30.mp4::sbi,fake,,,,SBI,unknown_fake
data/raw/PolyGlotFake/PolyGlotFake/real/en/en_31.mp4::sbi,fake,,,,SBI,unknown_fake
data/raw/PolyGlotFake/PolyGlotFake/real/en/en_32.mp4::sbi,fake,,,,SBI,unknown_fake
data/raw/PolyGlotFake/PolyGlotFake/real/en/en_33.mp4::sbi,fake,,,,SBI,unknown_fake
data/raw/PolyGlotFake/PolyGlotFake/real/en/en_34.mp4::sbi,fake,,,,SBI,unknown_fake
data/raw/PolyGlotFake/PolyGlotFake/real/en/en_35.mp4::sbi,fake,,,,SBI,unknown_fake
data/raw/PolyGlotFake/PolyGlotFake/real/en/en_36.mp4::sbi,fake,,,,SBI,unknown_fake
data/raw/PolyGlotFake/PolyGlotFake/real/en/en_37.mp4::sbi,fake,,,,SBI,unknown_fake
data/raw/PolyGlotFake/PolyGlotFake/real/en/en_39.mp4::sbi,fake,,,,SBI,unknown_fake
data/raw/PolyGlotFake/PolyGlotFake/real/en/en_4.mp4::sbi,fake,,,,SBI,unknown_fake
data/raw/PolyGlotFake/PolyGlotFake/real/en/en_40.mp4::sbi,fake,,,,SBI,unknown_fake
data/raw/PolyGlotFake/PolyGlotFake/real/en/en_41.mp4::sbi,fake,,,,SBI,unknown_fake
data/raw/PolyGlotFake/PolyGlotFake/real/en/en_42.mp4::sbi,fake,,,,SBI,unknown_fake
data/raw/PolyGlotFake/PolyGlotFake/real/en/en_43.mp4::sbi,fake,,,,SBI,unknown_fake
data/raw/PolyGlotFake/PolyGlotFake/real/en/en_44.mp4::sbi,fake,,,,SBI,unknown_fake
data/raw/PolyGlotFake/PolyGlotFake/real/en/en_46.mp4::sbi,fake,,,,SBI,unknown_fake
data/raw/PolyGlotFake/PolyGlotFake/real/en/en_47.mp4::sbi,fake,,,,SBI,unknown_fake
data/raw/PolyGlotFake/PolyGlotFake/real/en/en_49.mp4::sbi,fake,,,,SBI,unknown_fake
data/raw/PolyGlotFake/PolyGlotFake/real/en/en_5.mp4::sbi,fake,,,,SBI,unknown_fake
data/raw/PolyGlotFake/PolyGlotFake/real/en/en_50.mp4::sbi,fake,,,,SBI,unknown_fake
data/raw/PolyGlotFake/PolyGlotFake/real/en/en_52.mp4::sbi,fake,,,,SBI,unknown_fake
data/raw/PolyGlotFake/PolyGlotFake/real/en/en_51.mp4::sbi,fake,,,,SBI,unknown_fake
data/raw/PolyGlotFake/PolyGlotFake/real/en/en_53.mp4::sbi,fake,,,,SBI,unknown_fake
data/raw/PolyGlotFake/PolyGlotFake/real/en/en_54.mp4::sbi,fake,,,,SBI,unknown_fake
data/raw/PolyGlotFake/PolyGlotFake/real/en/en_57.mp4::sbi,fake,,,,SBI,unknown_fake
data/raw/PolyGlotFake/PolyGlotFake/real/en/en_56.mp4::sbi,fake,,,,SBI,unknown_fake
data/raw/PolyGlotFake/PolyGlotFake/real/en/en_58.mp4::sbi,fake,,,,SBI,unknown_fake
data/raw/PolyGlotFake/PolyGlotFake/real/en/en_59.mp4::sbi,fake,,,,SBI,unknown_fake
data/raw/PolyGlotFake/PolyGlotFake/real/en/en_6.mp4::sbi,fake,,,,SBI,unknown_fake
data/raw/PolyGlotFake/PolyGlotFake/real/en/en_61.mp4::sbi,fake,,,,SBI,unknown_fake
data/raw/PolyGlotFake/PolyGlotFake/real/en/en_60.mp4::sbi,fake,,,,SBI,unknown_fake
data/raw/PolyGlotFake/PolyGlotFake/real/en/en_62.mp4::sbi,fake,,,,SBI,unknown_fake
data/raw/PolyGlotFake/PolyGlotFake/real/en/en_63.mp4::sbi,fake,,,,SBI,unknown_fake
data/raw/PolyGlotFake/PolyGlotFake/real/en/en_67.mp4::sbi,fake,,,,SBI,unknown_fake
data/raw/PolyGlotFake/PolyGlotFake/real/en/en_66.mp4::sbi,fake,,,,SBI,unknown_fake
data/raw/PolyGlotFake/PolyGlotFake/real/en/en_64.mp4::sbi,fake,,,,SBI,unknown_fake
data/raw/PolyGlotFake/PolyGlotFake/real/en/en_68.mp4::sbi,fake,,,,SBI,unknown_fake
data/raw/PolyGlotFake/PolyGlotFake/real/en/en_69.mp4::sbi,fake,,,,SBI,unknown_fake
data/raw/PolyGlotFake/PolyGlotFake/real/en/en_7.mp4::sbi,fake,,,,SBI,unknown_fake
data/raw/PolyGlotFake/PolyGlotFake/real/en/en_70.mp4::sbi,fake,,,,SBI,unknown_fake
data/raw/PolyGlotFake/PolyGlotFake/real/en/en_71.mp4::sbi,fake,,,,SBI,unknown_fake
data/raw/PolyGlotFake/PolyGlotFake/real/en/en_72.mp4::sbi,fake,,,,SBI,unknown_fake
data/raw/PolyGlotFake/PolyGlotFake/real/en/en_73.mp4::sbi,fake,,,,SBI,unknown_fake
data/raw/PolyGlotFake/PolyGlotFake/real/en/en_74.mp4::sbi,fake,,,,SBI,unknown_fake
data/raw/PolyGlotFake/PolyGlotFake/real/en/en_75.mp4::sbi,fake,,,,SBI,unknown_fake
data/raw/PolyGlotFake/PolyGlotFake/real/en/en_79.mp4::sbi,fake,,,,SBI,unknown_fake
data/raw/PolyGlotFake/PolyGlotFake/real/en/en_77.mp4::sbi,fake,,,,SBI,unknown_fake
data/raw/PolyGlotFake/PolyGlotFake/real/en/en_78.mp4::sbi,fake,,,,SBI,unknown_fake
data/raw/PolyGlotFake/PolyGlotFake/real/en/en_80.mp4::sbi,fake,,,,SBI,unknown_fake
data/raw/PolyGlotFake/PolyGlotFake/real/en/en_82.mp4::sbi,fake,,,,SBI,unknown_fake
data/raw/PolyGlotFake/PolyGlotFake/real/en/en_83.mp4::sbi,fake,,,,SBI,unknown_fake
data/raw/PolyGlotFake/PolyGlotFake/real/en/en_86.mp4::sbi,fake,,,,SBI,unknown_fake
data/raw/PolyGlotFake/PolyGlotFake/real/en/en_84.mp4::sbi,fake,,,,SBI,unknown_fake
data/raw/PolyGlotFake/PolyGlotFake/real/en/en_87.mp4::sbi,fake,,,,SBI,unknown_fake
data/raw/PolyGlotFake/PolyGlotFake/real/en/en_88.mp4::sbi,fake,,,,SBI,unknown_fake
data/raw/PolyGlotFake/PolyGlotFake/real/en/en_89.mp4::sbi,fake,,,,SBI,unknown_fake
data/raw/PolyGlotFake/PolyGlotFake/real/en/en_9.mp4::sbi,fake,,,,SBI,unknown_fake
data/raw/PolyGlotFake/PolyGlotFake/real/en/en_91.mp4::sbi,fake,,,,SBI,unknown_fake
data/raw/PolyGlotFake/PolyGlotFake/real/en/en_94.mp4::sbi,fake,,,,SBI,unknown_fake
data/raw/PolyGlotFake/PolyGlotFake/real/en/en_93.mp4::sbi,fake,,,,SBI,unknown_fake
data/raw/PolyGlotFake/PolyGlotFake/real/en/en_92.mp4::sbi,fake,,,,SBI,unknown_fake
data/raw/PolyGlotFake/PolyGlotFake/real/en/en_95.mp4::sbi,fake,,,,SBI,unknown_fake
data/raw/PolyGlotFake/PolyGlotFake/real/en/en_96.mp4::sbi,fake,,,,SBI,unknown_fake
data/raw/PolyGlotFake/PolyGlotFake/real/en/en_97.mp4::sbi,fake,,,,SBI,unknown_fake
data/raw/PolyGlotFake/PolyGlotFake/real/es/es_100.mp4::sbi,fake,,,,SBI,unknown_fake
data/raw/PolyGlotFake/PolyGlotFake/real/es/es_10.mp4::sbi,fake,,,,SBI,unknown_fake
data/raw/PolyGlotFake/PolyGlotFake/real/es/es_1.mp4::sbi,fake,,,,SBI,unknown_fake
data/raw/PolyGlotFake/PolyGlotFake/real/es/es_101.mp4::sbi,fake,,,,SBI,unknown_fake
data/raw/PolyGlotFake/PolyGlotFake/real/es/es_102.mp4::sbi,fake,,,,SBI,unknown_fake
data/raw/PolyGlotFake/PolyGlotFake/real/es/es_103.mp4::sbi,fake,,,,SBI,unknown_fake
data/raw/PolyGlotFake/PolyGlotFake/real/es/es_104.mp4::sbi,fake,,,,SBI,unknown_fake
data/raw/PolyGlotFake/PolyGlotFake/real/es/es_105.mp4::sbi,fake,,,,SBI,unknown_fake
data/raw/PolyGlotFake/PolyGlotFake/real/es/es_107.mp4::sbi,fake,,,,SBI,unknown_fake
data/raw/PolyGlotFake/PolyGlotFake/real/es/es_108.mp4::sbi,fake,,,,SBI,unknown_fake
data/raw/PolyGlotFake/PolyGlotFake/real/es/es_109.mp4::sbi,fake,,,,SBI,unknown_fake
data/raw/PolyGlotFake/PolyGlotFake/real/es/es_110.mp4::sbi,fake,,,,SBI,unknown_fake
data/raw/PolyGlotFake/PolyGlotFake/real/es/es_11.mp4::sbi,fake,,,,SBI,unknown_fake
data/raw/PolyGlotFake/PolyGlotFake/real/es/es_113.mp4::sbi,fake,,,,SBI,unknown_fake
data/raw/PolyGlotFake/PolyGlotFake/real/es/es_114.mp4::sbi,fake,,,,SBI,unknown_fake
data/raw/PolyGlotFake/PolyGlotFake/real/es/es_111.mp4::sbi,fake,,,,SBI,unknown_fake
data/raw/PolyGlotFake/PolyGlotFake/real/es/es_116.mp4::sbi,fake,,,,SBI,unknown_fake
data/raw/PolyGlotFake/PolyGlotFake/real/es/es_119.mp4::sbi,fake,,,,SBI,unknown_fake
data/raw/PolyGlotFake/PolyGlotFake/real/es/es_117.mp4::sbi,fake,,,,SBI,unknown_fake
data/raw/PolyGlotFake/PolyGlotFake/real/es/es_120.mp4::sbi,fake,,,,SBI,unknown_fake
data/raw/PolyGlotFake/PolyGlotFake/real/es/es_12.mp4::sbi,fake,,,,SBI,unknown_fake
data/raw/PolyGlotFake/PolyGlotFake/real/es/es_121.mp4::sbi,fake,,,,SBI,unknown_fake
data/raw/PolyGlotFake/PolyGlotFake/real/es/es_13.mp4::sbi,fake,,,,SBI,unknown_fake
data/raw/PolyGlotFake/PolyGlotFake/real/es/es_122.mp4::sbi,fake,,,,SBI,unknown_fake
data/raw/PolyGlotFake/PolyGlotFake/real/es/es_15.mp4::sbi,fake,,,,SBI,unknown_fake
data/raw/PolyGlotFake/PolyGlotFake/real/es/es_16.mp4::sbi,fake,,,,SBI,unknown_fake
data/raw/PolyGlotFake/PolyGlotFake/real/es/es_17.mp4::sbi,fake,,,,SBI,unknown_fake
data/raw/PolyGlotFake/PolyGlotFake/real/es/es_18.mp4::sbi,fake,,,,SBI,unknown_fake
data/raw/PolyGlotFake/PolyGlotFake/real/es/es_2.mp4::sbi,fake,,,,SBI,unknown_fake
data/raw/PolyGlotFake/PolyGlotFake/real/es/es_20.mp4::sbi,fake,,,,SBI,unknown_fake
data/raw/PolyGlotFake/PolyGlotFake/real/es/es_21.mp4::sbi,fake,,,,SBI,unknown_fake
data/raw/PolyGlotFake/PolyGlotFake/real/es/es_24.mp4::sbi,fake,,,,SBI,unknown_fake
data/raw/PolyGlotFake/PolyGlotFake/real/es/es_23.mp4::sbi,fake,,,,SBI,unknown_fake
data/raw/PolyGlotFake/PolyGlotFake/real/es/es_25.mp4::sbi,fake,,,,SBI,unknown_fake
data/raw/PolyGlotFake/PolyGlotFake/real/es/es_27.mp4::sbi,fake,,,,SBI,unknown_fake
data/raw/PolyGlotFake/PolyGlotFake/real/es/es_28.mp4::sbi,fake,,,,SBI,unknown_fake
data/raw/PolyGlotFake/PolyGlotFake/real/es/es_29.mp4::sbi,fake,,,,SBI,unknown_fake
data/raw/PolyGlotFake/PolyGlotFake/real/es/es_3.mp4::sbi,fake,,,,SBI,unknown_fake
data/raw/PolyGlotFake/PolyGlotFake/real/es/es_30.mp4::sbi,fake,,,,SBI,unknown_fake
data/raw/PolyGlotFake/PolyGlotFake/real/es/es_31.mp4::sbi,fake,,,,SBI,unknown_fake
data/raw/PolyGlotFake/PolyGlotFake/real/es/es_32.mp4::sbi,fake,,,,SBI,unknown_fake
data/raw/PolyGlotFake/PolyGlotFake/real/es/es_33.mp4::sbi,fake,,,,SBI,unknown_fake
data/raw/PolyGlotFake/PolyGlotFake/real/es/es_34.mp4::sbi,fake,,,,SBI,unknown_fake
data/raw/PolyGlotFake/PolyGlotFake/real/es/es_37.mp4::sbi,fake,,,,SBI,unknown_fake
data/raw/PolyGlotFake/PolyGlotFake/real/es/es_36.mp4::sbi,fake,,,,SBI,unknown_fake
data/raw/PolyGlotFake/PolyGlotFake/real/es/es_39.mp4::sbi,fake,,,,SBI,unknown_fake
data/raw/PolyGlotFake/PolyGlotFake/real/es/es_4.mp4::sbi,fake,,,,SBI,unknown_fake
data/raw/PolyGlotFake/PolyGlotFake/real/es/es_40.mp4::sbi,fake,,,,SBI,unknown_fake
data/raw/PolyGlotFake/PolyGlotFake/real/es/es_42.mp4::sbi,fake,,,,SBI,unknown_fake
data/raw/PolyGlotFake/PolyGlotFake/real/es/es_45.mp4::sbi,fake,,,,SBI,unknown_fake
data/raw/PolyGlotFake/PolyGlotFake/real/es/es_44.mp4::sbi,fake,,,,SBI,unknown_fake
data/raw/PolyGlotFake/PolyGlotFake/real/es/es_46.mp4::sbi,fake,,,,SBI,unknown_fake
data/raw/PolyGlotFake/PolyGlotFake/real/es/es_47.mp4::sbi,fake,,,,SBI,unknown_fake
data/raw/PolyGlotFake/PolyGlotFake/real/es/es_48.mp4::sbi,fake,,,,SBI,unknown_fake
data/raw/PolyGlotFake/PolyGlotFake/real/es/es_51.mp4::sbi,fake,,,,SBI,unknown_fake
data/raw/PolyGlotFake/PolyGlotFake/real/es/es_53.mp4::sbi,fake,,,,SBI,unknown_fake
data/raw/PolyGlotFake/PolyGlotFake/real/es/es_52.mp4::sbi,fake,,,,SBI,unknown_fake
data/raw/PolyGlotFake/PolyGlotFake/real/es/es_54.mp4::sbi,fake,,,,SBI,unknown_fake
data/raw/PolyGlotFake/PolyGlotFake/real/es/es_56.mp4::sbi,fake,,,,SBI,unknown_fake
data/raw/PolyGlotFake/PolyGlotFake/real/es/es_57.mp4::sbi,fake,,,,SBI,unknown_fake
data/raw/PolyGlotFake/PolyGlotFake/real/es/es_6.mp4::sbi,fake,,,,SBI,unknown_fake
data/raw/PolyGlotFake/PolyGlotFake/real/es/es_58.mp4::sbi,fake,,,,SBI,unknown_fake
data/raw/PolyGlotFake/PolyGlotFake/real/es/es_59.mp4::sbi,fake,,,,SBI,unknown_fake
data/raw/PolyGlotFake/PolyGlotFake/real/es/es_60.mp4::sbi,fake,,,,SBI,unknown_fake
data/raw/PolyGlotFake/PolyGlotFake/real/es/es_62.mp4::sbi,fake,,,,SBI,unknown_fake
data/raw/PolyGlotFake/PolyGlotFake/real/es/es_64.mp4::sbi,fake,,,,SBI,unknown_fake
data/raw/PolyGlotFake/PolyGlotFake/real/es/es_66.mp4::sbi,fake,,,,SBI,unknown_fake
data/raw/PolyGlotFake/PolyGlotFake/real/es/es_65.mp4::sbi,fake,,,,SBI,unknown_fake
data/raw/PolyGlotFake/PolyGlotFake/real/es/es_67.mp4::sbi,fake,,,,SBI,unknown_fake
data/raw/PolyGlotFake/PolyGlotFake/real/es/es_7.mp4::sbi,fake,,,,SBI,unknown_fake
data/raw/PolyGlotFake/PolyGlotFake/real/es/es_70.mp4::sbi,fake,,,,SBI,unknown_fake
data/raw/PolyGlotFake/PolyGlotFake/real/es/es_73.mp4::sbi,fake,,,,SBI,unknown_fake
data/raw/PolyGlotFake/PolyGlotFake/real/es/es_72.mp4::sbi,fake,,,,SBI,unknown_fake
data/raw/PolyGlotFake/PolyGlotFake/real/es/es_74.mp4::sbi,fake,,,,SBI,unknown_fake
data/raw/PolyGlotFake/PolyGlotFake/real/es/es_71.mp4::sbi,fake,,,,SBI,unknown_fake
data/raw/PolyGlotFake/PolyGlotFake/real/es/es_75.mp4::sbi,fake,,,,SBI,unknown_fake
data/raw/PolyGlotFake/PolyGlotFake/real/es/es_76.mp4::sbi,fake,,,,SBI,unknown_fake
data/raw/PolyGlotFake/PolyGlotFake/real/es/es_78.mp4::sbi,fake,,,,SBI,unknown_fake
data/raw/PolyGlotFake/PolyGlotFake/real/es/es_77.mp4::sbi,fake,,,,SBI,unknown_fake
data/raw/PolyGlotFake/PolyGlotFake/real/es/es_8.mp4::sbi,fake,,,,SBI,unknown_fake
data/raw/PolyGlotFake/PolyGlotFake/real/es/es_79.mp4::sbi,fake,,,,SBI,unknown_fake
data/raw/PolyGlotFake/PolyGlotFake/real/es/es_80.mp4::sbi,fake,,,,SBI,unknown_fake
data/raw/PolyGlotFake/PolyGlotFake/real/es/es_83.mp4::sbi,fake,,,,SBI,unknown_fake
data/raw/PolyGlotFake/PolyGlotFake/real/es/es_81.mp4::sbi,fake,,,,SBI,unknown_fake
data/raw/PolyGlotFake/PolyGlotFake/real/es/es_82.mp4::sbi,fake,,,,SBI,unknown_fake
data/raw/PolyGlotFake/PolyGlotFake/real/es/es_85.mp4::sbi,fake,,,,SBI,unknown_fake
data/raw/PolyGlotFake/PolyGlotFake/real/es/es_84.mp4::sbi,fake,,,,SBI,unknown_fake
data/raw/PolyGlotFake/PolyGlotFake/real/es/es_86.mp4::sbi,fake,,,,SBI,unknown_fake
data/raw/PolyGlotFake/PolyGlotFake/real/es/es_88.mp4::sbi,fake,,,,SBI,unknown_fake
data/raw/PolyGlotFake/PolyGlotFake/real/es/es_87.mp4::sbi,fake,,,,SBI,unknown_fake
data/raw/PolyGlotFake/PolyGlotFake/real/es/es_9.mp4::sbi,fake,,,,SBI,unknown_fake
data/raw/PolyGlotFake/PolyGlotFake/real/es/es_89.mp4::sbi,fake,,,,SBI,unknown_fake
data/raw/PolyGlotFake/PolyGlotFake/real/es/es_90.mp4::sbi,fake,,,,SBI,unknown_fake
data/raw/PolyGlotFake/PolyGlotFake/real/es/es_91.mp4::sbi,fake,,,,SBI,unknown_fake
data/raw/PolyGlotFake/PolyGlotFake/real/es/es_93.mp4::sbi,fake,,,,SBI,unknown_fake
data/raw/PolyGlotFake/PolyGlotFake/real/es/es_92.mp4::sbi,fake,,,,SBI,unknown_fake
data/raw/PolyGlotFake/PolyGlotFake/real/es/es_96.mp4::sbi,fake,,,,SBI,unknown_fake
data/raw/PolyGlotFake/PolyGlotFake/real/es/es_94.mp4::sbi,fake,,,,SBI,unknown_fake
data/raw/PolyGlotFake/PolyGlotFake/real/es/es_95.mp4::sbi,fake,,,,SBI,unknown_fake
data/raw/PolyGlotFake/PolyGlotFake/real/es/es_97.mp4::sbi,fake,,,,SBI,unknown_fake
data/raw/PolyGlotFake/PolyGlotFake/real/es/es_98.mp4::sbi,fake,,,,SBI,unknown_fake
data/raw/PolyGlotFake/PolyGlotFake/real/es/es_99.mp4::sbi,fake,,,,SBI,unknown_fake
data/raw/PolyGlotFake/PolyGlotFake/real/fr/fr_102.mp4::sbi,fake,,,,SBI,unknown_fake
data/raw/PolyGlotFake/PolyGlotFake/real/fr/fr_101.mp4::sbi,fake,,,,SBI,unknown_fake
data/raw/PolyGlotFake/PolyGlotFake/real/fr/fr_103.mp4::sbi,fake,,,,SBI,unknown_fake
data/raw/PolyGlotFake/PolyGlotFake/real/fr/fr_105.mp4::sbi,fake,,,,SBI,unknown_fake
data/raw/PolyGlotFake/PolyGlotFake/real/fr/fr_106.mp4::sbi,fake,,,,SBI,unknown_fake
data/raw/PolyGlotFake/PolyGlotFake/real/fr/fr_107.mp4::sbi,fake,,,,SBI,unknown_fake
data/raw/PolyGlotFake/PolyGlotFake/real/fr/fr_108.mp4::sbi,fake,,,,SBI,unknown_fake
data/raw/PolyGlotFake/PolyGlotFake/real/fr/fr_11.mp4::sbi,fake,,,,SBI,unknown_fake
data/raw/PolyGlotFake/PolyGlotFake/real/fr/fr_109.mp4::sbi,fake,,,,SBI,unknown_fake
data/raw/PolyGlotFake/PolyGlotFake/real/fr/fr_111.mp4::sbi,fake,,,,SBI,unknown_fake
data/raw/PolyGlotFake/PolyGlotFake/real/fr/fr_112.mp4::sbi,fake,,,,SBI,unknown_fake
data/raw/PolyGlotFake/PolyGlotFake/real/fr/fr_113.mp4::sbi,fake,,,,SBI,unknown_fake
data/raw/PolyGlotFake/PolyGlotFake/real/fr/fr_115.mp4::sbi,fake,,,,SBI,unknown_fake
data/raw/PolyGlotFake/PolyGlotFake/real/fr/fr_117.mp4::sbi,fake,,,,SBI,unknown_fake
data/raw/PolyGlotFake/PolyGlotFake/real/fr/fr_116.mp4::sbi,fake,,,,SBI,unknown_fake
data/raw/PolyGlotFake/PolyGlotFake/real/fr/fr_114.mp4::sbi,fake,,,,SBI,unknown_fake
data/raw/PolyGlotFake/PolyGlotFake/real/fr/fr_12.mp4::sbi,fake,,,,SBI,unknown_fake
data/raw/PolyGlotFake/PolyGlotFake/real/fr/fr_118.mp4::sbi,fake,,,,SBI,unknown_fake
data/raw/PolyGlotFake/PolyGlotFake/real/fr/fr_13.mp4::sbi,fake,,,,SBI,unknown_fake
data/raw/PolyGlotFake/PolyGlotFake/real/fr/fr_14.mp4::sbi,fake,,,,SBI,unknown_fake
data/raw/PolyGlotFake/PolyGlotFake/real/fr/fr_16.mp4::sbi,fake,,,,SBI,unknown_fake
data/raw/PolyGlotFake/PolyGlotFake/real/fr/fr_15.mp4::sbi,fake,,,,SBI,unknown_fake
data/raw/PolyGlotFake/PolyGlotFake/real/fr/fr_17.mp4::sbi,fake,,,,SBI,unknown_fake
data/raw/PolyGlotFake/PolyGlotFake/real/fr/fr_18.mp4::sbi,fake,,,,SBI,unknown_fake
data/raw/PolyGlotFake/PolyGlotFake/real/fr/fr_2.mp4::sbi,fake,,,,SBI,unknown_fake
data/raw/PolyGlotFake/PolyGlotFake/real/fr/fr_21.mp4::sbi,fake,,,,SBI,unknown_fake
data/raw/PolyGlotFake/PolyGlotFake/real/fr/fr_20.mp4::sbi,fake,,,,SBI,unknown_fake
data/raw/PolyGlotFake/PolyGlotFake/real/fr/fr_23.mp4::sbi,fake,,,,SBI,unknown_fake
data/raw/PolyGlotFake/PolyGlotFake/real/fr/fr_24.mp4::sbi,fake,,,,SBI,unknown_fake
data/raw/PolyGlotFake/PolyGlotFake/real/fr/fr_25.mp4::sbi,fake,,,,SBI,unknown_fake
data/raw/PolyGlotFake/PolyGlotFake/real/fr/fr_26.mp4::sbi,fake,,,,SBI,unknown_fake
data/raw/PolyGlotFake/PolyGlotFake/real/fr/fr_27.mp4::sbi,fake,,,,SBI,unknown_fake
data/raw/PolyGlotFake/PolyGlotFake/real/fr/fr_28.mp4::sbi,fake,,,,SBI,unknown_fake
data/raw/PolyGlotFake/PolyGlotFake/real/fr/fr_29.mp4::sbi,fake,,,,SBI,unknown_fake
data/raw/PolyGlotFake/PolyGlotFake/real/fr/fr_30.mp4::sbi,fake,,,,SBI,unknown_fake
data/raw/PolyGlotFake/PolyGlotFake/real/fr/fr_3.mp4::sbi,fake,,,,SBI,unknown_fake
data/raw/PolyGlotFake/PolyGlotFake/real/fr/fr_31.mp4::sbi,fake,,,,SBI,unknown_fake
data/raw/PolyGlotFake/PolyGlotFake/real/fr/fr_32.mp4::sbi,fake,,,,SBI,unknown_fake
data/raw/PolyGlotFake/PolyGlotFake/real/fr/fr_35.mp4::sbi,fake,,,,SBI,unknown_fake
data/raw/PolyGlotFake/PolyGlotFake/real/fr/fr_36.mp4::sbi,fake,,,,SBI,unknown_fake
data/raw/PolyGlotFake/PolyGlotFake/real/fr/fr_37.mp4::sbi,fake,,,,SBI,unknown_fake
data/raw/PolyGlotFake/PolyGlotFake/real/fr/fr_39.mp4::sbi,fake,,,,SBI,unknown_fake
data/raw/PolyGlotFake/PolyGlotFake/real/fr/fr_38.mp4::sbi,fake,,,,SBI,unknown_fake
data/raw/PolyGlotFake/PolyGlotFake/real/fr/fr_42.mp4::sbi,fake,,,,SBI,unknown_fake
data/raw/PolyGlotFake/PolyGlotFake/real/fr/fr_4.mp4::sbi,fake,,,,SBI,unknown_fake
data/raw/PolyGlotFake/PolyGlotFake/real/fr/fr_43.mp4::sbi,fake,,,,SBI,unknown_fake
data/raw/PolyGlotFake/PolyGlotFake/real/fr/fr_44.mp4::sbi,fake,,,,SBI,unknown_fake
data/raw/PolyGlotFake/PolyGlotFake/real/fr/fr_45.mp4::sbi,fake,,,,SBI,unknown_fake
data/raw/PolyGlotFake/PolyGlotFake/real/fr/fr_46.mp4::sbi,fake,,,,SBI,unknown_fake
data/raw/PolyGlotFake/PolyGlotFake/real/fr/fr_48.mp4::sbi,fake,,,,SBI,unknown_fake
data/raw/PolyGlotFake/PolyGlotFake/real/fr/fr_47.mp4::sbi,fake,,,,SBI,unknown_fake
data/raw/PolyGlotFake/PolyGlotFake/real/fr/fr_49.mp4::sbi,fake,,,,SBI,unknown_fake
data/raw/PolyGlotFake/PolyGlotFake/real/fr/fr_5.mp4::sbi,fake,,,,SBI,unknown_fake
data/raw/PolyGlotFake/PolyGlotFake/real/fr/fr_50.mp4::sbi,fake,,,,SBI,unknown_fake
data/raw/PolyGlotFake/PolyGlotFake/real/fr/fr_52.mp4::sbi,fake,,,,SBI,unknown_fake
data/raw/PolyGlotFake/PolyGlotFake/real/fr/fr_53.mp4::sbi,fake,,,,SBI,unknown_fake
data/raw/PolyGlotFake/PolyGlotFake/real/fr/fr_56.mp4::sbi,fake,,,,SBI,unknown_fake
data/raw/PolyGlotFake/PolyGlotFake/real/fr/fr_54.mp4::sbi,fake,,,,SBI,unknown_fake
data/raw/PolyGlotFake/PolyGlotFake/real/fr/fr_55.mp4::sbi,fake,,,,SBI,unknown_fake
data/raw/PolyGlotFake/PolyGlotFake/real/fr/fr_57.mp4::sbi,fake,,,,SBI,unknown_fake
data/raw/PolyGlotFake/PolyGlotFake/real/fr/fr_58.mp4::sbi,fake,,,,SBI,unknown_fake
data/raw/PolyGlotFake/PolyGlotFake/real/fr/fr_59.mp4::sbi,fake,,,,SBI,unknown_fake
data/raw/PolyGlotFake/PolyGlotFake/real/fr/fr_6.mp4::sbi,fake,,,,SBI,unknown_fake
data/raw/PolyGlotFake/PolyGlotFake/real/fr/fr_61.mp4::sbi,fake,,,,SBI,unknown_fake
data/raw/PolyGlotFake/PolyGlotFake/real/fr/fr_62.mp4::sbi,fake,,,,SBI,unknown_fake
data/raw/PolyGlotFake/PolyGlotFake/real/fr/fr_63.mp4::sbi,fake,,,,SBI,unknown_fake
data/raw/PolyGlotFake/PolyGlotFake/real/fr/fr_65.mp4::sbi,fake,,,,SBI,unknown_fake
data/raw/PolyGlotFake/PolyGlotFake/real/fr/fr_64.mp4::sbi,fake,,,,SBI,unknown_fake
data/raw/PolyGlotFake/PolyGlotFake/real/fr/fr_66.mp4::sbi,fake,,,,SBI,unknown_fake
data/raw/PolyGlotFake/PolyGlotFake/real/fr/fr_67.mp4::sbi,fake,,,,SBI,unknown_fake
data/raw/PolyGlotFake/PolyGlotFake/real/fr/fr_68.mp4::sbi,fake,,,,SBI,unknown_fake
data/raw/PolyGlotFake/PolyGlotFake/real/fr/fr_7.mp4::sbi,fake,,,,SBI,unknown_fake
data/raw/PolyGlotFake/PolyGlotFake/real/fr/fr_70.mp4::sbi,fake,,,,SBI,unknown_fake
data/raw/PolyGlotFake/PolyGlotFake/real/fr/fr_73.mp4::sbi,fake,,,,SBI,unknown_fake
data/raw/PolyGlotFake/PolyGlotFake/real/fr/fr_75.mp4::sbi,fake,,,,SBI,unknown_fake
data/raw/PolyGlotFake/PolyGlotFake/real/fr/fr_76.mp4::sbi,fake,,,,SBI,unknown_fake
data/raw/PolyGlotFake/PolyGlotFake/real/fr/fr_77.mp4::sbi,fake,,,,SBI,unknown_fake
data/raw/PolyGlotFake/PolyGlotFake/real/fr/fr_8.mp4::sbi,fake,,,,SBI,unknown_fake
data/raw/PolyGlotFake/PolyGlotFake/real/fr/fr_78.mp4::sbi,fake,,,,SBI,unknown_fake
data/raw/PolyGlotFake/PolyGlotFake/real/fr/fr_81.mp4::sbi,fake,,,,SBI,unknown_fake
data/raw/PolyGlotFake/PolyGlotFake/real/fr/fr_82.mp4::sbi,fake,,,,SBI,unknown_fake
data/raw/PolyGlotFake/PolyGlotFake/real/fr/fr_83.mp4::sbi,fake,,,,SBI,unknown_fake
data/raw/PolyGlotFake/PolyGlotFake/real/fr/fr_85.mp4::sbi,fake,,,,SBI,unknown_fake
data/raw/PolyGlotFake/PolyGlotFake/real/fr/fr_84.mp4::sbi,fake,,,,SBI,unknown_fake
data/raw/PolyGlotFake/PolyGlotFake/real/fr/fr_86.mp4::sbi,fake,,,,SBI,unknown_fake
data/raw/PolyGlotFake/PolyGlotFake/real/fr/fr_88.mp4::sbi,fake,,,,SBI,unknown_fake
data/raw/PolyGlotFake/PolyGlotFake/real/fr/fr_87.mp4::sbi,fake,,,,SBI,unknown_fake
data/raw/PolyGlotFake/PolyGlotFake/real/fr/fr_89.mp4::sbi,fake,,,,SBI,unknown_fake
data/raw/PolyGlotFake/PolyGlotFake/real/fr/fr_9.mp4::sbi,fake,,,,SBI,unknown_fake
data/raw/PolyGlotFake/PolyGlotFake/real/fr/fr_90.mp4::sbi,fake,,,,SBI,unknown_fake
data/raw/PolyGlotFake/PolyGlotFake/real/fr/fr_91.mp4::sbi,fake,,,,SBI,unknown_fake
data/raw/PolyGlotFake/PolyGlotFake/real/fr/fr_92.mp4::sbi,fake,,,,SBI,unknown_fake
data/raw/PolyGlotFake/PolyGlotFake/real/fr/fr_94.mp4::sbi,fake,,,,SBI,unknown_fake
data/raw/PolyGlotFake/PolyGlotFake/real/fr/fr_95.mp4::sbi,fake,,,,SBI,unknown_fake
data/raw/PolyGlotFake/PolyGlotFake/real/fr/fr_96.mp4::sbi,fake,,,,SBI,unknown_fake
data/raw/PolyGlotFake/PolyGlotFake/real/fr/fr_97.mp4::sbi,fake,,,,SBI,unknown_fake
data/raw/PolyGlotFake/PolyGlotFake/real/fr/fr_99.mp4::sbi,fake,,,,SBI,unknown_fake
data/raw/PolyGlotFake/PolyGlotFake/real/fr/fr_98.mp4::sbi,fake,,,,SBI,unknown_fake
data/raw/PolyGlotFake/PolyGlotFake/real/ja/ja_11.mp4::sbi,fake,,,,SBI,unknown_fake
data/raw/PolyGlotFake/PolyGlotFake/real/ja/ja_14.mp4::sbi,fake,,,,SBI,unknown_fake
data/raw/PolyGlotFake/PolyGlotFake/real/ja/ja_16.mp4::sbi,fake,,,,SBI,unknown_fake
data/raw/PolyGlotFake/PolyGlotFake/real/ja/ja_17.mp4::sbi,fake,,,,SBI,unknown_fake
data/raw/PolyGlotFake/PolyGlotFake/real/ja/ja_18.mp4::sbi,fake,,,,SBI,unknown_fake
data/raw/PolyGlotFake/PolyGlotFake/real/ja/ja_19.mp4::sbi,fake,,,,SBI,unknown_fake
data/raw/PolyGlotFake/PolyGlotFake/real/ja/ja_2.mp4::sbi,fake,,,,SBI,unknown_fake
data/raw/PolyGlotFake/PolyGlotFake/real/ja/ja_21.mp4::sbi,fake,,,,SBI,unknown_fake
data/raw/PolyGlotFake/PolyGlotFake/real/ja/ja_22.mp4::sbi,fake,,,,SBI,unknown_fake
data/raw/PolyGlotFake/PolyGlotFake/real/ja/ja_23.mp4::sbi,fake,,,,SBI,unknown_fake
data/raw/PolyGlotFake/PolyGlotFake/real/ja/ja_25.mp4::sbi,fake,,,,SBI,unknown_fake
data/raw/PolyGlotFake/PolyGlotFake/real/ja/ja_24.mp4::sbi,fake,,,,SBI,unknown_fake
data/raw/PolyGlotFake/PolyGlotFake/real/ja/ja_26.mp4::sbi,fake,,,,SBI,unknown_fake
data/raw/PolyGlotFake/PolyGlotFake/real/ja/ja_28.mp4::sbi,fake,,,,SBI,unknown_fake
data/raw/PolyGlotFake/PolyGlotFake/real/ja/ja_29.mp4::sbi,fake,,,,SBI,unknown_fake
data/raw/PolyGlotFake/PolyGlotFake/real/ja/ja_3.mp4::sbi,fake,,,,SBI,unknown_fake
data/raw/PolyGlotFake/PolyGlotFake/real/ja/ja_33.mp4::sbi,fake,,,,SBI,unknown_fake
data/raw/PolyGlotFake/PolyGlotFake/real/ja/ja_34.mp4::sbi,fake,,,,SBI,unknown_fake
data/raw/PolyGlotFake/PolyGlotFake/real/ja/ja_32.mp4::sbi,fake,,,,SBI,unknown_fake
data/raw/PolyGlotFake/PolyGlotFake/real/ja/ja_36.mp4::sbi,fake,,,,SBI,unknown_fake
data/raw/PolyGlotFake/PolyGlotFake/real/ja/ja_38.mp4::sbi,fake,,,,SBI,unknown_fake
data/raw/PolyGlotFake/PolyGlotFake/real/ja/ja_39.mp4::sbi,fake,,,,SBI,unknown_fake
data/raw/PolyGlotFake/PolyGlotFake/real/ja/ja_4.mp4::sbi,fake,,,,SBI,unknown_fake
data/raw/PolyGlotFake/PolyGlotFake/real/ja/ja_40.mp4::sbi,fake,,,,SBI,unknown_fake
data/raw/PolyGlotFake/PolyGlotFake/real/ja/ja_41.mp4::sbi,fake,,,,SBI,unknown_fake
data/raw/PolyGlotFake/PolyGlotFake/real/ja/ja_42.mp4::sbi,fake,,,,SBI,unknown_fake
data/raw/PolyGlotFake/PolyGlotFake/real/ja/ja_43.mp4::sbi,fake,,,,SBI,unknown_fake
data/raw/PolyGlotFake/PolyGlotFake/real/ja/ja_47.mp4::sbi,fake,,,,SBI,unknown_fake
data/raw/PolyGlotFake/PolyGlotFake/real/ja/ja_49.mp4::sbi,fake,,,,SBI,unknown_fake
data/raw/PolyGlotFake/PolyGlotFake/real/ja/ja_5.mp4::sbi,fake,,,,SBI,unknown_fake
data/raw/PolyGlotFake/PolyGlotFake/real/ja/ja_48.mp4::sbi,fake,,,,SBI,unknown_fake
data/raw/PolyGlotFake/PolyGlotFake/real/ja/ja_51.mp4::sbi,fake,,,,SBI,unknown_fake
data/raw/PolyGlotFake/PolyGlotFake/real/ja/ja_50.mp4::sbi,fake,,,,SBI,unknown_fake
data/raw/PolyGlotFake/PolyGlotFake/real/ja/ja_53.mp4::sbi,fake,,,,SBI,unknown_fake
data/raw/PolyGlotFake/PolyGlotFake/real/ja/ja_54.mp4::sbi,fake,,,,SBI,unknown_fake
data/raw/PolyGlotFake/PolyGlotFake/real/ja/ja_55.mp4::sbi,fake,,,,SBI,unknown_fake
data/raw/PolyGlotFake/PolyGlotFake/real/ja/ja_57.mp4::sbi,fake,,,,SBI,unknown_fake
data/raw/PolyGlotFake/PolyGlotFake/real/ja/ja_59.mp4::sbi,fake,,,,SBI,unknown_fake
data/raw/PolyGlotFake/PolyGlotFake/real/ja/ja_58.mp4::sbi,fake,,,,SBI,unknown_fake
data/raw/PolyGlotFake/PolyGlotFake/real/ja/ja_7.mp4::sbi,fake,,,,SBI,unknown_fake
data/raw/PolyGlotFake/PolyGlotFake/real/ja/ja_6.mp4::sbi,fake,,,,SBI,unknown_fake
data/raw/PolyGlotFake/PolyGlotFake/real/ja/ja_60.mp4::sbi,fake,,,,SBI,unknown_fake
data/raw/PolyGlotFake/PolyGlotFake/real/ja/ja_8.mp4::sbi,fake,,,,SBI,unknown_fake
data/raw/PolyGlotFake/PolyGlotFake/real/ru/ru_10.mp4::sbi,fake,,,,SBI,unknown_fake
data/raw/PolyGlotFake/PolyGlotFake/real/ru/ru_101.mp4::sbi,fake,,,,SBI,unknown_fake
data/raw/PolyGlotFake/PolyGlotFake/real/ru/ru_102.mp4::sbi,fake,,,,SBI,unknown_fake
data/raw/PolyGlotFake/PolyGlotFake/real/ru/ru_104.mp4::sbi,fake,,,,SBI,unknown_fake
data/raw/PolyGlotFake/PolyGlotFake/real/ru/ru_103.mp4::sbi,fake,,,,SBI,unknown_fake
data/raw/PolyGlotFake/PolyGlotFake/real/ru/ru_105.mp4::sbi,fake,,,,SBI,unknown_fake
data/raw/PolyGlotFake/PolyGlotFake/real/ru/ru_106.mp4::sbi,fake,,,,SBI,unknown_fake
data/raw/PolyGlotFake/PolyGlotFake/real/ru/ru_108.mp4::sbi,fake,,,,SBI,unknown_fake
data/raw/PolyGlotFake/PolyGlotFake/real/ru/ru_107.mp4::sbi,fake,,,,SBI,unknown_fake
data/raw/PolyGlotFake/PolyGlotFake/real/ru/ru_11.mp4::sbi,fake,,,,SBI,unknown_fake
data/raw/PolyGlotFake/PolyGlotFake/real/ru/ru_111.mp4::sbi,fake,,,,SBI,unknown_fake
data/raw/PolyGlotFake/PolyGlotFake/real/ru/ru_112.mp4::sbi,fake,,,,SBI,unknown_fake
data/raw/PolyGlotFake/PolyGlotFake/real/ru/ru_113.mp4::sbi,fake,,,,SBI,unknown_fake
data/raw/PolyGlotFake/PolyGlotFake/real/ru/ru_115.mp4::sbi,fake,,,,SBI,unknown_fake
data/raw/PolyGlotFake/PolyGlotFake/real/ru/ru_114.mp4::sbi,fake,,,,SBI,unknown_fake
data/raw/PolyGlotFake/PolyGlotFake/real/ru/ru_116.mp4::sbi,fake,,,,SBI,unknown_fake
data/raw/PolyGlotFake/PolyGlotFake/real/ru/ru_119.mp4::sbi,fake,,,,SBI,unknown_fake
data/raw/PolyGlotFake/PolyGlotFake/real/ru/ru_117.mp4::sbi,fake,,,,SBI,unknown_fake
data/raw/PolyGlotFake/PolyGlotFake/real/ru/ru_12.mp4::sbi,fake,,,,SBI,unknown_fake
data/raw/PolyGlotFake/PolyGlotFake/real/ru/ru_120.mp4::sbi,fake,,,,SBI,unknown_fake
data/raw/PolyGlotFake/PolyGlotFake/real/ru/ru_121.mp4::sbi,fake,,,,SBI,unknown_fake
data/raw/PolyGlotFake/PolyGlotFake/real/ru/ru_122.mp4::sbi,fake,,,,SBI,unknown_fake
data/raw/PolyGlotFake/PolyGlotFake/real/ru/ru_123.mp4::sbi,fake,,,,SBI,unknown_fake
data/raw/PolyGlotFake/PolyGlotFake/real/ru/ru_124.mp4::sbi,fake,,,,SBI,unknown_fake
data/raw/PolyGlotFake/PolyGlotFake/real/ru/ru_125.mp4::sbi,fake,,,,SBI,unknown_fake
data/raw/PolyGlotFake/PolyGlotFake/real/ru/ru_126.mp4::sbi,fake,,,,SBI,unknown_fake
data/raw/PolyGlotFake/PolyGlotFake/real/ru/ru_127.mp4::sbi,fake,,,,SBI,unknown_fake
data/raw/PolyGlotFake/PolyGlotFake/real/ru/ru_13.mp4::sbi,fake,,,,SBI,unknown_fake
data/raw/PolyGlotFake/PolyGlotFake/real/ru/ru_129.mp4::sbi,fake,,,,SBI,unknown_fake
data/raw/PolyGlotFake/PolyGlotFake/real/ru/ru_128.mp4::sbi,fake,,,,SBI,unknown_fake
data/raw/PolyGlotFake/PolyGlotFake/real/ru/ru_130.mp4::sbi,fake,,,,SBI,unknown_fake
data/raw/PolyGlotFake/PolyGlotFake/real/ru/ru_132.mp4::sbi,fake,,,,SBI,unknown_fake
data/raw/PolyGlotFake/PolyGlotFake/real/ru/ru_133.mp4::sbi,fake,,,,SBI,unknown_fake
data/raw/PolyGlotFake/PolyGlotFake/real/ru/ru_135.mp4::sbi,fake,,,,SBI,unknown_fake
data/raw/PolyGlotFake/PolyGlotFake/real/ru/ru_15.mp4::sbi,fake,,,,SBI,unknown_fake
data/raw/PolyGlotFake/PolyGlotFake/real/ru/ru_14.mp4::sbi,fake,,,,SBI,unknown_fake
data/raw/PolyGlotFake/PolyGlotFake/real/ru/ru_16.mp4::sbi,fake,,,,SBI,unknown_fake
data/raw/PolyGlotFake/PolyGlotFake/real/ru/ru_17.mp4::sbi,fake,,,,SBI,unknown_fake
data/raw/PolyGlotFake/PolyGlotFake/real/ru/ru_18.mp4::sbi,fake,,,,SBI,unknown_fake
data/raw/PolyGlotFake/PolyGlotFake/real/ru/ru_19.mp4::sbi,fake,,,,SBI,unknown_fake
data/raw/PolyGlotFake/PolyGlotFake/real/ru/ru_2.mp4::sbi,fake,,,,SBI,unknown_fake
data/raw/PolyGlotFake/PolyGlotFake/real/ru/ru_20.mp4::sbi,fake,,,,SBI,unknown_fake
data/raw/PolyGlotFake/PolyGlotFake/real/ru/ru_21.mp4::sbi,fake,,,,SBI,unknown_fake
data/raw/PolyGlotFake/PolyGlotFake/real/ru/ru_22.mp4::sbi,fake,,,,SBI,unknown_fake
data/raw/PolyGlotFake/PolyGlotFake/real/ru/ru_23.mp4::sbi,fake,,,,SBI,unknown_fake
data/raw/PolyGlotFake/PolyGlotFake/real/ru/ru_25.mp4::sbi,fake,,,,SBI,unknown_fake
data/raw/PolyGlotFake/PolyGlotFake/real/ru/ru_26.mp4::sbi,fake,,,,SBI,unknown_fake
data/raw/PolyGlotFake/PolyGlotFake/real/ru/ru_27.mp4::sbi,fake,,,,SBI,unknown_fake
data/raw/PolyGlotFake/PolyGlotFake/real/ru/ru_28.mp4::sbi,fake,,,,SBI,unknown_fake
data/raw/PolyGlotFake/PolyGlotFake/real/ru/ru_3.mp4::sbi,fake,,,,SBI,unknown_fake
data/raw/PolyGlotFake/PolyGlotFake/real/ru/ru_30.mp4::sbi,fake,,,,SBI,unknown_fake
data/raw/PolyGlotFake/PolyGlotFake/real/ru/ru_31.mp4::sbi,fake,,,,SBI,unknown_fake
data/raw/PolyGlotFake/PolyGlotFake/real/ru/ru_34.mp4::sbi,fake,,,,SBI,unknown_fake
data/raw/PolyGlotFake/PolyGlotFake/real/ru/ru_35.mp4::sbi,fake,,,,SBI,unknown_fake
data/raw/PolyGlotFake/PolyGlotFake/real/ru/ru_36.mp4::sbi,fake,,,,SBI,unknown_fake
data/raw/PolyGlotFake/PolyGlotFake/real/ru/ru_37.mp4::sbi,fake,,,,SBI,unknown_fake
data/raw/PolyGlotFake/PolyGlotFake/real/ru/ru_38.mp4::sbi,fake,,,,SBI,unknown_fake
data/raw/PolyGlotFake/PolyGlotFake/real/ru/ru_4.mp4::sbi,fake,,,,SBI,unknown_fake
data/raw/PolyGlotFake/PolyGlotFake/real/ru/ru_41.mp4::sbi,fake,,,,SBI,unknown_fake
data/raw/PolyGlotFake/PolyGlotFake/real/ru/ru_40.mp4::sbi,fake,,,,SBI,unknown_fake
data/raw/PolyGlotFake/PolyGlotFake/real/ru/ru_42.mp4::sbi,fake,,,,SBI,unknown_fake
data/raw/PolyGlotFake/PolyGlotFake/real/ru/ru_43.mp4::sbi,fake,,,,SBI,unknown_fake
data/raw/PolyGlotFake/PolyGlotFake/real/ru/ru_44.mp4::sbi,fake,,,,SBI,unknown_fake
data/raw/PolyGlotFake/PolyGlotFake/real/ru/ru_45.mp4::sbi,fake,,,,SBI,unknown_fake
data/raw/PolyGlotFake/PolyGlotFake/real/ru/ru_47.mp4::sbi,fake,,,,SBI,unknown_fake
data/raw/PolyGlotFake/PolyGlotFake/real/ru/ru_46.mp4::sbi,fake,,,,SBI,unknown_fake
data/raw/PolyGlotFake/PolyGlotFake/real/ru/ru_48.mp4::sbi,fake,,,,SBI,unknown_fake
data/raw/PolyGlotFake/PolyGlotFake/real/ru/ru_50.mp4::sbi,fake,,,,SBI,unknown_fake
data/raw/PolyGlotFake/PolyGlotFake/real/ru/ru_51.mp4::sbi,fake,,,,SBI,unknown_fake
data/raw/PolyGlotFake/PolyGlotFake/real/ru/ru_52.mp4::sbi,fake,,,,SBI,unknown_fake
data/raw/PolyGlotFake/PolyGlotFake/real/ru/ru_55.mp4::sbi,fake,,,,SBI,unknown_fake
data/raw/PolyGlotFake/PolyGlotFake/real/ru/ru_56.mp4::sbi,fake,,,,SBI,unknown_fake
data/raw/PolyGlotFake/PolyGlotFake/real/ru/ru_57.mp4::sbi,fake,,,,SBI,unknown_fake
data/raw/PolyGlotFake/PolyGlotFake/real/ru/ru_58.mp4::sbi,fake,,,,SBI,unknown_fake
data/raw/PolyGlotFake/PolyGlotFake/real/ru/ru_6.mp4::sbi,fake,,,,SBI,unknown_fake
data/raw/PolyGlotFake/PolyGlotFake/real/ru/ru_61.mp4::sbi,fake,,,,SBI,unknown_fake
data/raw/PolyGlotFake/PolyGlotFake/real/ru/ru_62.mp4::sbi,fake,,,,SBI,unknown_fake
data/raw/PolyGlotFake/PolyGlotFake/real/ru/ru_63.mp4::sbi,fake,,,,SBI,unknown_fake
data/raw/PolyGlotFake/PolyGlotFake/real/ru/ru_64.mp4::sbi,fake,,,,SBI,unknown_fake
data/raw/PolyGlotFake/PolyGlotFake/real/ru/ru_68.mp4::sbi,fake,,,,SBI,unknown_fake
data/raw/PolyGlotFake/PolyGlotFake/real/ru/ru_69.mp4::sbi,fake,,,,SBI,unknown_fake
data/raw/PolyGlotFake/PolyGlotFake/real/ru/ru_7.mp4::sbi,fake,,,,SBI,unknown_fake
data/raw/PolyGlotFake/PolyGlotFake/real/ru/ru_72.mp4::sbi,fake,,,,SBI,unknown_fake
data/raw/PolyGlotFake/PolyGlotFake/real/ru/ru_74.mp4::sbi,fake,,,,SBI,unknown_fake
data/raw/PolyGlotFake/PolyGlotFake/real/ru/ru_75.mp4::sbi,fake,,,,SBI,unknown_fake
data/raw/PolyGlotFake/PolyGlotFake/real/ru/ru_76.mp4::sbi,fake,,,,SBI,unknown_fake
data/raw/PolyGlotFake/PolyGlotFake/real/ru/ru_77.mp4::sbi,fake,,,,SBI,unknown_fake
data/raw/PolyGlotFake/PolyGlotFake/real/ru/ru_78.mp4::sbi,fake,,,,SBI,unknown_fake
data/raw/PolyGlotFake/PolyGlotFake/real/ru/ru_8.mp4::sbi,fake,,,,SBI,unknown_fake
data/raw/PolyGlotFake/PolyGlotFake/real/ru/ru_81.mp4::sbi,fake,,,,SBI,unknown_fake
data/raw/PolyGlotFake/PolyGlotFake/real/ru/ru_79.mp4::sbi,fake,,,,SBI,unknown_fake
data/raw/PolyGlotFake/PolyGlotFake/real/ru/ru_82.mp4::sbi,fake,,,,SBI,unknown_fake
data/raw/PolyGlotFake/PolyGlotFake/real/ru/ru_83.mp4::sbi,fake,,,,SBI,unknown_fake
data/raw/PolyGlotFake/PolyGlotFake/real/ru/ru_85.mp4::sbi,fake,,,,SBI,unknown_fake
data/raw/PolyGlotFake/PolyGlotFake/real/ru/ru_87.mp4::sbi,fake,,,,SBI,unknown_fake
data/raw/PolyGlotFake/PolyGlotFake/real/ru/ru_88.mp4::sbi,fake,,,,SBI,unknown_fake
data/raw/PolyGlotFake/PolyGlotFake/real/ru/ru_89.mp4::sbi,fake,,,,SBI,unknown_fake
data/raw/PolyGlotFake/PolyGlotFake/real/ru/ru_90.mp4::sbi,fake,,,,SBI,unknown_fake
data/raw/PolyGlotFake/PolyGlotFake/real/ru/ru_91.mp4::sbi,fake,,,,SBI,unknown_fake
data/raw/PolyGlotFake/PolyGlotFake/real/ru/ru_92.mp4::sbi,fake,,,,SBI,unknown_fake
data/raw/PolyGlotFake/PolyGlotFake/real/ru/ru_94.mp4::sbi,fake,,,,SBI,unknown_fake
data/raw/PolyGlotFake/PolyGlotFake/real/ru/ru_96.mp4::sbi,fake,,,,SBI,unknown_fake
data/raw/PolyGlotFake/PolyGlotFake/real/ru/ru_97.mp4::sbi,fake,,,,SBI,unknown_fake
data/raw/PolyGlotFake/PolyGlotFake/real/ru/ru_98.mp4::sbi,fake,,,,SBI,unknown_fake
data/raw/PolyGlotFake/PolyGlotFake/real/zh/zh_1.mp4::sbi,fake,,,,SBI,unknown_fake
data/raw/PolyGlotFake/PolyGlotFake/real/zh/zh_10.mp4::sbi,fake,,,,SBI,unknown_fake
data/raw/PolyGlotFake/PolyGlotFake/real/zh/zh_100.mp4::sbi,fake,,,,SBI,unknown_fake
data/raw/PolyGlotFake/PolyGlotFake/real/zh/zh_103.mp4::sbi,fake,,,,SBI,unknown_fake
data/raw/PolyGlotFake/PolyGlotFake/real/zh/zh_105.mp4::sbi,fake,,,,SBI,unknown_fake
data/raw/PolyGlotFake/PolyGlotFake/real/zh/zh_106.mp4::sbi,fake,,,,SBI,unknown_fake
data/raw/PolyGlotFake/PolyGlotFake/real/zh/zh_107.mp4::sbi,fake,,,,SBI,unknown_fake
data/raw/PolyGlotFake/PolyGlotFake/real/zh/zh_108.mp4::sbi,fake,,,,SBI,unknown_fake
data/raw/PolyGlotFake/PolyGlotFake/real/zh/zh_109.mp4::sbi,fake,,,,SBI,unknown_fake
data/raw/PolyGlotFake/PolyGlotFake/real/zh/zh_11.mp4::sbi,fake,,,,SBI,unknown_fake
data/raw/PolyGlotFake/PolyGlotFake/real/zh/zh_110.mp4::sbi,fake,,,,SBI,unknown_fake
data/raw/PolyGlotFake/PolyGlotFake/real/zh/zh_111.mp4::sbi,fake,,,,SBI,unknown_fake
data/raw/PolyGlotFake/PolyGlotFake/real/zh/zh_112.mp4::sbi,fake,,,,SBI,unknown_fake
data/raw/PolyGlotFake/PolyGlotFake/real/zh/zh_113.mp4::sbi,fake,,,,SBI,unknown_fake
data/raw/PolyGlotFake/PolyGlotFake/real/zh/zh_114.mp4::sbi,fake,,,,SBI,unknown_fake
data/raw/PolyGlotFake/PolyGlotFake/real/zh/zh_117.mp4::sbi,fake,,,,SBI,unknown_fake
data/raw/PolyGlotFake/PolyGlotFake/real/zh/zh_116.mp4::sbi,fake,,,,SBI,unknown_fake
data/raw/PolyGlotFake/PolyGlotFake/real/zh/zh_118.mp4::sbi,fake,,,,SBI,unknown_fake
data/raw/PolyGlotFake/PolyGlotFake/real/zh/zh_12.mp4::sbi,fake,,,,SBI,unknown_fake
data/raw/PolyGlotFake/PolyGlotFake/real/zh/zh_121.mp4::sbi,fake,,,,SBI,unknown_fake
data/raw/PolyGlotFake/PolyGlotFake/real/zh/zh_122.mp4::sbi,fake,,,,SBI,unknown_fake
data/raw/PolyGlotFake/PolyGlotFake/real/zh/zh_124.mp4::sbi,fake,,,,SBI,unknown_fake
data/raw/PolyGlotFake/PolyGlotFake/real/zh/zh_126.mp4::sbi,fake,,,,SBI,unknown_fake
data/raw/PolyGlotFake/PolyGlotFake/real/zh/zh_127.mp4::sbi,fake,,,,SBI,unknown_fake
data/raw/PolyGlotFake/PolyGlotFake/real/zh/zh_128.mp4::sbi,fake,,,,SBI,unknown_fake
data/raw/PolyGlotFake/PolyGlotFake/real/zh/zh_129.mp4::sbi,fake,,,,SBI,unknown_fake
data/raw/PolyGlotFake/PolyGlotFake/real/zh/zh_13.mp4::sbi,fake,,,,SBI,unknown_fake
data/raw/PolyGlotFake/PolyGlotFake/real/zh/zh_15.mp4::sbi,fake,,,,SBI,unknown_fake
data/raw/PolyGlotFake/PolyGlotFake/real/zh/zh_16.mp4::sbi,fake,,,,SBI,unknown_fake
data/raw/PolyGlotFake/PolyGlotFake/real/zh/zh_17.mp4::sbi,fake,,,,SBI,unknown_fake
data/raw/PolyGlotFake/PolyGlotFake/real/zh/zh_2.mp4::sbi,fake,,,,SBI,unknown_fake
data/raw/PolyGlotFake/PolyGlotFake/real/zh/zh_20.mp4::sbi,fake,,,,SBI,unknown_fake
data/raw/PolyGlotFake/PolyGlotFake/real/zh/zh_21.mp4::sbi,fake,,,,SBI,unknown_fake
data/raw/PolyGlotFake/PolyGlotFake/real/zh/zh_22.mp4::sbi,fake,,,,SBI,unknown_fake
data/raw/PolyGlotFake/PolyGlotFake/real/zh/zh_23.mp4::sbi,fake,,,,SBI,unknown_fake
data/raw/PolyGlotFake/PolyGlotFake/real/zh/zh_26.mp4::sbi,fake,,,,SBI,unknown_fake
data/raw/PolyGlotFake/PolyGlotFake/real/zh/zh_27.mp4::sbi,fake,,,,SBI,unknown_fake
data/raw/PolyGlotFake/PolyGlotFake/real/zh/zh_28.mp4::sbi,fake,,,,SBI,unknown_fake
data/raw/PolyGlotFake/PolyGlotFake/real/zh/zh_29.mp4::sbi,fake,,,,SBI,unknown_fake
data/raw/PolyGlotFake/PolyGlotFake/real/zh/zh_30.mp4::sbi,fake,,,,SBI,unknown_fake
data/raw/PolyGlotFake/PolyGlotFake/real/zh/zh_31.mp4::sbi,fake,,,,SBI,unknown_fake
data/raw/PolyGlotFake/PolyGlotFake/real/zh/zh_32.mp4::sbi,fake,,,,SBI,unknown_fake
data/raw/PolyGlotFake/PolyGlotFake/real/zh/zh_34.mp4::sbi,fake,,,,SBI,unknown_fake
data/raw/PolyGlotFake/PolyGlotFake/real/zh/zh_35.mp4::sbi,fake,,,,SBI,unknown_fake
data/raw/PolyGlotFake/PolyGlotFake/real/zh/zh_36.mp4::sbi,fake,,,,SBI,unknown_fake
data/raw/PolyGlotFake/PolyGlotFake/real/zh/zh_37.mp4::sbi,fake,,,,SBI,unknown_fake
data/raw/PolyGlotFake/PolyGlotFake/real/zh/zh_38.mp4::sbi,fake,,,,SBI,unknown_fake
data/raw/PolyGlotFake/PolyGlotFake/real/zh/zh_39.mp4::sbi,fake,,,,SBI,unknown_fake
data/raw/PolyGlotFake/PolyGlotFake/real/zh/zh_40.mp4::sbi,fake,,,,SBI,unknown_fake
data/raw/PolyGlotFake/PolyGlotFake/real/zh/zh_41.mp4::sbi,fake,,,,SBI,unknown_fake
data/raw/PolyGlotFake/PolyGlotFake/real/zh/zh_42.mp4::sbi,fake,,,,SBI,unknown_fake
data/raw/PolyGlotFake/PolyGlotFake/real/zh/zh_43.mp4::sbi,fake,,,,SBI,unknown_fake
data/raw/PolyGlotFake/PolyGlotFake/real/zh/zh_44.mp4::sbi,fake,,,,SBI,unknown_fake
data/raw/PolyGlotFake/PolyGlotFake/real/zh/zh_45.mp4::sbi,fake,,,,SBI,unknown_fake
data/raw/PolyGlotFake/PolyGlotFake/real/zh/zh_46.mp4::sbi,fake,,,,SBI,unknown_fake
data/raw/PolyGlotFake/PolyGlotFake/real/zh/zh_47.mp4::sbi,fake,,,,SBI,unknown_fake
data/raw/PolyGlotFake/PolyGlotFake/real/zh/zh_48.mp4::sbi,fake,,,,SBI,unknown_fake
data/raw/PolyGlotFake/PolyGlotFake/real/zh/zh_5.mp4::sbi,fake,,,,SBI,unknown_fake
data/raw/PolyGlotFake/PolyGlotFake/real/zh/zh_50.mp4::sbi,fake,,,,SBI,unknown_fake
data/raw/PolyGlotFake/PolyGlotFake/real/zh/zh_51.mp4::sbi,fake,,,,SBI,unknown_fake
data/raw/PolyGlotFake/PolyGlotFake/real/zh/zh_52.mp4::sbi,fake,,,,SBI,unknown_fake
data/raw/PolyGlotFake/PolyGlotFake/real/zh/zh_53.mp4::sbi,fake,,,,SBI,unknown_fake
data/raw/PolyGlotFake/PolyGlotFake/real/zh/zh_54.mp4::sbi,fake,,,,SBI,unknown_fake
data/raw/PolyGlotFake/PolyGlotFake/real/zh/zh_55.mp4::sbi,fake,,,,SBI,unknown_fake
data/raw/PolyGlotFake/PolyGlotFake/real/zh/zh_56.mp4::sbi,fake,,,,SBI,unknown_fake
data/raw/PolyGlotFake/PolyGlotFake/real/zh/zh_58.mp4::sbi,fake,,,,SBI,unknown_fake
data/raw/PolyGlotFake/PolyGlotFake/real/zh/zh_59.mp4::sbi,fake,,,,SBI,unknown_fake
data/raw/PolyGlotFake/PolyGlotFake/real/zh/zh_6.mp4::sbi,fake,,,,SBI,unknown_fake
data/raw/PolyGlotFake/PolyGlotFake/real/zh/zh_61.mp4::sbi,fake,,,,SBI,unknown_fake
data/raw/PolyGlotFake/PolyGlotFake/real/zh/zh_64.mp4::sbi,fake,,,,SBI,unknown_fake
data/raw/PolyGlotFake/PolyGlotFake/real/zh/zh_65.mp4::sbi,fake,,,,SBI,unknown_fake
data/raw/PolyGlotFake/PolyGlotFake/real/zh/zh_66.mp4::sbi,fake,,,,SBI,unknown_fake
data/raw/PolyGlotFake/PolyGlotFake/real/zh/zh_67.mp4::sbi,fake,,,,SBI,unknown_fake
data/raw/PolyGlotFake/PolyGlotFake/real/zh/zh_68.mp4::sbi,fake,,,,SBI,unknown_fake
data/raw/PolyGlotFake/PolyGlotFake/real/zh/zh_7.mp4::sbi,fake,,,,SBI,unknown_fake
data/raw/PolyGlotFake/PolyGlotFake/real/zh/zh_71.mp4::sbi,fake,,,,SBI,unknown_fake
data/raw/PolyGlotFake/PolyGlotFake/real/zh/zh_73.mp4::sbi,fake,,,,SBI,unknown_fake
data/raw/PolyGlotFake/PolyGlotFake/real/zh/zh_74.mp4::sbi,fake,,,,SBI,unknown_fake
data/raw/PolyGlotFake/PolyGlotFake/real/zh/zh_75.mp4::sbi,fake,,,,SBI,unknown_fake
data/raw/PolyGlotFake/PolyGlotFake/real/zh/zh_76.mp4::sbi,fake,,,,SBI,unknown_fake
data/raw/PolyGlotFake/PolyGlotFake/real/zh/zh_77.mp4::sbi,fake,,,,SBI,unknown_fake
data/raw/PolyGlotFake/PolyGlotFake/real/zh/zh_78.mp4::sbi,fake,,,,SBI,unknown_fake
data/raw/PolyGlotFake/PolyGlotFake/real/zh/zh_79.mp4::sbi,fake,,,,SBI,unknown_fake
data/raw/PolyGlotFake/PolyGlotFake/real/zh/zh_8.mp4::sbi,fake,,,,SBI,unknown_fake
data/raw/PolyGlotFake/PolyGlotFake/real/zh/zh_80.mp4::sbi,fake,,,,SBI,unknown_fake
data/raw/PolyGlotFake/PolyGlotFake/real/zh/zh_82.mp4::sbi,fake,,,,SBI,unknown_fake
data/raw/PolyGlotFake/PolyGlotFake/real/zh/zh_85.mp4::sbi,fake,,,,SBI,unknown_fake
data/raw/PolyGlotFake/PolyGlotFake/real/zh/zh_87.mp4::sbi,fake,,,,SBI,unknown_fake
data/raw/PolyGlotFake/PolyGlotFake/real/zh/zh_88.mp4::sbi,fake,,,,SBI,unknown_fake
data/raw/PolyGlotFake/PolyGlotFake/real/zh/zh_9.mp4::sbi,fake,,,,SBI,unknown_fake
data/raw/PolyGlotFake/PolyGlotFake/real/zh/zh_90.mp4::sbi,fake,,,,SBI,unknown_fake
data/raw/PolyGlotFake/PolyGlotFake/real/zh/zh_91.mp4::sbi,fake,,,,SBI,unknown_fake
data/raw/PolyGlotFake/PolyGlotFake/real/zh/zh_92.mp4::sbi,fake,,,,SBI,unknown_fake
data/raw/PolyGlotFake/PolyGlotFake/real/zh/zh_93.mp4::sbi,fake,,,,SBI,unknown_fake
data/raw/PolyGlotFake/PolyGlotFake/real/zh/zh_95.mp4::sbi,fake,,,,SBI,unknown_fake
data/raw/PolyGlotFake/PolyGlotFake/real/zh/zh_98.mp4::sbi,fake,,,,SBI,unknown_fake
data/raw/PolyGlotFake/PolyGlotFake/real/zh/zh_99.mp4::sbi,fake,,,,SBI,unknown_fake
data/raw/FFPP/real/000.mp4::sbi,fake,,,,SBI,unknown_fake
data/raw/FFPP/real/0000.mp4::sbi,fake,,,,SBI,unknown_fake
data/raw/FFPP/real/00000.mp4::sbi,fake,,,,SBI,unknown_fake
data/raw/FFPP/real/00001.mp4::sbi,fake,,,,SBI,unknown_fake
data/raw/FFPP/real/00003.mp4::sbi,fake,,,,SBI,unknown_fake
data/raw/FFPP/real/00004.mp4::sbi,fake,,,,SBI,unknown_fake
data/raw/FFPP/real/00005.mp4::sbi,fake,,,,SBI,unknown_fake
data/raw/FFPP/real/00006.mp4::sbi,fake,,,,SBI,unknown_fake
data/raw/FFPP/real/00008.mp4::sbi,fake,,,,SBI,unknown_fake
data/raw/FFPP/real/00009.mp4::sbi,fake,,,,SBI,unknown_fake
data/raw/FFPP/real/00010.mp4::sbi,fake,,,,SBI,unknown_fake
data/raw/FFPP/real/00011.mp4::sbi,fake,,,,SBI,unknown_fake
data/raw/FFPP/real/00015.mp4::sbi,fake,,,,SBI,unknown_fake
data/raw/FFPP/real/00016.mp4::sbi,fake,,,,SBI,unknown_fake
data/raw/FFPP/real/00018.mp4::sbi,fake,,,,SBI,unknown_fake
data/raw/FFPP/real/0002.mp4::sbi,fake,,,,SBI,unknown_fake
data/raw/FFPP/real/00020.mp4::sbi,fake,,,,SBI,unknown_fake
data/raw/FFPP/real/00021.mp4::sbi,fake,,,,SBI,unknown_fake
data/raw/FFPP/real/00022.mp4::sbi,fake,,,,SBI,unknown_fake
data/raw/FFPP/real/00023.mp4::sbi,fake,,,,SBI,unknown_fake
data/raw/FFPP/real/00024.mp4::sbi,fake,,,,SBI,unknown_fake
data/raw/FFPP/real/00025.mp4::sbi,fake,,,,SBI,unknown_fake
data/raw/FFPP/real/00027.mp4::sbi,fake,,,,SBI,unknown_fake
data/raw/FFPP/real/00028.mp4::sbi,fake,,,,SBI,unknown_fake
data/raw/FFPP/real/00029.mp4::sbi,fake,,,,SBI,unknown_fake
data/raw/FFPP/real/0003.mp4::sbi,fake,,,,SBI,unknown_fake
data/raw/FFPP/real/00030.mp4::sbi,fake,,,,SBI,unknown_fake
data/raw/FFPP/real/00031.mp4::sbi,fake,,,,SBI,unknown_fake
data/raw/FFPP/real/00032.mp4::sbi,fake,,,,SBI,unknown_fake
data/raw/FFPP/real/00033.mp4::sbi,fake,,,,SBI,unknown_fake
data/raw/FFPP/real/00034.mp4::sbi,fake,,,,SBI,unknown_fake
data/raw/FFPP/real/00035.mp4::sbi,fake,,,,SBI,unknown_fake
data/raw/FFPP/real/00036.mp4::sbi,fake,,,,SBI,unknown_fake
data/raw/FFPP/real/00038.mp4::sbi,fake,,,,SBI,unknown_fake
data/raw/FFPP/real/00039.mp4::sbi,fake,,,,SBI,unknown_fake
data/raw/FFPP/real/0004.mp4::sbi,fake,,,,SBI,unknown_fake
data/raw/FFPP/real/00040.mp4::sbi,fake,,,,SBI,unknown_fake
data/raw/FFPP/real/00041.mp4::sbi,fake,,,,SBI,unknown_fake
data/raw/FFPP/real/00042.mp4::sbi,fake,,,,SBI,unknown_fake
data/raw/FFPP/real/00043.mp4::sbi,fake,,,,SBI,unknown_fake
data/raw/FFPP/real/00044.mp4::sbi,fake,,,,SBI,unknown_fake
data/raw/FFPP/real/00045.mp4::sbi,fake,,,,SBI,unknown_fake
data/raw/FFPP/real/00047.mp4::sbi,fake,,,,SBI,unknown_fake
data/raw/FFPP/real/00048.mp4::sbi,fake,,,,SBI,unknown_fake
data/raw/FFPP/real/00049.mp4::sbi,fake,,,,SBI,unknown_fake
data/raw/FFPP/real/0005.mp4::sbi,fake,,,,SBI,unknown_fake
data/raw/FFPP/real/00050.mp4::sbi,fake,,,,SBI,unknown_fake
data/raw/FFPP/real/00051.mp4::sbi,fake,,,,SBI,unknown_fake
data/raw/FFPP/real/00052.mp4::sbi,fake,,,,SBI,unknown_fake
data/raw/FFPP/real/00053.mp4::sbi,fake,,,,SBI,unknown_fake
data/raw/FFPP/real/00054.mp4::sbi,fake,,,,SBI,unknown_fake
data/raw/FFPP/real/00055.mp4::sbi,fake,,,,SBI,unknown_fake
data/raw/FFPP/real/00056.mp4::sbi,fake,,,,SBI,unknown_fake
data/raw/FFPP/real/00057.mp4::sbi,fake,,,,SBI,unknown_fake
data/raw/FFPP/real/00059.mp4::sbi,fake,,,,SBI,unknown_fake
data/raw/FFPP/real/0006.mp4::sbi,fake,,,,SBI,unknown_fake
data/raw/FFPP/real/00060.mp4::sbi,fake,,,,SBI,unknown_fake
data/raw/FFPP/real/00061.mp4::sbi,fake,,,,SBI,unknown_fake
data/raw/FFPP/real/00062.mp4::sbi,fake,,,,SBI,unknown_fake
data/raw/FFPP/real/00063.mp4::sbi,fake,,,,SBI,unknown_fake
data/raw/FFPP/real/00064.mp4::sbi,fake,,,,SBI,unknown_fake
data/raw/FFPP/real/00065.mp4::sbi,fake,,,,SBI,unknown_fake
data/raw/FFPP/real/00066.mp4::sbi,fake,,,,SBI,unknown_fake
data/raw/FFPP/real/00067.mp4::sbi,fake,,,,SBI,unknown_fake
data/raw/FFPP/real/00068.mp4::sbi,fake,,,,SBI,unknown_fake
data/raw/FFPP/real/00069.mp4::sbi,fake,,,,SBI,unknown_fake
data/raw/FFPP/real/0007.mp4::sbi,fake,,,,SBI,unknown_fake
data/raw/FFPP/real/00071.mp4::sbi,fake,,,,SBI,unknown_fake
data/raw/FFPP/real/00072.mp4::sbi,fake,,,,SBI,unknown_fake
data/raw/FFPP/real/00075.mp4::sbi,fake,,,,SBI,unknown_fake
data/raw/FFPP/real/00077.mp4::sbi,fake,,,,SBI,unknown_fake
data/raw/FFPP/real/00078.mp4::sbi,fake,,,,SBI,unknown_fake
data/raw/FFPP/real/0008.mp4::sbi,fake,,,,SBI,unknown_fake
data/raw/FFPP/real/00080.mp4::sbi,fake,,,,SBI,unknown_fake
data/raw/FFPP/real/00081.mp4::sbi,fake,,,,SBI,unknown_fake
data/raw/FFPP/real/00082.mp4::sbi,fake,,,,SBI,unknown_fake
data/raw/FFPP/real/00083.mp4::sbi,fake,,,,SBI,unknown_fake
data/raw/FFPP/real/00084.mp4::sbi,fake,,,,SBI,unknown_fake
data/raw/FFPP/real/00085.mp4::sbi,fake,,,,SBI,unknown_fake
data/raw/FFPP/real/00086.mp4::sbi,fake,,,,SBI,unknown_fake
data/raw/FFPP/real/00087.mp4::sbi,fake,,,,SBI,unknown_fake
data/raw/FFPP/real/00088.mp4::sbi,fake,,,,SBI,unknown_fake
data/raw/FFPP/real/00089.mp4::sbi,fake,,,,SBI,unknown_fake
data/raw/FFPP/real/0009.mp4::sbi,fake,,,,SBI,unknown_fake
data/raw/FFPP/real/00092.mp4::sbi,fake,,,,SBI,unknown_fake
data/raw/FFPP/real/00093.mp4::sbi,fake,,,,SBI,unknown_fake
data/raw/FFPP/real/00094.mp4::sbi,fake,,,,SBI,unknown_fake
data/raw/FFPP/real/00095.mp4::sbi,fake,,,,SBI,unknown_fake
data/raw/FFPP/real/00097.mp4::sbi,fake,,,,SBI,unknown_fake
data/raw/FFPP/real/00098.mp4::sbi,fake,,,,SBI,unknown_fake
data/raw/FFPP/real/00099.mp4::sbi,fake,,,,SBI,unknown_fake
data/raw/FFPP/real/001.mp4::sbi,fake,,,,SBI,unknown_fake
data/raw/FFPP/real/0010.mp4::sbi,fake,,,,SBI,unknown_fake
data/raw/FFPP/real/00100.mp4::sbi,fake,,,,SBI,unknown_fake
data/raw/FFPP/real/00102.mp4::sbi,fake,,,,SBI,unknown_fake
data/raw/FFPP/real/00103.mp4::sbi,fake,,,,SBI,unknown_fake
data/raw/FFPP/real/00104.mp4::sbi,fake,,,,SBI,unknown_fake
data/raw/FFPP/real/00105.mp4::sbi,fake,,,,SBI,unknown_fake
data/raw/FFPP/real/00106.mp4::sbi,fake,,,,SBI,unknown_fake
data/raw/FFPP/real/00107.mp4::sbi,fake,,,,SBI,unknown_fake
data/raw/FFPP/real/00109.mp4::sbi,fake,,,,SBI,unknown_fake
data/raw/FFPP/real/0011.mp4::sbi,fake,,,,SBI,unknown_fake
data/raw/FFPP/real/00110.mp4::sbi,fake,,,,SBI,unknown_fake
data/raw/FFPP/real/00111.mp4::sbi,fake,,,,SBI,unknown_fake
data/raw/FFPP/real/00112.mp4::sbi,fake,,,,SBI,unknown_fake
data/raw/FFPP/real/00114.mp4::sbi,fake,,,,SBI,unknown_fake
data/raw/FFPP/real/00116.mp4::sbi,fake,,,,SBI,unknown_fake
data/raw/FFPP/real/00117.mp4::sbi,fake,,,,SBI,unknown_fake
data/raw/FFPP/real/00118.mp4::sbi,fake,,,,SBI,unknown_fake
data/raw/FFPP/real/0012.mp4::sbi,fake,,,,SBI,unknown_fake
data/raw/FFPP/real/00120.mp4::sbi,fake,,,,SBI,unknown_fake
data/raw/FFPP/real/00121.mp4::sbi,fake,,,,SBI,unknown_fake
data/raw/FFPP/real/00122.mp4::sbi,fake,,,,SBI,unknown_fake
data/raw/FFPP/real/00123.mp4::sbi,fake,,,,SBI,unknown_fake
data/raw/FFPP/real/00125.mp4::sbi,fake,,,,SBI,unknown_fake
data/raw/FFPP/real/00127.mp4::sbi,fake,,,,SBI,unknown_fake
data/raw/FFPP/real/00128.mp4::sbi,fake,,,,SBI,unknown_fake
data/raw/FFPP/real/0013.mp4::sbi,fake,,,,SBI,unknown_fake
data/raw/FFPP/real/00130.mp4::sbi,fake,,,,SBI,unknown_fake
data/raw/FFPP/real/00131.mp4::sbi,fake,,,,SBI,unknown_fake
data/raw/FFPP/real/00133.mp4::sbi,fake,,,,SBI,unknown_fake
data/raw/FFPP/real/00132.mp4::sbi,fake,,,,SBI,unknown_fake
data/raw/FFPP/real/00134.mp4::sbi,fake,,,,SBI,unknown_fake
data/raw/FFPP/real/00135.mp4::sbi,fake,,,,SBI,unknown_fake
data/raw/FFPP/real/00136.mp4::sbi,fake,,,,SBI,unknown_fake
data/raw/FFPP/real/00137.mp4::sbi,fake,,,,SBI,unknown_fake
data/raw/FFPP/real/00139.mp4::sbi,fake,,,,SBI,unknown_fake
data/raw/FFPP/real/0014.mp4::sbi,fake,,,,SBI,unknown_fake
data/raw/FFPP/real/00140.mp4::sbi,fake,,,,SBI,unknown_fake
data/raw/FFPP/real/00141.mp4::sbi,fake,,,,SBI,unknown_fake
data/raw/FFPP/real/00142.mp4::sbi,fake,,,,SBI,unknown_fake
data/raw/FFPP/real/00143.mp4::sbi,fake,,,,SBI,unknown_fake
data/raw/FFPP/real/00144.mp4::sbi,fake,,,,SBI,unknown_fake
data/raw/FFPP/real/00145.mp4::sbi,fake,,,,SBI,unknown_fake
data/raw/FFPP/real/00147.mp4::sbi,fake,,,,SBI,unknown_fake
data/raw/FFPP/real/00148.mp4::sbi,fake,,,,SBI,unknown_fake
data/raw/FFPP/real/00149.mp4::sbi,fake,,,,SBI,unknown_fake
data/raw/FFPP/real/0015.mp4::sbi,fake,,,,SBI,unknown_fake
data/raw/FFPP/real/00150.mp4::sbi,fake,,,,SBI,unknown_fake
data/raw/FFPP/real/00151.mp4::sbi,fake,,,,SBI,unknown_fake
data/raw/FFPP/real/00152.mp4::sbi,fake,,,,SBI,unknown_fake
data/raw/FFPP/real/00154.mp4::sbi,fake,,,,SBI,unknown_fake
data/raw/FFPP/real/00153.mp4::sbi,fake,,,,SBI,unknown_fake
data/raw/FFPP/real/00155.mp4::sbi,fake,,,,SBI,unknown_fake
data/raw/FFPP/real/00156.mp4::sbi,fake,,,,SBI,unknown_fake
data/raw/FFPP/real/00157.mp4::sbi,fake,,,,SBI,unknown_fake
data/raw/FFPP/real/00158.mp4::sbi,fake,,,,SBI,unknown_fake
data/raw/FFPP/real/0016.mp4::sbi,fake,,,,SBI,unknown_fake
data/raw/FFPP/real/00159.mp4::sbi,fake,,,,SBI,unknown_fake
data/raw/FFPP/real/00160.mp4::sbi,fake,,,,SBI,unknown_fake
data/raw/FFPP/real/00161.mp4::sbi,fake,,,,SBI,unknown_fake
data/raw/FFPP/real/00162.mp4::sbi,fake,,,,SBI,unknown_fake
data/raw/FFPP/real/00163.mp4::sbi,fake,,,,SBI,unknown_fake
data/raw/FFPP/real/00164.mp4::sbi,fake,,,,SBI,unknown_fake
data/raw/FFPP/real/00165.mp4::sbi,fake,,,,SBI,unknown_fake
data/raw/FFPP/real/00166.mp4::sbi,fake,,,,SBI,unknown_fake
data/raw/FFPP/real/00167.mp4::sbi,fake,,,,SBI,unknown_fake
data/raw/FFPP/real/00168.mp4::sbi,fake,,,,SBI,unknown_fake
data/raw/FFPP/real/00169.mp4::sbi,fake,,,,SBI,unknown_fake
data/raw/FFPP/real/00170.mp4::sbi,fake,,,,SBI,unknown_fake
data/raw/FFPP/real/00171.mp4::sbi,fake,,,,SBI,unknown_fake
data/raw/FFPP/real/00172.mp4::sbi,fake,,,,SBI,unknown_fake
data/raw/FFPP/real/00176.mp4::sbi,fake,,,,SBI,unknown_fake
data/raw/FFPP/real/00177.mp4::sbi,fake,,,,SBI,unknown_fake
data/raw/FFPP/real/00178.mp4::sbi,fake,,,,SBI,unknown_fake
data/raw/FFPP/real/00179.mp4::sbi,fake,,,,SBI,unknown_fake
data/raw/FFPP/real/0018.mp4::sbi,fake,,,,SBI,unknown_fake
data/raw/FFPP/real/00180.mp4::sbi,fake,,,,SBI,unknown_fake
data/raw/FFPP/real/00182.mp4::sbi,fake,,,,SBI,unknown_fake
data/raw/FFPP/real/00183.mp4::sbi,fake,,,,SBI,unknown_fake
data/raw/FFPP/real/00185.mp4::sbi,fake,,,,SBI,unknown_fake
data/raw/FFPP/real/00186.mp4::sbi,fake,,,,SBI,unknown_fake
data/raw/FFPP/real/00187.mp4::sbi,fake,,,,SBI,unknown_fake
data/raw/FFPP/real/00188.mp4::sbi,fake,,,,SBI,unknown_fake
data/raw/FFPP/real/0019.mp4::sbi,fake,,,,SBI,unknown_fake
data/raw/FFPP/real/00190.mp4::sbi,fake,,,,SBI,unknown_fake
data/raw/FFPP/real/00191.mp4::sbi,fake,,,,SBI,unknown_fake
data/raw/FFPP/real/00192.mp4::sbi,fake,,,,SBI,unknown_fake
data/raw/FFPP/real/00193.mp4::sbi,fake,,,,SBI,unknown_fake
data/raw/FFPP/real/00194.mp4::sbi,fake,,,,SBI,unknown_fake
data/raw/FFPP/real/00195.mp4::sbi,fake,,,,SBI,unknown_fake
data/raw/FFPP/real/00196.mp4::sbi,fake,,,,SBI,unknown_fake
data/raw/FFPP/real/00198.mp4::sbi,fake,,,,SBI,unknown_fake
data/raw/FFPP/real/00197.mp4::sbi,fake,,,,SBI,unknown_fake
data/raw/FFPP/real/00199.mp4::sbi,fake,,,,SBI,unknown_fake
data/raw/FFPP/real/002.mp4::sbi,fake,,,,SBI,unknown_fake
data/raw/FFPP/real/0020.mp4::sbi,fake,,,,SBI,unknown_fake
data/raw/FFPP/real/00200.mp4::sbi,fake,,,,SBI,unknown_fake
data/raw/FFPP/real/00203.mp4::sbi,fake,,,,SBI,unknown_fake
data/raw/FFPP/real/00201.mp4::sbi,fake,,,,SBI,unknown_fake
data/raw/FFPP/real/00204.mp4::sbi,fake,,,,SBI,unknown_fake
data/raw/FFPP/real/00206.mp4::sbi,fake,,,,SBI,unknown_fake
data/raw/FFPP/real/00207.mp4::sbi,fake,,,,SBI,unknown_fake
data/raw/FFPP/real/00209.mp4::sbi,fake,,,,SBI,unknown_fake
data/raw/FFPP/real/00211.mp4::sbi,fake,,,,SBI,unknown_fake
data/raw/FFPP/real/00210.mp4::sbi,fake,,,,SBI,unknown_fake
data/raw/FFPP/real/00212.mp4::sbi,fake,,,,SBI,unknown_fake
data/raw/FFPP/real/00213.mp4::sbi,fake,,,,SBI,unknown_fake
data/raw/FFPP/real/00214.mp4::sbi,fake,,,,SBI,unknown_fake
data/raw/FFPP/real/00215.mp4::sbi,fake,,,,SBI,unknown_fake
data/raw/FFPP/real/00217.mp4::sbi,fake,,,,SBI,unknown_fake
data/raw/FFPP/real/00218.mp4::sbi,fake,,,,SBI,unknown_fake
data/raw/FFPP/real/00219.mp4::sbi,fake,,,,SBI,unknown_fake
data/raw/FFPP/real/0022.mp4::sbi,fake,,,,SBI,unknown_fake
data/raw/FFPP/real/00220.mp4::sbi,fake,,,,SBI,unknown_fake
data/raw/FFPP/real/00223.mp4::sbi,fake,,,,SBI,unknown_fake
data/raw/FFPP/real/00224.mp4::sbi,fake,,,,SBI,unknown_fake
data/raw/FFPP/real/00225.mp4::sbi,fake,,,,SBI,unknown_fake
data/raw/FFPP/real/00228.mp4::sbi,fake,,,,SBI,unknown_fake
data/raw/FFPP/real/00229.mp4::sbi,fake,,,,SBI,unknown_fake
data/raw/FFPP/real/0023.mp4::sbi,fake,,,,SBI,unknown_fake
data/raw/FFPP/real/00230.mp4::sbi,fake,,,,SBI,unknown_fake
data/raw/FFPP/real/00231.mp4::sbi,fake,,,,SBI,unknown_fake
data/raw/FFPP/real/00232.mp4::sbi,fake,,,,SBI,unknown_fake
data/raw/FFPP/real/00233.mp4::sbi,fake,,,,SBI,unknown_fake
data/raw/FFPP/real/00235.mp4::sbi,fake,,,,SBI,unknown_fake
data/raw/FFPP/real/00237.mp4::sbi,fake,,,,SBI,unknown_fake
data/raw/FFPP/real/00236.mp4::sbi,fake,,,,SBI,unknown_fake
data/raw/FFPP/real/00238.mp4::sbi,fake,,,,SBI,unknown_fake
data/raw/FFPP/real/0024.mp4::sbi,fake,,,,SBI,unknown_fake
data/raw/FFPP/real/00240.mp4::sbi,fake,,,,SBI,unknown_fake
data/raw/FFPP/real/00241.mp4::sbi,fake,,,,SBI,unknown_fake
data/raw/FFPP/real/00244.mp4::sbi,fake,,,,SBI,unknown_fake
data/raw/FFPP/real/00242.mp4::sbi,fake,,,,SBI,unknown_fake
data/raw/FFPP/real/00245.mp4::sbi,fake,,,,SBI,unknown_fake
data/raw/FFPP/real/00247.mp4::sbi,fake,,,,SBI,unknown_fake
data/raw/FFPP/real/00248.mp4::sbi,fake,,,,SBI,unknown_fake
data/raw/FFPP/real/00249.mp4::sbi,fake,,,,SBI,unknown_fake
data/raw/FFPP/real/00250.mp4::sbi,fake,,,,SBI,unknown_fake
data/raw/FFPP/real/0025.mp4::sbi,fake,,,,SBI,unknown_fake
data/raw/FFPP/real/00251.mp4::sbi,fake,,,,SBI,unknown_fake
data/raw/FFPP/real/00252.mp4::sbi,fake,,,,SBI,unknown_fake
data/raw/FFPP/real/00254.mp4::sbi,fake,,,,SBI,unknown_fake
data/raw/FFPP/real/00255.mp4::sbi,fake,,,,SBI,unknown_fake
data/raw/FFPP/real/00256.mp4::sbi,fake,,,,SBI,unknown_fake
data/raw/FFPP/real/00257.mp4::sbi,fake,,,,SBI,unknown_fake
data/raw/FFPP/real/00258.mp4::sbi,fake,,,,SBI,unknown_fake
data/raw/FFPP/real/00259.mp4::sbi,fake,,,,SBI,unknown_fake
data/raw/FFPP/real/0026.mp4::sbi,fake,,,,SBI,unknown_fake
data/raw/FFPP/real/00260.mp4::sbi,fake,,,,SBI,unknown_fake
data/raw/FFPP/real/00262.mp4::sbi,fake,,,,SBI,unknown_fake
data/raw/FFPP/real/00265.mp4::sbi,fake,,,,SBI,unknown_fake
data/raw/FFPP/real/00263.mp4::sbi,fake,,,,SBI,unknown_fake
data/raw/FFPP/real/00266.mp4::sbi,fake,,,,SBI,unknown_fake
data/raw/FFPP/real/00267.mp4::sbi,fake,,,,SBI,unknown_fake
data/raw/FFPP/real/00268.mp4::sbi,fake,,,,SBI,unknown_fake
data/raw/FFPP/real/00269.mp4::sbi,fake,,,,SBI,unknown_fake
data/raw/FFPP/real/0027.mp4::sbi,fake,,,,SBI,unknown_fake
data/raw/FFPP/real/00270.mp4::sbi,fake,,,,SBI,unknown_fake
data/raw/FFPP/real/00271.mp4::sbi,fake,,,,SBI,unknown_fake
data/raw/FFPP/real/00273.mp4::sbi,fake,,,,SBI,unknown_fake
data/raw/FFPP/real/00274.mp4::sbi,fake,,,,SBI,unknown_fake
data/raw/FFPP/real/00275.mp4::sbi,fake,,,,SBI,unknown_fake
data/raw/FFPP/real/00276.mp4::sbi,fake,,,,SBI,unknown_fake
data/raw/FFPP/real/00277.mp4::sbi,fake,,,,SBI,unknown_fake
data/raw/FFPP/real/00278.mp4::sbi,fake,,,,SBI,unknown_fake
data/raw/FFPP/real/00279.mp4::sbi,fake,,,,SBI,unknown_fake
data/raw/FFPP/real/00281.mp4::sbi,fake,,,,SBI,unknown_fake
data/raw/FFPP/real/00286.mp4::sbi,fake,,,,SBI,unknown_fake
data/raw/FFPP/real/00283.mp4::sbi,fake,,,,SBI,unknown_fake
data/raw/FFPP/real/00284.mp4::sbi,fake,,,,SBI,unknown_fake
data/raw/FFPP/real/00287.mp4::sbi,fake,,,,SBI,unknown_fake
data/raw/FFPP/real/00288.mp4::sbi,fake,,,,SBI,unknown_fake
data/raw/FFPP/real/0029.mp4::sbi,fake,,,,SBI,unknown_fake
data/raw/FFPP/real/00290.mp4::sbi,fake,,,,SBI,unknown_fake
data/raw/FFPP/real/00291.mp4::sbi,fake,,,,SBI,unknown_fake
data/raw/FFPP/real/00292.mp4::sbi,fake,,,,SBI,unknown_fake
data/raw/FFPP/real/00293.mp4::sbi,fake,,,,SBI,unknown_fake
data/raw/FFPP/real/00294.mp4::sbi,fake,,,,SBI,unknown_fake
data/raw/FFPP/real/00296.mp4::sbi,fake,,,,SBI,unknown_fake
data/raw/FFPP/real/00297.mp4::sbi,fake,,,,SBI,unknown_fake
data/raw/FFPP/real/00298.mp4::sbi,fake,,,,SBI,unknown_fake
data/raw/FFPP/real/003.mp4::sbi,fake,,,,SBI,unknown_fake
data/raw/FFPP/real/0030.mp4::sbi,fake,,,,SBI,unknown_fake
data/raw/FFPP/real/0031.mp4::sbi,fake,,,,SBI,unknown_fake
data/raw/FFPP/real/0033.mp4::sbi,fake,,,,SBI,unknown_fake
data/raw/FFPP/real/0036.mp4::sbi,fake,,,,SBI,unknown_fake
data/raw/FFPP/real/0034.mp4::sbi,fake,,,,SBI,unknown_fake
data/raw/FFPP/real/0035.mp4::sbi,fake,,,,SBI,unknown_fake
data/raw/FFPP/real/0038.mp4::sbi,fake,,,,SBI,unknown_fake
data/raw/FFPP/real/004.mp4::sbi,fake,,,,SBI,unknown_fake
data/raw/FFPP/real/0041.mp4::sbi,fake,,,,SBI,unknown_fake
data/raw/FFPP/real/0042.mp4::sbi,fake,,,,SBI,unknown_fake
data/raw/FFPP/real/0044.mp4::sbi,fake,,,,SBI,unknown_fake
data/raw/FFPP/real/0043.mp4::sbi,fake,,,,SBI,unknown_fake
data/raw/FFPP/real/0045.mp4::sbi,fake,,,,SBI,unknown_fake
data/raw/FFPP/real/0046.mp4::sbi,fake,,,,SBI,unknown_fake
data/raw/FFPP/real/0048.mp4::sbi,fake,,,,SBI,unknown_fake
data/raw/FFPP/real/007.mp4::sbi,fake,,,,SBI,unknown_fake
data/raw/FFPP/real/008.mp4::sbi,fake,,,,SBI,unknown_fake
data/raw/FFPP/real/010.mp4::sbi,fake,,,,SBI,unknown_fake
data/raw/FFPP/real/011.mp4::sbi,fake,,,,SBI,unknown_fake
data/raw/FFPP/real/013.mp4::sbi,fake,,,,SBI,unknown_fake
data/raw/FFPP/real/014.mp4::sbi,fake,,,,SBI,unknown_fake
data/raw/FFPP/real/015.mp4::sbi,fake,,,,SBI,unknown_fake
data/raw/FFPP/real/017.mp4::sbi,fake,,,,SBI,unknown_fake
data/raw/FFPP/real/016.mp4::sbi,fake,,,,SBI,unknown_fake
data/raw/FFPP/real/018.mp4::sbi,fake,,,,SBI,unknown_fake
data/raw/FFPP/real/019.mp4::sbi,fake,,,,SBI,unknown_fake
data/raw/FFPP/real/020.mp4::sbi,fake,,,,SBI,unknown_fake
data/raw/FFPP/real/022.mp4::sbi,fake,,,,SBI,unknown_fake
data/raw/FFPP/real/021.mp4::sbi,fake,,,,SBI,unknown_fake
data/raw/FFPP/real/023.mp4::sbi,fake,,,,SBI,unknown_fake
data/raw/FFPP/real/024.mp4::sbi,fake,,,,SBI,unknown_fake
data/raw/FFPP/real/025.mp4::sbi,fake,,,,SBI,unknown_fake
data/raw/FFPP/real/026.mp4::sbi,fake,,,,SBI,unknown_fake
data/raw/FFPP/real/027.mp4::sbi,fake,,,,SBI,unknown_fake
data/raw/FFPP/real/028.mp4::sbi,fake,,,,SBI,unknown_fake
data/raw/FFPP/real/030.mp4::sbi,fake,,,,SBI,unknown_fake
data/raw/FFPP/real/029.mp4::sbi,fake,,,,SBI,unknown_fake
data/raw/FFPP/real/032.mp4::sbi,fake,,,,SBI,unknown_fake
data/raw/FFPP/real/033.mp4::sbi,fake,,,,SBI,unknown_fake
data/raw/FFPP/real/036.mp4::sbi,fake,,,,SBI,unknown_fake
data/raw/FFPP/real/035.mp4::sbi,fake,,,,SBI,unknown_fake
data/raw/FFPP/real/037.mp4::sbi,fake,,,,SBI,unknown_fake
data/raw/FFPP/real/038.mp4::sbi,fake,,,,SBI,unknown_fake
data/raw/FFPP/real/039.mp4::sbi,fake,,,,SBI,unknown_fake
data/raw/FFPP/real/040.mp4::sbi,fake,,,,SBI,unknown_fake
data/raw/FFPP/real/041.mp4::sbi,fake,,,,SBI,unknown_fake
data/raw/FFPP/real/044.mp4::sbi,fake,,,,SBI,unknown_fake
data/raw/FFPP/real/046.mp4::sbi,fake,,,,SBI,unknown_fake
data/raw/FFPP/real/045.mp4::sbi,fake,,,,SBI,unknown_fake
data/raw/FFPP/real/047.mp4::sbi,fake,,,,SBI,unknown_fake
data/raw/FFPP/real/048.mp4::sbi,fake,,,,SBI,unknown_fake
data/raw/FFPP/real/051.mp4::sbi,fake,,,,SBI,unknown_fake
data/raw/FFPP/real/050.mp4::sbi,fake,,,,SBI,unknown_fake
data/raw/FFPP/real/049.mp4::sbi,fake,,,,SBI,unknown_fake
data/raw/FFPP/real/054.mp4::sbi,fake,,,,SBI,unknown_fake
data/raw/FFPP/real/053.mp4::sbi,fake,,,,SBI,unknown_fake
data/raw/FFPP/real/055.mp4::sbi,fake,,,,SBI,unknown_fake
data/raw/FFPP/real/057.mp4::sbi,fake,,,,SBI,unknown_fake
data/raw/FFPP/real/058.mp4::sbi,fake,,,,SBI,unknown_fake
data/raw/FFPP/real/059.mp4::sbi,fake,,,,SBI,unknown_fake
data/raw/FFPP/real/061.mp4::sbi,fake,,,,SBI,unknown_fake
data/raw/FFPP/real/060.mp4::sbi,fake,,,,SBI,unknown_fake
data/raw/FFPP/real/062.mp4::sbi,fake,,,,SBI,unknown_fake
data/raw/FFPP/real/063.mp4::sbi,fake,,,,SBI,unknown_fake
data/raw/FFPP/real/064.mp4::sbi,fake,,,,SBI,unknown_fake
data/raw/FFPP/real/067.mp4::sbi,fake,,,,SBI,unknown_fake
data/raw/FFPP/real/065.mp4::sbi,fake,,,,SBI,unknown_fake
data/raw/FFPP/real/066.mp4::sbi,fake,,,,SBI,unknown_fake
data/raw/FFPP/real/070.mp4::sbi,fake,,,,SBI,unknown_fake
data/raw/FFPP/real/071.mp4::sbi,fake,,,,SBI,unknown_fake
data/raw/FFPP/real/072.mp4::sbi,fake,,,,SBI,unknown_fake
data/raw/FFPP/real/074.mp4::sbi,fake,,,,SBI,unknown_fake
data/raw/FFPP/real/075.mp4::sbi,fake,,,,SBI,unknown_fake
data/raw/FFPP/real/076.mp4::sbi,fake,,,,SBI,unknown_fake
data/raw/FFPP/real/077.mp4::sbi,fake,,,,SBI,unknown_fake
data/raw/FFPP/real/078.mp4::sbi,fake,,,,SBI,unknown_fake
data/raw/FFPP/real/081.mp4::sbi,fake,,,,SBI,unknown_fake
data/raw/FFPP/real/079.mp4::sbi,fake,,,,SBI,unknown_fake
data/raw/FFPP/real/080.mp4::sbi,fake,,,,SBI,unknown_fake
data/raw/FFPP/real/082.mp4::sbi,fake,,,,SBI,unknown_fake
data/raw/FFPP/real/083.mp4::sbi,fake,,,,SBI,unknown_fake
data/raw/FFPP/real/084.mp4::sbi,fake,,,,SBI,unknown_fake
data/raw/FFPP/real/087.mp4::sbi,fake,,,,SBI,unknown_fake
data/raw/FFPP/real/085.mp4::sbi,fake,,,,SBI,unknown_fake
data/raw/FFPP/real/089.mp4::sbi,fake,,,,SBI,unknown_fake
data/raw/FFPP/real/090.mp4::sbi,fake,,,,SBI,unknown_fake
data/raw/FFPP/real/093.mp4::sbi,fake,,,,SBI,unknown_fake
data/raw/FFPP/real/094.mp4::sbi,fake,,,,SBI,unknown_fake
data/raw/FFPP/real/096.mp4::sbi,fake,,,,SBI,unknown_fake
data/raw/FFPP/real/095.mp4::sbi,fake,,,,SBI,unknown_fake
data/raw/FFPP/real/097.mp4::sbi,fake,,,,SBI,unknown_fake
data/raw/FFPP/real/098.mp4::sbi,fake,,,,SBI,unknown_fake
data/raw/FFPP/real/099.mp4::sbi,fake,,,,SBI,unknown_fake
data/raw/FFPP/real/100.mp4::sbi,fake,,,,SBI,unknown_fake
data/raw/FFPP/real/106.mp4::sbi,fake,,,,SBI,unknown_fake
data/raw/FFPP/real/105.mp4::sbi,fake,,,,SBI,unknown_fake
data/raw/FFPP/real/104.mp4::sbi,fake,,,,SBI,unknown_fake
data/raw/FFPP/real/107.mp4::sbi,fake,,,,SBI,unknown_fake
data/raw/FFPP/real/108.mp4::sbi,fake,,,,SBI,unknown_fake
data/raw/FFPP/real/109.mp4::sbi,fake,,,,SBI,unknown_fake
data/raw/FFPP/real/111.mp4::sbi,fake,,,,SBI,unknown_fake
data/raw/FFPP/real/110.mp4::sbi,fake,,,,SBI,unknown_fake
data/raw/FFPP/real/112.mp4::sbi,fake,,,,SBI,unknown_fake
data/raw/FFPP/real/113.mp4::sbi,fake,,,,SBI,unknown_fake
data/raw/FFPP/real/115.mp4::sbi,fake,,,,SBI,unknown_fake
data/raw/FFPP/real/114.mp4::sbi,fake,,,,SBI,unknown_fake
data/raw/FFPP/real/118.mp4::sbi,fake,,,,SBI,unknown_fake
data/raw/FFPP/real/119.mp4::sbi,fake,,,,SBI,unknown_fake
data/raw/FFPP/real/117.mp4::sbi,fake,,,,SBI,unknown_fake
data/raw/FFPP/real/121.mp4::sbi,fake,,,,SBI,unknown_fake
data/raw/FFPP/real/120.mp4::sbi,fake,,,,SBI,unknown_fake
data/raw/FFPP/real/122.mp4::sbi,fake,,,,SBI,unknown_fake
data/raw/FFPP/real/123.mp4::sbi,fake,,,,SBI,unknown_fake
data/raw/FFPP/real/124.mp4::sbi,fake,,,,SBI,unknown_fake
data/raw/FFPP/real/125.mp4::sbi,fake,,,,SBI,unknown_fake
data/raw/FFPP/real/126.mp4::sbi,fake,,,,SBI,unknown_fake
data/raw/FFPP/real/128.mp4::sbi,fake,,,,SBI,unknown_fake
data/raw/FFPP/real/127.mp4::sbi,fake,,,,SBI,unknown_fake
data/raw/FFPP/real/129.mp4::sbi,fake,,,,SBI,unknown_fake
data/raw/FFPP/real/130.mp4::sbi,fake,,,,SBI,unknown_fake
data/raw/FFPP/real/131.mp4::sbi,fake,,,,SBI,unknown_fake
data/raw/FFPP/real/133.mp4::sbi,fake,,,,SBI,unknown_fake
data/raw/FFPP/real/132.mp4::sbi,fake,,,,SBI,unknown_fake
data/raw/FFPP/real/136.mp4::sbi,fake,,,,SBI,unknown_fake
data/raw/FFPP/real/137.mp4::sbi,fake,,,,SBI,unknown_fake
data/raw/FFPP/real/139.mp4::sbi,fake,,,,SBI,unknown_fake
data/raw/FFPP/real/140.mp4::sbi,fake,,,,SBI,unknown_fake
data/raw/FFPP/real/141.mp4::sbi,fake,,,,SBI,unknown_fake
data/raw/FFPP/real/142.mp4::sbi,fake,,,,SBI,unknown_fake
data/raw/FFPP/real/143.mp4::sbi,fake,,,,SBI,unknown_fake
data/raw/FFPP/real/144.mp4::sbi,fake,,,,SBI,unknown_fake
data/raw/FFPP/real/146.mp4::sbi,fake,,,,SBI,unknown_fake
data/raw/FFPP/real/145.mp4::sbi,fake,,,,SBI,unknown_fake
data/raw/FFPP/real/147.mp4::sbi,fake,,,,SBI,unknown_fake
data/raw/FFPP/real/148.mp4::sbi,fake,,,,SBI,unknown_fake
data/raw/FFPP/real/149.mp4::sbi,fake,,,,SBI,unknown_fake
data/raw/FFPP/real/150.mp4::sbi,fake,,,,SBI,unknown_fake
data/raw/FFPP/real/151.mp4::sbi,fake,,,,SBI,unknown_fake
data/raw/FFPP/real/152.mp4::sbi,fake,,,,SBI,unknown_fake
data/raw/FFPP/real/153.mp4::sbi,fake,,,,SBI,unknown_fake
data/raw/FFPP/real/157.mp4::sbi,fake,,,,SBI,unknown_fake
data/raw/FFPP/real/156.mp4::sbi,fake,,,,SBI,unknown_fake
data/raw/FFPP/real/160.mp4::sbi,fake,,,,SBI,unknown_fake
data/raw/FFPP/real/161.mp4::sbi,fake,,,,SBI,unknown_fake
data/raw/FFPP/real/162.mp4::sbi,fake,,,,SBI,unknown_fake
data/raw/FFPP/real/163.mp4::sbi,fake,,,,SBI,unknown_fake
data/raw/FFPP/real/165.mp4::sbi,fake,,,,SBI,unknown_fake
data/raw/FFPP/real/164.mp4::sbi,fake,,,,SBI,unknown_fake
data/raw/FFPP/real/166.mp4::sbi,fake,,,,SBI,unknown_fake
data/raw/FFPP/real/167.mp4::sbi,fake,,,,SBI,unknown_fake
data/raw/FFPP/real/168.mp4::sbi,fake,,,,SBI,unknown_fake
data/raw/FFPP/real/169.mp4::sbi,fake,,,,SBI,unknown_fake
data/raw/FFPP/real/171.mp4::sbi,fake,,,,SBI,unknown_fake
data/raw/FFPP/real/170.mp4::sbi,fake,,,,SBI,unknown_fake
data/raw/FFPP/real/172.mp4::sbi,fake,,,,SBI,unknown_fake
data/raw/FFPP/real/174.mp4::sbi,fake,,,,SBI,unknown_fake
data/raw/FFPP/real/175.mp4::sbi,fake,,,,SBI,unknown_fake
data/raw/FFPP/real/176.mp4::sbi,fake,,,,SBI,unknown_fake
data/raw/FFPP/real/180.mp4::sbi,fake,,,,SBI,unknown_fake
data/raw/FFPP/real/179.mp4::sbi,fake,,,,SBI,unknown_fake
data/raw/FFPP/real/181.mp4::sbi,fake,,,,SBI,unknown_fake
data/raw/FFPP/real/182.mp4::sbi,fake,,,,SBI,unknown_fake
data/raw/FFPP/real/183.mp4::sbi,fake,,,,SBI,unknown_fake
data/raw/FFPP/real/185.mp4::sbi,fake,,,,SBI,unknown_fake
data/raw/FFPP/real/186.mp4::sbi,fake,,,,SBI,unknown_fake
data/raw/FFPP/real/187.mp4::sbi,fake,,,,SBI,unknown_fake
data/raw/FFPP/real/188.mp4::sbi,fake,,,,SBI,unknown_fake
data/raw/FFPP/real/189.mp4::sbi,fake,,,,SBI,unknown_fake
data/raw/FFPP/real/190.mp4::sbi,fake,,,,SBI,unknown_fake
data/raw/FFPP/real/191.mp4::sbi,fake,,,,SBI,unknown_fake
data/raw/FFPP/real/193.mp4::sbi,fake,,,,SBI,unknown_fake
data/raw/FFPP/real/195.mp4::sbi,fake,,,,SBI,unknown_fake
data/raw/FFPP/real/196.mp4::sbi,fake,,,,SBI,unknown_fake
data/raw/FFPP/real/197.mp4::sbi,fake,,,,SBI,unknown_fake
data/raw/FFPP/real/198.mp4::sbi,fake,,,,SBI,unknown_fake
data/raw/FFPP/real/199.mp4::sbi,fake,,,,SBI,unknown_fake
data/raw/FFPP/real/200.mp4::sbi,fake,,,,SBI,unknown_fake
data/raw/FFPP/real/201.mp4::sbi,fake,,,,SBI,unknown_fake
data/raw/FFPP/real/202.mp4::sbi,fake,,,,SBI,unknown_fake
data/raw/FFPP/real/203.mp4::sbi,fake,,,,SBI,unknown_fake
data/raw/FFPP/real/204.mp4::sbi,fake,,,,SBI,unknown_fake
data/raw/FFPP/real/205.mp4::sbi,fake,,,,SBI,unknown_fake
data/raw/FFPP/real/207.mp4::sbi,fake,,,,SBI,unknown_fake
data/raw/FFPP/real/206.mp4::sbi,fake,,,,SBI,unknown_fake
data/raw/FFPP/real/208.mp4::sbi,fake,,,,SBI,unknown_fake
data/raw/FFPP/real/210.mp4::sbi,fake,,,,SBI,unknown_fake
data/raw/FFPP/real/211.mp4::sbi,fake,,,,SBI,unknown_fake
data/raw/FFPP/real/213.mp4::sbi,fake,,,,SBI,unknown_fake
data/raw/FFPP/real/215.mp4::sbi,fake,,,,SBI,unknown_fake
data/raw/FFPP/real/214.mp4::sbi,fake,,,,SBI,unknown_fake
data/raw/FFPP/real/216.mp4::sbi,fake,,,,SBI,unknown_fake
data/raw/FFPP/real/218.mp4::sbi,fake,,,,SBI,unknown_fake
data/raw/FFPP/real/219.mp4::sbi,fake,,,,SBI,unknown_fake
data/raw/FFPP/real/220.mp4::sbi,fake,,,,SBI,unknown_fake
data/raw/FFPP/real/221.mp4::sbi,fake,,,,SBI,unknown_fake
data/raw/FFPP/real/222.mp4::sbi,fake,,,,SBI,unknown_fake
data/raw/FFPP/real/223.mp4::sbi,fake,,,,SBI,unknown_fake
data/raw/FFPP/real/224.mp4::sbi,fake,,,,SBI,unknown_fake
data/raw/FFPP/real/225.mp4::sbi,fake,,,,SBI,unknown_fake
data/raw/FFPP/real/226.mp4::sbi,fake,,,,SBI,unknown_fake
data/raw/FFPP/real/227.mp4::sbi,fake,,,,SBI,unknown_fake
data/raw/FFPP/real/228.mp4::sbi,fake,,,,SBI,unknown_fake
data/raw/FFPP/real/229.mp4::sbi,fake,,,,SBI,unknown_fake
data/raw/FFPP/real/232.mp4::sbi,fake,,,,SBI,unknown_fake
data/raw/FFPP/real/234.mp4::sbi,fake,,,,SBI,unknown_fake
data/raw/FFPP/real/235.mp4::sbi,fake,,,,SBI,unknown_fake
data/raw/FFPP/real/236.mp4::sbi,fake,,,,SBI,unknown_fake
data/raw/FFPP/real/237.mp4::sbi,fake,,,,SBI,unknown_fake
data/raw/FFPP/real/238.mp4::sbi,fake,,,,SBI,unknown_fake
data/raw/FFPP/real/239.mp4::sbi,fake,,,,SBI,unknown_fake
data/raw/FFPP/real/240.mp4::sbi,fake,,,,SBI,unknown_fake
data/raw/FFPP/real/241.mp4::sbi,fake,,,,SBI,unknown_fake
data/raw/FFPP/real/243.mp4::sbi,fake,,,,SBI,unknown_fake
data/raw/FFPP/real/244.mp4::sbi,fake,,,,SBI,unknown_fake
data/raw/FFPP/real/245.mp4::sbi,fake,,,,SBI,unknown_fake
data/raw/FFPP/real/246.mp4::sbi,fake,,,,SBI,unknown_fake
data/raw/FFPP/real/247.mp4::sbi,fake,,,,SBI,unknown_fake
data/raw/FFPP/real/248.mp4::sbi,fake,,,,SBI,unknown_fake
data/raw/FFPP/real/250.mp4::sbi,fake,,,,SBI,unknown_fake
data/raw/FFPP/real/251.mp4::sbi,fake,,,,SBI,unknown_fake
data/raw/FFPP/real/252.mp4::sbi,fake,,,,SBI,unknown_fake
data/raw/FFPP/real/253.mp4::sbi,fake,,,,SBI,unknown_fake
data/raw/FFPP/real/254.mp4::sbi,fake,,,,SBI,unknown_fake
data/raw/FFPP/real/255.mp4::sbi,fake,,,,SBI,unknown_fake
data/raw/FFPP/real/256.mp4::sbi,fake,,,,SBI,unknown_fake
data/raw/FFPP/real/257.mp4::sbi,fake,,,,SBI,unknown_fake
data/raw/FFPP/real/259.mp4::sbi,fake,,,,SBI,unknown_fake
data/raw/FFPP/real/260.mp4::sbi,fake,,,,SBI,unknown_fake
data/raw/FFPP/real/262.mp4::sbi,fake,,,,SBI,unknown_fake
data/raw/FFPP/real/263.mp4::sbi,fake,,,,SBI,unknown_fake
data/raw/FFPP/real/266.mp4::sbi,fake,,,,SBI,unknown_fake
data/raw/FFPP/real/267.mp4::sbi,fake,,,,SBI,unknown_fake
data/raw/FFPP/real/268.mp4::sbi,fake,,,,SBI,unknown_fake
data/raw/FFPP/real/269.mp4::sbi,fake,,,,SBI,unknown_fake
data/raw/FFPP/real/270.mp4::sbi,fake,,,,SBI,unknown_fake
data/raw/FFPP/real/271.mp4::sbi,fake,,,,SBI,unknown_fake
data/raw/FFPP/real/272.mp4::sbi,fake,,,,SBI,unknown_fake
data/raw/FFPP/real/274.mp4::sbi,fake,,,,SBI,unknown_fake
data/raw/FFPP/real/273.mp4::sbi,fake,,,,SBI,unknown_fake
data/raw/FFPP/real/275.mp4::sbi,fake,,,,SBI,unknown_fake
data/raw/FFPP/real/276.mp4::sbi,fake,,,,SBI,unknown_fake
data/raw/FFPP/real/278.mp4::sbi,fake,,,,SBI,unknown_fake
data/raw/FFPP/real/279.mp4::sbi,fake,,,,SBI,unknown_fake
data/raw/FFPP/real/282.mp4::sbi,fake,,,,SBI,unknown_fake
data/raw/FFPP/real/281.mp4::sbi,fake,,,,SBI,unknown_fake
data/raw/FFPP/real/283.mp4::sbi,fake,,,,SBI,unknown_fake
data/raw/FFPP/real/284.mp4::sbi,fake,,,,SBI,unknown_fake
data/raw/FFPP/real/287.mp4::sbi,fake,,,,SBI,unknown_fake
data/raw/FFPP/real/288.mp4::sbi,fake,,,,SBI,unknown_fake
data/raw/FFPP/real/290.mp4::sbi,fake,,,,SBI,unknown_fake
data/raw/FFPP/real/289.mp4::sbi,fake,,,,SBI,unknown_fake
data/raw/FFPP/real/291.mp4::sbi,fake,,,,SBI,unknown_fake
data/raw/FFPP/real/292.mp4::sbi,fake,,,,SBI,unknown_fake
data/raw/FFPP/real/293.mp4::sbi,fake,,,,SBI,unknown_fake
data/raw/FFPP/real/294.mp4::sbi,fake,,,,SBI,unknown_fake
data/raw/FFPP/real/296.mp4::sbi,fake,,,,SBI,unknown_fake
data/raw/FFPP/real/295.mp4::sbi,fake,,,,SBI,unknown_fake
data/raw/FFPP/real/297.mp4::sbi,fake,,,,SBI,unknown_fake
data/raw/FFPP/real/298.mp4::sbi,fake,,,,SBI,unknown_fake
data/raw/FFPP/real/299.mp4::sbi,fake,,,,SBI,unknown_fake
data/raw/FFPP/real/300.mp4::sbi,fake,,,,SBI,unknown_fake
data/raw/FFPP/real/302.mp4::sbi,fake,,,,SBI,unknown_fake
data/raw/FFPP/real/301.mp4::sbi,fake,,,,SBI,unknown_fake
data/raw/FFPP/real/303.mp4::sbi,fake,,,,SBI,unknown_fake
data/raw/FFPP/real/304.mp4::sbi,fake,,,,SBI,unknown_fake
data/raw/FFPP/real/305.mp4::sbi,fake,,,,SBI,unknown_fake
data/raw/FFPP/real/307.mp4::sbi,fake,,,,SBI,unknown_fake
data/raw/FFPP/real/306.mp4::sbi,fake,,,,SBI,unknown_fake
data/raw/FFPP/real/308.mp4::sbi,fake,,,,SBI,unknown_fake
data/raw/FFPP/real/309.mp4::sbi,fake,,,,SBI,unknown_fake
data/raw/FFPP/real/310.mp4::sbi,fake,,,,SBI,unknown_fake
data/raw/FFPP/real/311.mp4::sbi,fake,,,,SBI,unknown_fake
data/raw/FFPP/real/315.mp4::sbi,fake,,,,SBI,unknown_fake
data/raw/FFPP/real/312.mp4::sbi,fake,,,,SBI,unknown_fake
data/raw/FFPP/real/317.mp4::sbi,fake,,,,SBI,unknown_fake
data/raw/FFPP/real/319.mp4::sbi,fake,,,,SBI,unknown_fake
data/raw/FFPP/real/320.mp4::sbi,fake,,,,SBI,unknown_fake
data/raw/FFPP/real/322.mp4::sbi,fake,,,,SBI,unknown_fake
data/raw/FFPP/real/323.mp4::sbi,fake,,,,SBI,unknown_fake
data/raw/FFPP/real/324.mp4::sbi,fake,,,,SBI,unknown_fake
data/raw/FFPP/real/326.mp4::sbi,fake,,,,SBI,unknown_fake
data/raw/FFPP/real/327.mp4::sbi,fake,,,,SBI,unknown_fake
data/raw/FFPP/real/328.mp4::sbi,fake,,,,SBI,unknown_fake
data/raw/FFPP/real/329.mp4::sbi,fake,,,,SBI,unknown_fake
data/raw/FFPP/real/331.mp4::sbi,fake,,,,SBI,unknown_fake
data/raw/FFPP/real/332.mp4::sbi,fake,,,,SBI,unknown_fake
data/raw/FFPP/real/333.mp4::sbi,fake,,,,SBI,unknown_fake
data/raw/FFPP/real/335.mp4::sbi,fake,,,,SBI,unknown_fake
data/raw/FFPP/real/337.mp4::sbi,fake,,,,SBI,unknown_fake
data/raw/FFPP/real/339.mp4::sbi,fake,,,,SBI,unknown_fake
data/raw/FFPP/real/340.mp4::sbi,fake,,,,SBI,unknown_fake
data/raw/FFPP/real/343.mp4::sbi,fake,,,,SBI,unknown_fake
data/raw/FFPP/real/344.mp4::sbi,fake,,,,SBI,unknown_fake
data/raw/FFPP/real/347.mp4::sbi,fake,,,,SBI,unknown_fake
data/raw/FFPP/real/349.mp4::sbi,fake,,,,SBI,unknown_fake
data/raw/FFPP/real/350.mp4::sbi,fake,,,,SBI,unknown_fake
data/raw/FFPP/real/352.mp4::sbi,fake,,,,SBI,unknown_fake
data/raw/FFPP/real/351.mp4::sbi,fake,,,,SBI,unknown_fake
data/raw/FFPP/real/353.mp4::sbi,fake,,,,SBI,unknown_fake
data/raw/FFPP/real/354.mp4::sbi,fake,,,,SBI,unknown_fake
data/raw/FFPP/real/355.mp4::sbi,fake,,,,SBI,unknown_fake
data/raw/FFPP/real/356.mp4::sbi,fake,,,,SBI,unknown_fake
data/raw/FFPP/real/357.mp4::sbi,fake,,,,SBI,unknown_fake
data/raw/FFPP/real/358.mp4::sbi,fake,,,,SBI,unknown_fake
data/raw/FFPP/real/359.mp4::sbi,fake,,,,SBI,unknown_fake
data/raw/FFPP/real/360.mp4::sbi,fake,,,,SBI,unknown_fake
data/raw/FFPP/real/361.mp4::sbi,fake,,,,SBI,unknown_fake
data/raw/FFPP/real/362.mp4::sbi,fake,,,,SBI,unknown_fake
data/raw/FFPP/real/363.mp4::sbi,fake,,,,SBI,unknown_fake
data/raw/FFPP/real/364.mp4::sbi,fake,,,,SBI,unknown_fake
data/raw/FFPP/real/365.mp4::sbi,fake,,,,SBI,unknown_fake
data/raw/FFPP/real/366.mp4::sbi,fake,,,,SBI,unknown_fake
data/raw/FFPP/real/367.mp4::sbi,fake,,,,SBI,unknown_fake
data/raw/FFPP/real/369.mp4::sbi,fake,,,,SBI,unknown_fake
data/raw/FFPP/real/370.mp4::sbi,fake,,,,SBI,unknown_fake
data/raw/FFPP/real/371.mp4::sbi,fake,,,,SBI,unknown_fake
data/raw/FFPP/real/372.mp4::sbi,fake,,,,SBI,unknown_fake
data/raw/FFPP/real/373.mp4::sbi,fake,,,,SBI,unknown_fake
data/raw/FFPP/real/374.mp4::sbi,fake,,,,SBI,unknown_fake
data/raw/FFPP/real/375.mp4::sbi,fake,,,,SBI,unknown_fake
data/raw/FFPP/real/378.mp4::sbi,fake,,,,SBI,unknown_fake
data/raw/FFPP/real/376.mp4::sbi,fake,,,,SBI,unknown_fake
data/raw/FFPP/real/379.mp4::sbi,fake,,,,SBI,unknown_fake
data/raw/FFPP/real/380.mp4::sbi,fake,,,,SBI,unknown_fake
data/raw/FFPP/real/382.mp4::sbi,fake,,,,SBI,unknown_fake
data/raw/FFPP/real/384.mp4::sbi,fake,,,,SBI,unknown_fake
data/raw/FFPP/real/385.mp4::sbi,fake,,,,SBI,unknown_fake
data/raw/FFPP/real/386.mp4::sbi,fake,,,,SBI,unknown_fake
data/raw/FFPP/real/387.mp4::sbi,fake,,,,SBI,unknown_fake
data/raw/FFPP/real/388.mp4::sbi,fake,,,,SBI,unknown_fake
data/raw/FFPP/real/389.mp4::sbi,fake,,,,SBI,unknown_fake
data/raw/FFPP/real/390.mp4::sbi,fake,,,,SBI,unknown_fake
data/raw/FFPP/real/391.mp4::sbi,fake,,,,SBI,unknown_fake
data/raw/FFPP/real/392.mp4::sbi,fake,,,,SBI,unknown_fake
data/raw/FFPP/real/393.mp4::sbi,fake,,,,SBI,unknown_fake
data/raw/FFPP/real/394.mp4::sbi,fake,,,,SBI,unknown_fake
data/raw/FFPP/real/395.mp4::sbi,fake,,,,SBI,unknown_fake
data/raw/FFPP/real/396.mp4::sbi,fake,,,,SBI,unknown_fake
data/raw/FFPP/real/397.mp4::sbi,fake,,,,SBI,unknown_fake
data/raw/FFPP/real/398.mp4::sbi,fake,,,,SBI,unknown_fake
data/raw/FFPP/real/399.mp4::sbi,fake,,,,SBI,unknown_fake
data/raw/FFPP/real/400.mp4::sbi,fake,,,,SBI,unknown_fake
data/raw/FFPP/real/402.mp4::sbi,fake,,,,SBI,unknown_fake
data/raw/FFPP/real/403.mp4::sbi,fake,,,,SBI,unknown_fake
data/raw/FFPP/real/405.mp4::sbi,fake,,,,SBI,unknown_fake
data/raw/FFPP/real/407.mp4::sbi,fake,,,,SBI,unknown_fake
data/raw/FFPP/real/408.mp4::sbi,fake,,,,SBI,unknown_fake
data/raw/FFPP/real/409.mp4::sbi,fake,,,,SBI,unknown_fake
data/raw/FFPP/real/410.mp4::sbi,fake,,,,SBI,unknown_fake
data/raw/FFPP/real/412.mp4::sbi,fake,,,,SBI,unknown_fake
data/raw/FFPP/real/413.mp4::sbi,fake,,,,SBI,unknown_fake
data/raw/FFPP/real/414.mp4::sbi,fake,,,,SBI,unknown_fake
data/raw/FFPP/real/415.mp4::sbi,fake,,,,SBI,unknown_fake
data/raw/FFPP/real/416.mp4::sbi,fake,,,,SBI,unknown_fake
data/raw/FFPP/real/417.mp4::sbi,fake,,,,SBI,unknown_fake
data/raw/FFPP/real/418.mp4::sbi,fake,,,,SBI,unknown_fake
data/raw/FFPP/real/419.mp4::sbi,fake,,,,SBI,unknown_fake
data/raw/FFPP/real/420.mp4::sbi,fake,,,,SBI,unknown_fake
data/raw/FFPP/real/423.mp4::sbi,fake,,,,SBI,unknown_fake
data/raw/FFPP/real/422.mp4::sbi,fake,,,,SBI,unknown_fake
data/raw/FFPP/real/424.mp4::sbi,fake,,,,SBI,unknown_fake
data/raw/FFPP/real/425.mp4::sbi,fake,,,,SBI,unknown_fake
data/raw/FFPP/real/427.mp4::sbi,fake,,,,SBI,unknown_fake
data/raw/FFPP/real/426.mp4::sbi,fake,,,,SBI,unknown_fake
data/raw/FFPP/real/429.mp4::sbi,fake,,,,SBI,unknown_fake
data/raw/FFPP/real/428.mp4::sbi,fake,,,,SBI,unknown_fake
data/raw/FFPP/real/430.mp4::sbi,fake,,,,SBI,unknown_fake
data/raw/FFPP/real/431.mp4::sbi,fake,,,,SBI,unknown_fake
data/raw/FFPP/real/432.mp4::sbi,fake,,,,SBI,unknown_fake
data/raw/FFPP/real/434.mp4::sbi,fake,,,,SBI,unknown_fake
data/raw/FFPP/real/433.mp4::sbi,fake,,,,SBI,unknown_fake
data/raw/FFPP/real/435.mp4::sbi,fake,,,,SBI,unknown_fake
data/raw/FFPP/real/436.mp4::sbi,fake,,,,SBI,unknown_fake
data/raw/FFPP/real/439.mp4::sbi,fake,,,,SBI,unknown_fake
data/raw/FFPP/real/438.mp4::sbi,fake,,,,SBI,unknown_fake
data/raw/FFPP/real/440.mp4::sbi,fake,,,,SBI,unknown_fake
data/raw/FFPP/real/441.mp4::sbi,fake,,,,SBI,unknown_fake
data/raw/FFPP/real/442.mp4::sbi,fake,,,,SBI,unknown_fake
data/raw/FFPP/real/443.mp4::sbi,fake,,,,SBI,unknown_fake
data/raw/FFPP/real/445.mp4::sbi,fake,,,,SBI,unknown_fake
data/raw/FFPP/real/446.mp4::sbi,fake,,,,SBI,unknown_fake
data/raw/FFPP/real/447.mp4::sbi,fake,,,,SBI,unknown_fake
data/raw/FFPP/real/449.mp4::sbi,fake,,,,SBI,unknown_fake
data/raw/FFPP/real/450.mp4::sbi,fake,,,,SBI,unknown_fake
data/raw/FFPP/real/452.mp4::sbi,fake,,,,SBI,unknown_fake
data/raw/FFPP/real/454.mp4::sbi,fake,,,,SBI,unknown_fake
data/raw/FFPP/real/453.mp4::sbi,fake,,,,SBI,unknown_fake
data/raw/FFPP/real/458.mp4::sbi,fake,,,,SBI,unknown_fake
data/raw/FFPP/real/460.mp4::sbi,fake,,,,SBI,unknown_fake
data/raw/FFPP/real/462.mp4::sbi,fake,,,,SBI,unknown_fake
data/raw/FFPP/real/464.mp4::sbi,fake,,,,SBI,unknown_fake
data/raw/FFPP/real/461.mp4::sbi,fake,,,,SBI,unknown_fake
data/raw/FFPP/real/463.mp4::sbi,fake,,,,SBI,unknown_fake
data/raw/FFPP/real/465.mp4::sbi,fake,,,,SBI,unknown_fake
data/raw/FFPP/real/468.mp4::sbi,fake,,,,SBI,unknown_fake
data/raw/FFPP/real/466.mp4::sbi,fake,,,,SBI,unknown_fake
data/raw/FFPP/real/470.mp4::sbi,fake,,,,SBI,unknown_fake
data/raw/FFPP/real/469.mp4::sbi,fake,,,,SBI,unknown_fake
data/raw/FFPP/real/471.mp4::sbi,fake,,,,SBI,unknown_fake
data/raw/FFPP/real/472.mp4::sbi,fake,,,,SBI,unknown_fake
data/raw/FFPP/real/474.mp4::sbi,fake,,,,SBI,unknown_fake
data/raw/FFPP/real/475.mp4::sbi,fake,,,,SBI,unknown_fake
data/raw/FFPP/real/477.mp4::sbi,fake,,,,SBI,unknown_fake
data/raw/FFPP/real/478.mp4::sbi,fake,,,,SBI,unknown_fake
data/raw/FFPP/real/476.mp4::sbi,fake,,,,SBI,unknown_fake
data/raw/FFPP/real/480.mp4::sbi,fake,,,,SBI,unknown_fake
data/raw/FFPP/real/482.mp4::sbi,fake,,,,SBI,unknown_fake
data/raw/FFPP/real/483.mp4::sbi,fake,,,,SBI,unknown_fake
data/raw/FFPP/real/485.mp4::sbi,fake,,,,SBI,unknown_fake
data/raw/FFPP/real/486.mp4::sbi,fake,,,,SBI,unknown_fake
data/raw/FFPP/real/487.mp4::sbi,fake,,,,SBI,unknown_fake
data/raw/FFPP/real/488.mp4::sbi,fake,,,,SBI,unknown_fake
data/raw/FFPP/real/489.mp4::sbi,fake,,,,SBI,unknown_fake
data/raw/FFPP/real/490.mp4::sbi,fake,,,,SBI,unknown_fake
data/raw/FFPP/real/491.mp4::sbi,fake,,,,SBI,unknown_fake
data/raw/FFPP/real/494.mp4::sbi,fake,,,,SBI,unknown_fake
data/raw/FFPP/real/493.mp4::sbi,fake,,,,SBI,unknown_fake
data/raw/FFPP/real/495.mp4::sbi,fake,,,,SBI,unknown_fake
data/raw/FFPP/real/497.mp4::sbi,fake,,,,SBI,unknown_fake
data/raw/FFPP/real/498.mp4::sbi,fake,,,,SBI,unknown_fake
data/raw/FFPP/real/499.mp4::sbi,fake,,,,SBI,unknown_fake
data/raw/FFPP/real/500.mp4::sbi,fake,,,,SBI,unknown_fake
data/raw/FFPP/real/502.mp4::sbi,fake,,,,SBI,unknown_fake
data/raw/FFPP/real/503.mp4::sbi,fake,,,,SBI,unknown_fake
data/raw/FFPP/real/504.mp4::sbi,fake,,,,SBI,unknown_fake
data/raw/FFPP/real/505.mp4::sbi,fake,,,,SBI,unknown_fake
data/raw/FFPP/real/507.mp4::sbi,fake,,,,SBI,unknown_fake
data/raw/FFPP/real/506.mp4::sbi,fake,,,,SBI,unknown_fake
data/raw/FFPP/real/508.mp4::sbi,fake,,,,SBI,unknown_fake
data/raw/FFPP/real/509.mp4::sbi,fake,,,,SBI,unknown_fake
data/raw/FFPP/real/510.mp4::sbi,fake,,,,SBI,unknown_fake
data/raw/FFPP/real/511.mp4::sbi,fake,,,,SBI,unknown_fake
data/raw/FFPP/real/512.mp4::sbi,fake,,,,SBI,unknown_fake
data/raw/FFPP/real/514.mp4::sbi,fake,,,,SBI,unknown_fake
data/raw/FFPP/real/516.mp4::sbi,fake,,,,SBI,unknown_fake
data/raw/FFPP/real/517.mp4::sbi,fake,,,,SBI,unknown_fake
data/raw/FFPP/real/519.mp4::sbi,fake,,,,SBI,unknown_fake
data/raw/FFPP/real/518.mp4::sbi,fake,,,,SBI,unknown_fake
data/raw/FFPP/real/523.mp4::sbi,fake,,,,SBI,unknown_fake
data/raw/FFPP/real/522.mp4::sbi,fake,,,,SBI,unknown_fake
data/raw/FFPP/real/521.mp4::sbi,fake,,,,SBI,unknown_fake
data/raw/FFPP/real/524.mp4::sbi,fake,,,,SBI,unknown_fake
data/raw/FFPP/real/525.mp4::sbi,fake,,,,SBI,unknown_fake
data/raw/FFPP/real/528.mp4::sbi,fake,,,,SBI,unknown_fake
data/raw/FFPP/real/527.mp4::sbi,fake,,,,SBI,unknown_fake
data/raw/FFPP/real/529.mp4::sbi,fake,,,,SBI,unknown_fake
data/raw/FFPP/real/530.mp4::sbi,fake,,,,SBI,unknown_fake
data/raw/FFPP/real/531.mp4::sbi,fake,,,,SBI,unknown_fake
data/raw/FFPP/real/532.mp4::sbi,fake,,,,SBI,unknown_fake
data/raw/FFPP/real/533.mp4::sbi,fake,,,,SBI,unknown_fake
data/raw/FFPP/real/535.mp4::sbi,fake,,,,SBI,unknown_fake
data/raw/FFPP/real/534.mp4::sbi,fake,,,,SBI,unknown_fake
data/raw/FFPP/real/541.mp4::sbi,fake,,,,SBI,unknown_fake
data/raw/FFPP/real/536.mp4::sbi,fake,,,,SBI,unknown_fake
data/raw/FFPP/real/543.mp4::sbi,fake,,,,SBI,unknown_fake
data/raw/FFPP/real/544.mp4::sbi,fake,,,,SBI,unknown_fake
data/raw/FFPP/real/545.mp4::sbi,fake,,,,SBI,unknown_fake
data/raw/FFPP/real/546.mp4::sbi,fake,,,,SBI,unknown_fake
data/raw/FFPP/real/548.mp4::sbi,fake,,,,SBI,unknown_fake
data/raw/FFPP/real/547.mp4::sbi,fake,,,,SBI,unknown_fake
data/raw/FFPP/real/549.mp4::sbi,fake,,,,SBI,unknown_fake
data/raw/FFPP/real/550.mp4::sbi,fake,,,,SBI,unknown_fake
data/raw/FFPP/real/551.mp4::sbi,fake,,,,SBI,unknown_fake
data/raw/FFPP/real/552.mp4::sbi,fake,,,,SBI,unknown_fake
data/raw/FFPP/real/553.mp4::sbi,fake,,,,SBI,unknown_fake
data/raw/FFPP/real/554.mp4::sbi,fake,,,,SBI,unknown_fake
data/raw/FFPP/real/555.mp4::sbi,fake,,,,SBI,unknown_fake
data/raw/FFPP/real/558.mp4::sbi,fake,,,,SBI,unknown_fake
data/raw/FFPP/real/560.mp4::sbi,fake,,,,SBI,unknown_fake
data/raw/FFPP/real/562.mp4::sbi,fake,,,,SBI,unknown_fake
data/raw/FFPP/real/563.mp4::sbi,fake,,,,SBI,unknown_fake
data/raw/FFPP/real/564.mp4::sbi,fake,,,,SBI,unknown_fake
data/raw/FFPP/real/565.mp4::sbi,fake,,,,SBI,unknown_fake
data/raw/FFPP/real/566.mp4::sbi,fake,,,,SBI,unknown_fake
data/raw/FFPP/real/567.mp4::sbi,fake,,,,SBI,unknown_fake
data/raw/FFPP/real/568.mp4::sbi,fake,,,,SBI,unknown_fake
data/raw/FFPP/real/571.mp4::sbi,fake,,,,SBI,unknown_fake
data/raw/FFPP/real/570.mp4::sbi,fake,,,,SBI,unknown_fake
data/raw/FFPP/real/572.mp4::sbi,fake,,,,SBI,unknown_fake
data/raw/FFPP/real/574.mp4::sbi,fake,,,,SBI,unknown_fake
data/raw/FFPP/real/575.mp4::sbi,fake,,,,SBI,unknown_fake
data/raw/FFPP/real/576.mp4::sbi,fake,,,,SBI,unknown_fake
data/raw/FFPP/real/577.mp4::sbi,fake,,,,SBI,unknown_fake
data/raw/FFPP/real/579.mp4::sbi,fake,,,,SBI,unknown_fake
data/raw/FFPP/real/580.mp4::sbi,fake,,,,SBI,unknown_fake
data/raw/FFPP/real/581.mp4::sbi,fake,,,,SBI,unknown_fake
data/raw/FFPP/real/582.mp4::sbi,fake,,,,SBI,unknown_fake
data/raw/FFPP/real/583.mp4::sbi,fake,,,,SBI,unknown_fake
data/raw/FFPP/real/585.mp4::sbi,fake,,,,SBI,unknown_fake
data/raw/FFPP/real/584.mp4::sbi,fake,,,,SBI,unknown_fake
data/raw/FFPP/real/586.mp4::sbi,fake,,,,SBI,unknown_fake
data/raw/FFPP/real/587.mp4::sbi,fake,,,,SBI,unknown_fake
data/raw/FFPP/real/588.mp4::sbi,fake,,,,SBI,unknown_fake
data/raw/FFPP/real/592.mp4::sbi,fake,,,,SBI,unknown_fake
data/raw/FFPP/real/591.mp4::sbi,fake,,,,SBI,unknown_fake
data/raw/FFPP/real/590.mp4::sbi,fake,,,,SBI,unknown_fake
data/raw/FFPP/real/593.mp4::sbi,fake,,,,SBI,unknown_fake
data/raw/FFPP/real/594.mp4::sbi,fake,,,,SBI,unknown_fake
data/raw/FFPP/real/595.mp4::sbi,fake,,,,SBI,unknown_fake
data/raw/FFPP/real/596.mp4::sbi,fake,,,,SBI,unknown_fake
data/raw/FFPP/real/598.mp4::sbi,fake,,,,SBI,unknown_fake
data/raw/FFPP/real/597.mp4::sbi,fake,,,,SBI,unknown_fake
data/raw/FFPP/real/599.mp4::sbi,fake,,,,SBI,unknown_fake
data/raw/FFPP/real/601.mp4::sbi,fake,,,,SBI,unknown_fake
data/raw/FFPP/real/602.mp4::sbi,fake,,,,SBI,unknown_fake
data/raw/FFPP/real/605.mp4::sbi,fake,,,,SBI,unknown_fake
data/raw/FFPP/real/604.mp4::sbi,fake,,,,SBI,unknown_fake
data/raw/FFPP/real/603.mp4::sbi,fake,,,,SBI,unknown_fake
data/raw/FFPP/real/606.mp4::sbi,fake,,,,SBI,unknown_fake
data/raw/FFPP/real/607.mp4::sbi,fake,,,,SBI,unknown_fake
data/raw/FFPP/real/608.mp4::sbi,fake,,,,SBI,unknown_fake
data/raw/FFPP/real/609.mp4::sbi,fake,,,,SBI,unknown_fake
data/raw/FFPP/real/611.mp4::sbi,fake,,,,SBI,unknown_fake
data/raw/FFPP/real/612.mp4::sbi,fake,,,,SBI,unknown_fake
data/raw/FFPP/real/613.mp4::sbi,fake,,,,SBI,unknown_fake
data/raw/FFPP/real/614.mp4::sbi,fake,,,,SBI,unknown_fake
data/raw/FFPP/real/616.mp4::sbi,fake,,,,SBI,unknown_fake
data/raw/FFPP/real/617.mp4::sbi,fake,,,,SBI,unknown_fake
data/raw/FFPP/real/618.mp4::sbi,fake,,,,SBI,unknown_fake
data/raw/FFPP/real/619.mp4::sbi,fake,,,,SBI,unknown_fake
data/raw/FFPP/real/620.mp4::sbi,fake,,,,SBI,unknown_fake
data/raw/FFPP/real/621.mp4::sbi,fake,,,,SBI,unknown_fake
data/raw/FFPP/real/622.mp4::sbi,fake,,,,SBI,unknown_fake
data/raw/FFPP/real/623.mp4::sbi,fake,,,,SBI,unknown_fake
data/raw/FFPP/real/625.mp4::sbi,fake,,,,SBI,unknown_fake
data/raw/FFPP/real/626.mp4::sbi,fake,,,,SBI,unknown_fake
data/raw/FFPP/real/627.mp4::sbi,fake,,,,SBI,unknown_fake
data/raw/FFPP/real/629.mp4::sbi,fake,,,,SBI,unknown_fake
data/raw/FFPP/real/628.mp4::sbi,fake,,,,SBI,unknown_fake
data/raw/FFPP/real/630.mp4::sbi,fake,,,,SBI,unknown_fake
data/raw/FFPP/real/631.mp4::sbi,fake,,,,SBI,unknown_fake
data/raw/FFPP/real/632.mp4::sbi,fake,,,,SBI,unknown_fake
data/raw/FFPP/real/633.mp4::sbi,fake,,,,SBI,unknown_fake
data/raw/FFPP/real/635.mp4::sbi,fake,,,,SBI,unknown_fake
data/raw/FFPP/real/636.mp4::sbi,fake,,,,SBI,unknown_fake
data/raw/FFPP/real/639.mp4::sbi,fake,,,,SBI,unknown_fake
data/raw/FFPP/real/638.mp4::sbi,fake,,,,SBI,unknown_fake
data/raw/FFPP/real/642.mp4::sbi,fake,,,,SBI,unknown_fake
data/raw/FFPP/real/644.mp4::sbi,fake,,,,SBI,unknown_fake
data/raw/FFPP/real/646.mp4::sbi,fake,,,,SBI,unknown_fake
data/raw/FFPP/real/647.mp4::sbi,fake,,,,SBI,unknown_fake
data/raw/FFPP/real/649.mp4::sbi,fake,,,,SBI,unknown_fake
data/raw/FFPP/real/648.mp4::sbi,fake,,,,SBI,unknown_fake
data/raw/FFPP/real/650.mp4::sbi,fake,,,,SBI,unknown_fake
data/raw/FFPP/real/651.mp4::sbi,fake,,,,SBI,unknown_fake
data/raw/FFPP/real/652.mp4::sbi,fake,,,,SBI,unknown_fake
data/raw/FFPP/real/653.mp4::sbi,fake,,,,SBI,unknown_fake
data/raw/FFPP/real/655.mp4::sbi,fake,,,,SBI,unknown_fake
data/raw/FFPP/real/656.mp4::sbi,fake,,,,SBI,unknown_fake
data/raw/FFPP/real/658.mp4::sbi,fake,,,,SBI,unknown_fake
data/raw/FFPP/real/661.mp4::sbi,fake,,,,SBI,unknown_fake
data/raw/FFPP/real/663.mp4::sbi,fake,,,,SBI,unknown_fake
data/raw/FFPP/real/664.mp4::sbi,fake,,,,SBI,unknown_fake
data/raw/FFPP/real/665.mp4::sbi,fake,,,,SBI,unknown_fake
data/raw/FFPP/real/667.mp4::sbi,fake,,,,SBI,unknown_fake
data/raw/FFPP/real/668.mp4::sbi,fake,,,,SBI,unknown_fake
data/raw/FFPP/real/669.mp4::sbi,fake,,,,SBI,unknown_fake
data/raw/FFPP/real/670.mp4::sbi,fake,,,,SBI,unknown_fake
data/raw/FFPP/real/671.mp4::sbi,fake,,,,SBI,unknown_fake
data/raw/FFPP/real/676.mp4::sbi,fake,,,,SBI,unknown_fake
data/raw/FFPP/real/672.mp4::sbi,fake,,,,SBI,unknown_fake
data/raw/FFPP/real/678.mp4::sbi,fake,,,,SBI,unknown_fake
data/raw/FFPP/real/679.mp4::sbi,fake,,,,SBI,unknown_fake
data/raw/FFPP/real/680.mp4::sbi,fake,,,,SBI,unknown_fake
data/raw/FFPP/real/681.mp4::sbi,fake,,,,SBI,unknown_fake
data/raw/FFPP/real/682.mp4::sbi,fake,,,,SBI,unknown_fake
data/raw/FFPP/real/683.mp4::sbi,fake,,,,SBI,unknown_fake
data/raw/FFPP/real/684.mp4::sbi,fake,,,,SBI,unknown_fake
data/raw/FFPP/real/685.mp4::sbi,fake,,,,SBI,unknown_fake
data/raw/FFPP/real/687.mp4::sbi,fake,,,,SBI,unknown_fake
data/raw/FFPP/real/691.mp4::sbi,fake,,,,SBI,unknown_fake
data/raw/FFPP/real/688.mp4::sbi,fake,,,,SBI,unknown_fake
data/raw/FFPP/real/689.mp4::sbi,fake,,,,SBI,unknown_fake
data/raw/FFPP/real/693.mp4::sbi,fake,,,,SBI,unknown_fake
data/raw/FFPP/real/692.mp4::sbi,fake,,,,SBI,unknown_fake
data/raw/FFPP/real/694.mp4::sbi,fake,,,,SBI,unknown_fake
data/raw/FFPP/real/697.mp4::sbi,fake,,,,SBI,unknown_fake
data/raw/FFPP/real/695.mp4::sbi,fake,,,,SBI,unknown_fake
data/raw/FFPP/real/696.mp4::sbi,fake,,,,SBI,unknown_fake
data/raw/FFPP/real/698.mp4::sbi,fake,,,,SBI,unknown_fake
data/raw/FFPP/real/699.mp4::sbi,fake,,,,SBI,unknown_fake
data/raw/FFPP/real/700.mp4::sbi,fake,,,,SBI,unknown_fake
data/raw/FFPP/real/701.mp4::sbi,fake,,,,SBI,unknown_fake
data/raw/FFPP/real/703.mp4::sbi,fake,,,,SBI,unknown_fake
data/raw/FFPP/real/702.mp4::sbi,fake,,,,SBI,unknown_fake
data/raw/FFPP/real/704.mp4::sbi,fake,,,,SBI,unknown_fake
data/raw/FFPP/real/706.mp4::sbi,fake,,,,SBI,unknown_fake
data/raw/FFPP/real/707.mp4::sbi,fake,,,,SBI,unknown_fake
data/raw/FFPP/real/708.mp4::sbi,fake,,,,SBI,unknown_fake
data/raw/FFPP/real/710.mp4::sbi,fake,,,,SBI,unknown_fake
data/raw/FFPP/real/709.mp4::sbi,fake,,,,SBI,unknown_fake
data/raw/FFPP/real/712.mp4::sbi,fake,,,,SBI,unknown_fake
data/raw/FFPP/real/711.mp4::sbi,fake,,,,SBI,unknown_fake
data/raw/FFPP/real/713.mp4::sbi,fake,,,,SBI,unknown_fake
data/raw/FFPP/real/715.mp4::sbi,fake,,,,SBI,unknown_fake
data/raw/FFPP/real/716.mp4::sbi,fake,,,,SBI,unknown_fake
data/raw/FFPP/real/714.mp4::sbi,fake,,,,SBI,unknown_fake
data/raw/FFPP/real/717.mp4::sbi,fake,,,,SBI,unknown_fake
data/raw/FFPP/real/719.mp4::sbi,fake,,,,SBI,unknown_fake
data/raw/FFPP/real/720.mp4::sbi,fake,,,,SBI,unknown_fake
data/raw/FFPP/real/722.mp4::sbi,fake,,,,SBI,unknown_fake
data/raw/FFPP/real/723.mp4::sbi,fake,,,,SBI,unknown_fake
data/raw/FFPP/real/721.mp4::sbi,fake,,,,SBI,unknown_fake
data/raw/FFPP/real/724.mp4::sbi,fake,,,,SBI,unknown_fake
data/raw/FFPP/real/725.mp4::sbi,fake,,,,SBI,unknown_fake
data/raw/FFPP/real/727.mp4::sbi,fake,,,,SBI,unknown_fake
data/raw/FFPP/real/728.mp4::sbi,fake,,,,SBI,unknown_fake
data/raw/FFPP/real/729.mp4::sbi,fake,,,,SBI,unknown_fake
data/raw/FFPP/real/730.mp4::sbi,fake,,,,SBI,unknown_fake
data/raw/FFPP/real/731.mp4::sbi,fake,,,,SBI,unknown_fake
data/raw/FFPP/real/732.mp4::sbi,fake,,,,SBI,unknown_fake
data/raw/FFPP/real/734.mp4::sbi,fake,,,,SBI,unknown_fake
data/raw/FFPP/real/735.mp4::sbi,fake,,,,SBI,unknown_fake
data/raw/FFPP/real/737.mp4::sbi,fake,,,,SBI,unknown_fake
data/raw/FFPP/real/736.mp4::sbi,fake,,,,SBI,unknown_fake
data/raw/FFPP/real/738.mp4::sbi,fake,,,,SBI,unknown_fake
data/raw/FFPP/real/739.mp4::sbi,fake,,,,SBI,unknown_fake
data/raw/FFPP/real/740.mp4::sbi,fake,,,,SBI,unknown_fake
data/raw/FFPP/real/741.mp4::sbi,fake,,,,SBI,unknown_fake
data/raw/FFPP/real/742.mp4::sbi,fake,,,,SBI,unknown_fake
data/raw/FFPP/real/743.mp4::sbi,fake,,,,SBI,unknown_fake
data/raw/FFPP/real/744.mp4::sbi,fake,,,,SBI,unknown_fake
data/raw/FFPP/real/745.mp4::sbi,fake,,,,SBI,unknown_fake
data/raw/FFPP/real/746.mp4::sbi,fake,,,,SBI,unknown_fake
data/raw/FFPP/real/747.mp4::sbi,fake,,,,SBI,unknown_fake
data/raw/FFPP/real/749.mp4::sbi,fake,,,,SBI,unknown_fake
data/raw/FFPP/real/748.mp4::sbi,fake,,,,SBI,unknown_fake
data/raw/FFPP/real/750.mp4::sbi,fake,,,,SBI,unknown_fake
data/raw/FFPP/real/751.mp4::sbi,fake,,,,SBI,unknown_fake
data/raw/FFPP/real/752.mp4::sbi,fake,,,,SBI,unknown_fake
data/raw/FFPP/real/753.mp4::sbi,fake,,,,SBI,unknown_fake
data/raw/FFPP/real/755.mp4::sbi,fake,,,,SBI,unknown_fake
data/raw/FFPP/real/754.mp4::sbi,fake,,,,SBI,unknown_fake
data/raw/FFPP/real/756.mp4::sbi,fake,,,,SBI,unknown_fake
data/raw/FFPP/real/757.mp4::sbi,fake,,,,SBI,unknown_fake
data/raw/FFPP/real/758.mp4::sbi,fake,,,,SBI,unknown_fake
data/raw/FFPP/real/759.mp4::sbi,fake,,,,SBI,unknown_fake
data/raw/FFPP/real/760.mp4::sbi,fake,,,,SBI,unknown_fake
data/raw/FFPP/real/761.mp4::sbi,fake,,,,SBI,unknown_fake
data/raw/FFPP/real/763.mp4::sbi,fake,,,,SBI,unknown_fake
data/raw/FFPP/real/764.mp4::sbi,fake,,,,SBI,unknown_fake
data/raw/FFPP/real/765.mp4::sbi,fake,,,,SBI,unknown_fake
data/raw/FFPP/real/767.mp4::sbi,fake,,,,SBI,unknown_fake
data/raw/FFPP/real/770.mp4::sbi,fake,,,,SBI,unknown_fake
data/raw/FFPP/real/769.mp4::sbi,fake,,,,SBI,unknown_fake
data/raw/FFPP/real/772.mp4::sbi,fake,,,,SBI,unknown_fake
data/raw/FFPP/real/773.mp4::sbi,fake,,,,SBI,unknown_fake
data/raw/FFPP/real/774.mp4::sbi,fake,,,,SBI,unknown_fake
data/raw/FFPP/real/775.mp4::sbi,fake,,,,SBI,unknown_fake
data/raw/FFPP/real/778.mp4::sbi,fake,,,,SBI,unknown_fake
data/raw/FFPP/real/776.mp4::sbi,fake,,,,SBI,unknown_fake
data/raw/FFPP/real/779.mp4::sbi,fake,,,,SBI,unknown_fake
data/raw/FFPP/real/780.mp4::sbi,fake,,,,SBI,unknown_fake
data/raw/FFPP/real/781.mp4::sbi,fake,,,,SBI,unknown_fake
data/raw/FFPP/real/782.mp4::sbi,fake,,,,SBI,unknown_fake
data/raw/FFPP/real/783.mp4::sbi,fake,,,,SBI,unknown_fake
data/raw/FFPP/real/784.mp4::sbi,fake,,,,SBI,unknown_fake
data/raw/FFPP/real/785.mp4::sbi,fake,,,,SBI,unknown_fake
data/raw/FFPP/real/786.mp4::sbi,fake,,,,SBI,unknown_fake
data/raw/FFPP/real/788.mp4::sbi,fake,,,,SBI,unknown_fake
data/raw/FFPP/real/791.mp4::sbi,fake,,,,SBI,unknown_fake
data/raw/FFPP/real/789.mp4::sbi,fake,,,,SBI,unknown_fake
data/raw/FFPP/real/792.mp4::sbi,fake,,,,SBI,unknown_fake
data/raw/FFPP/real/794.mp4::sbi,fake,,,,SBI,unknown_fake
data/raw/FFPP/real/795.mp4::sbi,fake,,,,SBI,unknown_fake
data/raw/FFPP/real/797.mp4::sbi,fake,,,,SBI,unknown_fake
data/raw/FFPP/real/799.mp4::sbi,fake,,,,SBI,unknown_fake
data/raw/FFPP/real/800.mp4::sbi,fake,,,,SBI,unknown_fake
data/raw/FFPP/real/801.mp4::sbi,fake,,,,SBI,unknown_fake
data/raw/FFPP/real/802.mp4::sbi,fake,,,,SBI,unknown_fake
data/raw/FFPP/real/804.mp4::sbi,fake,,,,SBI,unknown_fake
data/raw/FFPP/real/805.mp4::sbi,fake,,,,SBI,unknown_fake
data/raw/FFPP/real/806.mp4::sbi,fake,,,,SBI,unknown_fake
data/raw/FFPP/real/807.mp4::sbi,fake,,,,SBI,unknown_fake
data/raw/FFPP/real/808.mp4::sbi,fake,,,,SBI,unknown_fake
data/raw/FFPP/real/809.mp4::sbi,fake,,,,SBI,unknown_fake
data/raw/FFPP/real/810.mp4::sbi,fake,,,,SBI,unknown_fake
data/raw/FFPP/real/811.mp4::sbi,fake,,,,SBI,unknown_fake
data/raw/FFPP/real/814.mp4::sbi,fake,,,,SBI,unknown_fake
data/raw/FFPP/real/813.mp4::sbi,fake,,,,SBI,unknown_fake
data/raw/FFPP/real/815.mp4::sbi,fake,,,,SBI,unknown_fake
data/raw/FFPP/real/817.mp4::sbi,fake,,,,SBI,unknown_fake
data/raw/FFPP/real/818.mp4::sbi,fake,,,,SBI,unknown_fake
data/raw/FFPP/real/819.mp4::sbi,fake,,,,SBI,unknown_fake
data/raw/FFPP/real/821.mp4::sbi,fake,,,,SBI,unknown_fake
data/raw/FFPP/real/820.mp4::sbi,fake,,,,SBI,unknown_fake
data/raw/FFPP/real/823.mp4::sbi,fake,,,,SBI,unknown_fake
data/raw/FFPP/real/822.mp4::sbi,fake,,,,SBI,unknown_fake
data/raw/FFPP/real/824.mp4::sbi,fake,,,,SBI,unknown_fake
data/raw/FFPP/real/825.mp4::sbi,fake,,,,SBI,unknown_fake
data/raw/FFPP/real/826.mp4::sbi,fake,,,,SBI,unknown_fake
data/raw/FFPP/real/827.mp4::sbi,fake,,,,SBI,unknown_fake
data/raw/FFPP/real/829.mp4::sbi,fake,,,,SBI,unknown_fake
data/raw/FFPP/real/831.mp4::sbi,fake,,,,SBI,unknown_fake
data/raw/FFPP/real/832.mp4::sbi,fake,,,,SBI,unknown_fake
data/raw/FFPP/real/833.mp4::sbi,fake,,,,SBI,unknown_fake
data/raw/FFPP/real/834.mp4::sbi,fake,,,,SBI,unknown_fake
data/raw/FFPP/real/835.mp4::sbi,fake,,,,SBI,unknown_fake
data/raw/FFPP/real/837.mp4::sbi,fake,,,,SBI,unknown_fake
data/raw/FFPP/real/838.mp4::sbi,fake,,,,SBI,unknown_fake
data/raw/FFPP/real/839.mp4::sbi,fake,,,,SBI,unknown_fake
data/raw/FFPP/real/840.mp4::sbi,fake,,,,SBI,unknown_fake
data/raw/FFPP/real/843.mp4::sbi,fake,,,,SBI,unknown_fake
data/raw/FFPP/real/844.mp4::sbi,fake,,,,SBI,unknown_fake
data/raw/FFPP/real/846.mp4::sbi,fake,,,,SBI,unknown_fake
data/raw/FFPP/real/847.mp4::sbi,fake,,,,SBI,unknown_fake
data/raw/FFPP/real/848.mp4::sbi,fake,,,,SBI,unknown_fake
data/raw/FFPP/real/849.mp4::sbi,fake,,,,SBI,unknown_fake
data/raw/FFPP/real/850.mp4::sbi,fake,,,,SBI,unknown_fake
data/raw/FFPP/real/852.mp4::sbi,fake,,,,SBI,unknown_fake
data/raw/FFPP/real/853.mp4::sbi,fake,,,,SBI,unknown_fake
data/raw/FFPP/real/854.mp4::sbi,fake,,,,SBI,unknown_fake
data/raw/FFPP/real/855.mp4::sbi,fake,,,,SBI,unknown_fake
data/raw/FFPP/real/856.mp4::sbi,fake,,,,SBI,unknown_fake
data/raw/FFPP/real/857.mp4::sbi,fake,,,,SBI,unknown_fake
data/raw/FFPP/real/858.mp4::sbi,fake,,,,SBI,unknown_fake
data/raw/FFPP/real/859.mp4::sbi,fake,,,,SBI,unknown_fake
data/raw/FFPP/real/860.mp4::sbi,fake,,,,SBI,unknown_fake
data/raw/FFPP/real/861.mp4::sbi,fake,,,,SBI,unknown_fake
data/raw/FFPP/real/862.mp4::sbi,fake,,,,SBI,unknown_fake
data/raw/FFPP/real/864.mp4::sbi,fake,,,,SBI,unknown_fake
data/raw/FFPP/real/865.mp4::sbi,fake,,,,SBI,unknown_fake
data/raw/FFPP/real/866.mp4::sbi,fake,,,,SBI,unknown_fake
data/raw/FFPP/real/867.mp4::sbi,fake,,,,SBI,unknown_fake
data/raw/FFPP/real/868.mp4::sbi,fake,,,,SBI,unknown_fake
data/raw/FFPP/real/869.mp4::sbi,fake,,,,SBI,unknown_fake
data/raw/FFPP/real/870.mp4::sbi,fake,,,,SBI,unknown_fake
data/raw/FFPP/real/871.mp4::sbi,fake,,,,SBI,unknown_fake
data/raw/FFPP/real/872.mp4::sbi,fake,,,,SBI,unknown_fake
data/raw/FFPP/real/874.mp4::sbi,fake,,,,SBI,unknown_fake
data/raw/FFPP/real/875.mp4::sbi,fake,,,,SBI,unknown_fake
data/raw/FFPP/real/876.mp4::sbi,fake,,,,SBI,unknown_fake
data/raw/FFPP/real/877.mp4::sbi,fake,,,,SBI,unknown_fake
data/raw/FFPP/real/879.mp4::sbi,fake,,,,SBI,unknown_fake
data/raw/FFPP/real/878.mp4::sbi,fake,,,,SBI,unknown_fake
data/raw/FFPP/real/881.mp4::sbi,fake,,,,SBI,unknown_fake
data/raw/FFPP/real/885.mp4::sbi,fake,,,,SBI,unknown_fake
data/raw/FFPP/real/887.mp4::sbi,fake,,,,SBI,unknown_fake
data/raw/FFPP/real/891.mp4::sbi,fake,,,,SBI,unknown_fake
data/raw/FFPP/real/889.mp4::sbi,fake,,,,SBI,unknown_fake
data/raw/FFPP/real/892.mp4::sbi,fake,,,,SBI,unknown_fake
data/raw/FFPP/real/893.mp4::sbi,fake,,,,SBI,unknown_fake
data/raw/FFPP/real/894.mp4::sbi,fake,,,,SBI,unknown_fake
data/raw/FFPP/real/897.mp4::sbi,fake,,,,SBI,unknown_fake
data/raw/FFPP/real/899.mp4::sbi,fake,,,,SBI,unknown_fake
data/raw/FFPP/real/901.mp4::sbi,fake,,,,SBI,unknown_fake
data/raw/FFPP/real/898.mp4::sbi,fake,,,,SBI,unknown_fake
data/raw/FFPP/real/902.mp4::sbi,fake,,,,SBI,unknown_fake
data/raw/FFPP/real/903.mp4::sbi,fake,,,,SBI,unknown_fake
data/raw/FFPP/real/904.mp4::sbi,fake,,,,SBI,unknown_fake
data/raw/FFPP/real/905.mp4::sbi,fake,,,,SBI,unknown_fake
data/raw/FFPP/real/909.mp4::sbi,fake,,,,SBI,unknown_fake
data/raw/FFPP/real/907.mp4::sbi,fake,,,,SBI,unknown_fake
data/raw/FFPP/real/910.mp4::sbi,fake,,,,SBI,unknown_fake
data/raw/FFPP/real/911.mp4::sbi,fake,,,,SBI,unknown_fake
data/raw/FFPP/real/912.mp4::sbi,fake,,,,SBI,unknown_fake
data/raw/FFPP/real/913.mp4::sbi,fake,,,,SBI,unknown_fake
data/raw/FFPP/real/914.mp4::sbi,fake,,,,SBI,unknown_fake
data/raw/FFPP/real/915.mp4::sbi,fake,,,,SBI,unknown_fake
data/raw/FFPP/real/916.mp4::sbi,fake,,,,SBI,unknown_fake
data/raw/FFPP/real/917.mp4::sbi,fake,,,,SBI,unknown_fake
data/raw/FFPP/real/918.mp4::sbi,fake,,,,SBI,unknown_fake
data/raw/FFPP/real/919.mp4::sbi,fake,,,,SBI,unknown_fake
data/raw/FFPP/real/920.mp4::sbi,fake,,,,SBI,unknown_fake
data/raw/FFPP/real/921.mp4::sbi,fake,,,,SBI,unknown_fake
data/raw/FFPP/real/922.mp4::sbi,fake,,,,SBI,unknown_fake
data/raw/FFPP/real/924.mp4::sbi,fake,,,,SBI,unknown_fake
data/raw/FFPP/real/925.mp4::sbi,fake,,,,SBI,unknown_fake
data/raw/FFPP/real/928.mp4::sbi,fake,,,,SBI,unknown_fake
data/raw/FFPP/real/931.mp4::sbi,fake,,,,SBI,unknown_fake
data/raw/FFPP/real/930.mp4::sbi,fake,,,,SBI,unknown_fake
data/raw/FFPP/real/932.mp4::sbi,fake,,,,SBI,unknown_fake
data/raw/FFPP/real/934.mp4::sbi,fake,,,,SBI,unknown_fake
data/raw/FFPP/real/935.mp4::sbi,fake,,,,SBI,unknown_fake
data/raw/FFPP/real/936.mp4::sbi,fake,,,,SBI,unknown_fake
data/raw/FFPP/real/937.mp4::sbi,fake,,,,SBI,unknown_fake
data/raw/FFPP/real/938.mp4::sbi,fake,,,,SBI,unknown_fake
data/raw/FFPP/real/939.mp4::sbi,fake,,,,SBI,unknown_fake
data/raw/FFPP/real/940.mp4::sbi,fake,,,,SBI,unknown_fake
data/raw/FFPP/real/943.mp4::sbi,fake,,,,SBI,unknown_fake
data/raw/FFPP/real/942.mp4::sbi,fake,,,,SBI,unknown_fake
data/raw/FFPP/real/941.mp4::sbi,fake,,,,SBI,unknown_fake
data/raw/FFPP/real/945.mp4::sbi,fake,,,,SBI,unknown_fake
data/raw/FFPP/real/947.mp4::sbi,fake,,,,SBI,unknown_fake
data/raw/FFPP/real/948.mp4::sbi,fake,,,,SBI,unknown_fake
data/raw/FFPP/real/949.mp4::sbi,fake,,,,SBI,unknown_fake
data/raw/FFPP/real/951.mp4::sbi,fake,,,,SBI,unknown_fake
data/raw/FFPP/real/950.mp4::sbi,fake,,,,SBI,unknown_fake
data/raw/FFPP/real/954.mp4::sbi,fake,,,,SBI,unknown_fake
data/raw/FFPP/real/956.mp4::sbi,fake,,,,SBI,unknown_fake
data/raw/FFPP/real/957.mp4::sbi,fake,,,,SBI,unknown_fake
data/raw/FFPP/real/958.mp4::sbi,fake,,,,SBI,unknown_fake
data/raw/FFPP/real/960.mp4::sbi,fake,,,,SBI,unknown_fake
data/raw/FFPP/real/959.mp4::sbi,fake,,,,SBI,unknown_fake
data/raw/FFPP/real/961.mp4::sbi,fake,,,,SBI,unknown_fake
data/raw/FFPP/real/962.mp4::sbi,fake,,,,SBI,unknown_fake
data/raw/FFPP/real/963.mp4::sbi,fake,,,,SBI,unknown_fake
data/raw/FFPP/real/964.mp4::sbi,fake,,,,SBI,unknown_fake
data/raw/FFPP/real/965.mp4::sbi,fake,,,,SBI,unknown_fake
data/raw/FFPP/real/966.mp4::sbi,fake,,,,SBI,unknown_fake
data/raw/FFPP/real/967.mp4::sbi,fake,,,,SBI,unknown_fake
data/raw/FFPP/real/968.mp4::sbi,fake,,,,SBI,unknown_fake
data/raw/FFPP/real/969.mp4::sbi,fake,,,,SBI,unknown_fake
data/raw/FFPP/real/970.mp4::sbi,fake,,,,SBI,unknown_fake
data/raw/FFPP/real/971.mp4::sbi,fake,,,,SBI,unknown_fake
data/raw/FFPP/real/973.mp4::sbi,fake,,,,SBI,unknown_fake
data/raw/FFPP/real/972.mp4::sbi,fake,,,,SBI,unknown_fake
data/raw/FFPP/real/974.mp4::sbi,fake,,,,SBI,unknown_fake
data/raw/FFPP/real/976.mp4::sbi,fake,,,,SBI,unknown_fake
data/raw/FFPP/real/977.mp4::sbi,fake,,,,SBI,unknown_fake
data/raw/FFPP/real/978.mp4::sbi,fake,,,,SBI,unknown_fake
data/raw/FFPP/real/980.mp4::sbi,fake,,,,SBI,unknown_fake
data/raw/FFPP/real/979.mp4::sbi,fake,,,,SBI,unknown_fake
data/raw/FFPP/real/981.mp4::sbi,fake,,,,SBI,unknown_fake
data/raw/FFPP/real/982.mp4::sbi,fake,,,,SBI,unknown_fake
data/raw/FFPP/real/983.mp4::sbi,fake,,,,SBI,unknown_fake
data/raw/FFPP/real/985.mp4::sbi,fake,,,,SBI,unknown_fake
data/raw/FFPP/real/986.mp4::sbi,fake,,,,SBI,unknown_fake
data/raw/FFPP/real/987.mp4::sbi,fake,,,,SBI,unknown_fake
data/raw/FFPP/real/988.mp4::sbi,fake,,,,SBI,unknown_fake
data/raw/FFPP/real/990.mp4::sbi,fake,,,,SBI,unknown_fake
data/raw/FFPP/real/991.mp4::sbi,fake,,,,SBI,unknown_fake
data/raw/FFPP/real/992.mp4::sbi,fake,,,,SBI,unknown_fake
data/raw/FFPP/real/993.mp4::sbi,fake,,,,SBI,unknown_fake
data/raw/FFPP/real/995.mp4::sbi,fake,,,,SBI,unknown_fake
data/raw/FFPP/real/999.mp4::sbi,fake,,,,SBI,unknown_fake
data/raw/FFPP/real/id0_0000.mp4::sbi,fake,,,,SBI,unknown_fake
data/raw/FFPP/real/id0_0001.mp4::sbi,fake,,,,SBI,unknown_fake
data/raw/FFPP/real/id0_0002.mp4::sbi,fake,,,,SBI,unknown_fake
data/raw/FFPP/real/id0_0003.mp4::sbi,fake,,,,SBI,unknown_fake
data/raw/FFPP/real/id0_0005.mp4::sbi,fake,,,,SBI,unknown_fake
data/raw/FFPP/real/id0_0006.mp4::sbi,fake,,,,SBI,unknown_fake
data/raw/FFPP/real/id0_0007.mp4::sbi,fake,,,,SBI,unknown_fake
data/raw/FFPP/real/id0_0008.mp4::sbi,fake,,,,SBI,unknown_fake
data/raw/FFPP/real/id0_0009.mp4::sbi,fake,,,,SBI,unknown_fake
data/raw/FFPP/real/id10_0000.mp4::sbi,fake,,,,SBI,unknown_fake
data/raw/FFPP/real/id10_0001.mp4::sbi,fake,,,,SBI,unknown_fake
data/raw/FFPP/real/id10_0002.mp4::sbi,fake,,,,SBI,unknown_fake
data/raw/FFPP/real/id10_0003.mp4::sbi,fake,,,,SBI,unknown_fake
data/raw/FFPP/real/id10_0005.mp4::sbi,fake,,,,SBI,unknown_fake
data/raw/FFPP/real/id10_0006.mp4::sbi,fake,,,,SBI,unknown_fake
data/raw/FFPP/real/id10_0007.mp4::sbi,fake,,,,SBI,unknown_fake
data/raw/FFPP/real/id10_0008.mp4::sbi,fake,,,,SBI,unknown_fake
data/raw/FFPP/real/id10_0009.mp4::sbi,fake,,,,SBI,unknown_fake
data/raw/FFPP/real/id11_0000.mp4::sbi,fake,,,,SBI,unknown_fake
data/raw/FFPP/real/id11_0002.mp4::sbi,fake,,,,SBI,unknown_fake
data/raw/FFPP/real/id11_0003.mp4::sbi,fake,,,,SBI,unknown_fake
data/raw/FFPP/real/id11_0004.mp4::sbi,fake,,,,SBI,unknown_fake
data/raw/FFPP/real/id11_0005.mp4::sbi,fake,,,,SBI,unknown_fake
data/raw/FFPP/real/id11_0006.mp4::sbi,fake,,,,SBI,unknown_fake
data/raw/FFPP/real/id11_0007.mp4::sbi,fake,,,,SBI,unknown_fake
data/raw/FFPP/real/id11_0008.mp4::sbi,fake,,,,SBI,unknown_fake
data/raw/FFPP/real/id11_0010.mp4::sbi,fake,,,,SBI,unknown_fake
data/raw/FFPP/real/id12_0000.mp4::sbi,fake,,,,SBI,unknown_fake
data/raw/FFPP/real/id12_0002.mp4::sbi,fake,,,,SBI,unknown_fake
data/raw/FFPP/real/id12_0003.mp4::sbi,fake,,,,SBI,unknown_fake
data/raw/FFPP/real/id12_0004.mp4::sbi,fake,,,,SBI,unknown_fake
data/raw/FFPP/real/id12_0006.mp4::sbi,fake,,,,SBI,unknown_fake
data/raw/FFPP/real/id13_0000.mp4::sbi,fake,,,,SBI,unknown_fake
data/raw/FFPP/real/id13_0001.mp4::sbi,fake,,,,SBI,unknown_fake
data/raw/FFPP/real/id13_0003.mp4::sbi,fake,,,,SBI,unknown_fake
data/raw/FFPP/real/id13_0004.mp4::sbi,fake,,,,SBI,unknown_fake
data/raw/FFPP/real/id13_0007.mp4::sbi,fake,,,,SBI,unknown_fake
data/raw/FFPP/real/id13_0008.mp4::sbi,fake,,,,SBI,unknown_fake
data/raw/FFPP/real/id13_0009.mp4::sbi,fake,,,,SBI,unknown_fake
data/raw/FFPP/real/id13_0010.mp4::sbi,fake,,,,SBI,unknown_fake
data/raw/FFPP/real/id13_0011.mp4::sbi,fake,,,,SBI,unknown_fake
data/raw/FFPP/real/id13_0012.mp4::sbi,fake,,,,SBI,unknown_fake
data/raw/FFPP/real/id13_0013.mp4::sbi,fake,,,,SBI,unknown_fake
data/raw/FFPP/real/id13_0014.mp4::sbi,fake,,,,SBI,unknown_fake
data/raw/FFPP/real/id13_0015.mp4::sbi,fake,,,,SBI,unknown_fake
data/raw/FFPP/real/id16_0001.mp4::sbi,fake,,,,SBI,unknown_fake
data/raw/FFPP/real/id16_0003.mp4::sbi,fake,,,,SBI,unknown_fake
data/raw/FFPP/real/id16_0004.mp4::sbi,fake,,,,SBI,unknown_fake
data/raw/FFPP/real/id16_0005.mp4::sbi,fake,,,,SBI,unknown_fake
data/raw/FFPP/real/id16_0006.mp4::sbi,fake,,,,SBI,unknown_fake
data/raw/FFPP/real/id16_0007.mp4::sbi,fake,,,,SBI,unknown_fake
data/raw/FFPP/real/id16_0008.mp4::sbi,fake,,,,SBI,unknown_fake
data/raw/FFPP/real/id16_0009.mp4::sbi,fake,,,,SBI,unknown_fake
data/raw/FFPP/real/id16_0011.mp4::sbi,fake,,,,SBI,unknown_fake
data/raw/FFPP/real/id17_0000.mp4::sbi,fake,,,,SBI,unknown_fake
data/raw/FFPP/real/id17_0002.mp4::sbi,fake,,,,SBI,unknown_fake
data/raw/FFPP/real/id17_0003.mp4::sbi,fake,,,,SBI,unknown_fake
data/raw/FFPP/real/id17_0004.mp4::sbi,fake,,,,SBI,unknown_fake
data/raw/FFPP/real/id17_0005.mp4::sbi,fake,,,,SBI,unknown_fake
data/raw/FFPP/real/id17_0006.mp4::sbi,fake,,,,SBI,unknown_fake
data/raw/FFPP/real/id17_0007.mp4::sbi,fake,,,,SBI,unknown_fake
data/raw/FFPP/real/id17_0008.mp4::sbi,fake,,,,SBI,unknown_fake
data/raw/FFPP/real/id17_0009.mp4::sbi,fake,,,,SBI,unknown_fake
data/raw/FFPP/real/id19_0000.mp4::sbi,fake,,,,SBI,unknown_fake
data/raw/FFPP/real/id19_0001.mp4::sbi,fake,,,,SBI,unknown_fake
data/raw/FFPP/real/id19_0002.mp4::sbi,fake,,,,SBI,unknown_fake
data/raw/FFPP/real/id19_0003.mp4::sbi,fake,,,,SBI,unknown_fake
data/raw/FFPP/real/id19_0004.mp4::sbi,fake,,,,SBI,unknown_fake
data/raw/FFPP/real/id19_0005.mp4::sbi,fake,,,,SBI,unknown_fake
data/raw/FFPP/real/id19_0006.mp4::sbi,fake,,,,SBI,unknown_fake
data/raw/FFPP/real/id19_0007.mp4::sbi,fake,,,,SBI,unknown_fake
data/raw/FFPP/real/id19_0008.mp4::sbi,fake,,,,SBI,unknown_fake
data/raw/FFPP/real/id19_0009.mp4::sbi,fake,,,,SBI,unknown_fake
data/raw/FFPP/real/id1_0001.mp4::sbi,fake,,,,SBI,unknown_fake
data/raw/FFPP/real/id1_0002.mp4::sbi,fake,,,,SBI,unknown_fake
data/raw/FFPP/real/id1_0003.mp4::sbi,fake,,,,SBI,unknown_fake
data/raw/FFPP/real/id1_0004.mp4::sbi,fake,,,,SBI,unknown_fake
data/raw/FFPP/real/id1_0005.mp4::sbi,fake,,,,SBI,unknown_fake
data/raw/FFPP/real/id1_0006.mp4::sbi,fake,,,,SBI,unknown_fake
data/raw/FFPP/real/id1_0008.mp4::sbi,fake,,,,SBI,unknown_fake
data/raw/FFPP/real/id1_0009.mp4::sbi,fake,,,,SBI,unknown_fake
data/raw/FFPP/real/id20_0000.mp4::sbi,fake,,,,SBI,unknown_fake
data/raw/FFPP/real/id20_0001.mp4::sbi,fake,,,,SBI,unknown_fake
data/raw/FFPP/real/id20_0002.mp4::sbi,fake,,,,SBI,unknown_fake
data/raw/FFPP/real/id20_0004.mp4::sbi,fake,,,,SBI,unknown_fake
data/raw/FFPP/real/id20_0005.mp4::sbi,fake,,,,SBI,unknown_fake
data/raw/FFPP/real/id20_0006.mp4::sbi,fake,,,,SBI,unknown_fake
data/raw/FFPP/real/id20_0008.mp4::sbi,fake,,,,SBI,unknown_fake
data/raw/FFPP/real/id20_0009.mp4::sbi,fake,,,,SBI,unknown_fake
data/raw/FFPP/real/id21_0000.mp4::sbi,fake,,,,SBI,unknown_fake
data/raw/FFPP/real/id21_0001.mp4::sbi,fake,,,,SBI,unknown_fake
data/raw/FFPP/real/id21_0004.mp4::sbi,fake,,,,SBI,unknown_fake
data/raw/FFPP/real/id21_0005.mp4::sbi,fake,,,,SBI,unknown_fake
data/raw/FFPP/real/id21_0006.mp4::sbi,fake,,,,SBI,unknown_fake
data/raw/FFPP/real/id21_0007.mp4::sbi,fake,,,,SBI,unknown_fake
data/raw/FFPP/real/id21_0008.mp4::sbi,fake,,,,SBI,unknown_fake
data/raw/FFPP/real/id21_0009.mp4::sbi,fake,,,,SBI,unknown_fake
data/raw/FFPP/real/id22_0000.mp4::sbi,fake,,,,SBI,unknown_fake
data/raw/FFPP/real/id22_0001.mp4::sbi,fake,,,,SBI,unknown_fake
data/raw/FFPP/real/id22_0002.mp4::sbi,fake,,,,SBI,unknown_fake
data/raw/FFPP/real/id22_0003.mp4::sbi,fake,,,,SBI,unknown_fake
data/raw/FFPP/real/id22_0004.mp4::sbi,fake,,,,SBI,unknown_fake
data/raw/FFPP/real/id22_0006.mp4::sbi,fake,,,,SBI,unknown_fake
data/raw/FFPP/real/id22_0008.mp4::sbi,fake,,,,SBI,unknown_fake
data/raw/FFPP/real/id22_0009.mp4::sbi,fake,,,,SBI,unknown_fake
data/raw/FFPP/real/id23_0002.mp4::sbi,fake,,,,SBI,unknown_fake
data/raw/FFPP/real/id23_0003.mp4::sbi,fake,,,,SBI,unknown_fake
data/raw/FFPP/real/id23_0004.mp4::sbi,fake,,,,SBI,unknown_fake
data/raw/FFPP/real/id23_0006.mp4::sbi,fake,,,,SBI,unknown_fake
data/raw/FFPP/real/id23_0007.mp4::sbi,fake,,,,SBI,unknown_fake
data/raw/FFPP/real/id23_0008.mp4::sbi,fake,,,,SBI,unknown_fake
data/raw/FFPP/real/id23_0009.mp4::sbi,fake,,,,SBI,unknown_fake
data/raw/FFPP/real/id24_0001.mp4::sbi,fake,,,,SBI,unknown_fake
data/raw/FFPP/real/id24_0002.mp4::sbi,fake,,,,SBI,unknown_fake
data/raw/FFPP/real/id24_0003.mp4::sbi,fake,,,,SBI,unknown_fake
data/raw/FFPP/real/id24_0004.mp4::sbi,fake,,,,SBI,unknown_fake
data/raw/FFPP/real/id24_0005.mp4::sbi,fake,,,,SBI,unknown_fake
data/raw/FFPP/real/id24_0006.mp4::sbi,fake,,,,SBI,unknown_fake
data/raw/FFPP/real/id24_0007.mp4::sbi,fake,,,,SBI,unknown_fake
data/raw/FFPP/real/id24_0008.mp4::sbi,fake,,,,SBI,unknown_fake
data/raw/FFPP/real/id24_0009.mp4::sbi,fake,,,,SBI,unknown_fake
data/raw/FFPP/real/id25_0000.mp4::sbi,fake,,,,SBI,unknown_fake
data/raw/FFPP/real/id25_0001.mp4::sbi,fake,,,,SBI,unknown_fake
data/raw/FFPP/real/id25_0002.mp4::sbi,fake,,,,SBI,unknown_fake
data/raw/FFPP/real/id25_0003.mp4::sbi,fake,,,,SBI,unknown_fake
data/raw/FFPP/real/id25_0004.mp4::sbi,fake,,,,SBI,unknown_fake
data/raw/FFPP/real/id25_0005.mp4::sbi,fake,,,,SBI,unknown_fake
data/raw/FFPP/real/id25_0006.mp4::sbi,fake,,,,SBI,unknown_fake
data/raw/FFPP/real/id25_0007.mp4::sbi,fake,,,,SBI,unknown_fake
data/raw/FFPP/real/id25_0008.mp4::sbi,fake,,,,SBI,unknown_fake
data/raw/FFPP/real/id25_0010.mp4::sbi,fake,,,,SBI,unknown_fake
data/raw/FFPP/real/id26_0000.mp4::sbi,fake,,,,SBI,unknown_fake
data/raw/FFPP/real/id26_0002.mp4::sbi,fake,,,,SBI,unknown_fake
data/raw/FFPP/real/id26_0004.mp4::sbi,fake,,,,SBI,unknown_fake
data/raw/FFPP/real/id26_0003.mp4::sbi,fake,,,,SBI,unknown_fake
data/raw/FFPP/real/id26_0006.mp4::sbi,fake,,,,SBI,unknown_fake
data/raw/FFPP/real/id26_0007.mp4::sbi,fake,,,,SBI,unknown_fake
data/raw/FFPP/real/id26_0008.mp4::sbi,fake,,,,SBI,unknown_fake
data/raw/FFPP/real/id26_0009.mp4::sbi,fake,,,,SBI,unknown_fake
data/raw/FFPP/real/id27_0000.mp4::sbi,fake,,,,SBI,unknown_fake
data/raw/FFPP/real/id27_0002.mp4::sbi,fake,,,,SBI,unknown_fake
data/raw/FFPP/real/id27_0004.mp4::sbi,fake,,,,SBI,unknown_fake
data/raw/FFPP/real/id27_0006.mp4::sbi,fake,,,,SBI,unknown_fake
data/raw/FFPP/real/id27_0008.mp4::sbi,fake,,,,SBI,unknown_fake
data/raw/FFPP/real/id27_0009.mp4::sbi,fake,,,,SBI,unknown_fake
data/raw/FFPP/real/id28_0000.mp4::sbi,fake,,,,SBI,unknown_fake
data/raw/FFPP/real/id28_0001.mp4::sbi,fake,,,,SBI,unknown_fake
data/raw/FFPP/real/id28_0002.mp4::sbi,fake,,,,SBI,unknown_fake
data/raw/FFPP/real/id28_0003.mp4::sbi,fake,,,,SBI,unknown_fake
data/raw/FFPP/real/id28_0004.mp4::sbi,fake,,,,SBI,unknown_fake
data/raw/FFPP/real/id28_0005.mp4::sbi,fake,,,,SBI,unknown_fake
data/raw/FFPP/real/id28_0006.mp4::sbi,fake,,,,SBI,unknown_fake
data/raw/FFPP/real/id28_0007.mp4::sbi,fake,,,,SBI,unknown_fake
data/raw/FFPP/real/id28_0008.mp4::sbi,fake,,,,SBI,unknown_fake
data/raw/FFPP/real/id28_0009.mp4::sbi,fake,,,,SBI,unknown_fake
data/raw/FFPP/real/id29_0000.mp4::sbi,fake,,,,SBI,unknown_fake
data/raw/FFPP/real/id29_0001.mp4::sbi,fake,,,,SBI,unknown_fake
data/raw/FFPP/real/id29_0003.mp4::sbi,fake,,,,SBI,unknown_fake
data/raw/FFPP/real/id29_0004.mp4::sbi,fake,,,,SBI,unknown_fake
data/raw/FFPP/real/id29_0005.mp4::sbi,fake,,,,SBI,unknown_fake
data/raw/FFPP/real/id29_0006.mp4::sbi,fake,,,,SBI,unknown_fake
data/raw/FFPP/real/id29_0007.mp4::sbi,fake,,,,SBI,unknown_fake
data/raw/FFPP/real/id29_0008.mp4::sbi,fake,,,,SBI,unknown_fake
data/raw/FFPP/real/id29_0009.mp4::sbi,fake,,,,SBI,unknown_fake
data/raw/FFPP/real/id2_0000.mp4::sbi,fake,,,,SBI,unknown_fake
data/raw/FFPP/real/id2_0001.mp4::sbi,fake,,,,SBI,unknown_fake
data/raw/FFPP/real/id2_0002.mp4::sbi,fake,,,,SBI,unknown_fake
data/raw/FFPP/real/id2_0003.mp4::sbi,fake,,,,SBI,unknown_fake
data/raw/FFPP/real/id2_0004.mp4::sbi,fake,,,,SBI,unknown_fake
data/raw/FFPP/real/id2_0005.mp4::sbi,fake,,,,SBI,unknown_fake
data/raw/FFPP/real/id2_0006.mp4::sbi,fake,,,,SBI,unknown_fake
data/raw/FFPP/real/id2_0007.mp4::sbi,fake,,,,SBI,unknown_fake
data/raw/FFPP/real/id2_0008.mp4::sbi,fake,,,,SBI,unknown_fake
data/raw/FFPP/real/id2_0009.mp4::sbi,fake,,,,SBI,unknown_fake
data/raw/FFPP/real/id30_0001.mp4::sbi,fake,,,,SBI,unknown_fake
data/raw/FFPP/real/id30_0002.mp4::sbi,fake,,,,SBI,unknown_fake
data/raw/FFPP/real/id30_0004.mp4::sbi,fake,,,,SBI,unknown_fake
data/raw/FFPP/real/id30_0006.mp4::sbi,fake,,,,SBI,unknown_fake
data/raw/FFPP/real/id30_0007.mp4::sbi,fake,,,,SBI,unknown_fake
data/raw/FFPP/real/id30_0008.mp4::sbi,fake,,,,SBI,unknown_fake
data/raw/FFPP/real/id30_0009.mp4::sbi,fake,,,,SBI,unknown_fake
data/raw/FFPP/real/id31_0000.mp4::sbi,fake,,,,SBI,unknown_fake
data/raw/FFPP/real/id31_0001.mp4::sbi,fake,,,,SBI,unknown_fake
data/raw/FFPP/real/id31_0002.mp4::sbi,fake,,,,SBI,unknown_fake
data/raw/FFPP/real/id31_0003.mp4::sbi,fake,,,,SBI,unknown_fake
data/raw/FFPP/real/id31_0004.mp4::sbi,fake,,,,SBI,unknown_fake
data/raw/FFPP/real/id31_0005.mp4::sbi,fake,,,,SBI,unknown_fake
data/raw/FFPP/real/id31_0006.mp4::sbi,fake,,,,SBI,unknown_fake
data/raw/FFPP/real/id31_0008.mp4::sbi,fake,,,,SBI,unknown_fake
data/raw/FFPP/real/id31_0009.mp4::sbi,fake,,,,SBI,unknown_fake
data/raw/FFPP/real/id32_0000.mp4::sbi,fake,,,,SBI,unknown_fake
data/raw/FFPP/real/id32_0001.mp4::sbi,fake,,,,SBI,unknown_fake
data/raw/FFPP/real/id32_0002.mp4::sbi,fake,,,,SBI,unknown_fake
data/raw/FFPP/real/id32_0003.mp4::sbi,fake,,,,SBI,unknown_fake
data/raw/FFPP/real/id32_0004.mp4::sbi,fake,,,,SBI,unknown_fake
data/raw/FFPP/real/id32_0005.mp4::sbi,fake,,,,SBI,unknown_fake
data/raw/FFPP/real/id32_0006.mp4::sbi,fake,,,,SBI,unknown_fake
data/raw/FFPP/real/id32_0007.mp4::sbi,fake,,,,SBI,unknown_fake
data/raw/FFPP/real/id32_0008.mp4::sbi,fake,,,,SBI,unknown_fake
data/raw/FFPP/real/id33_0000.mp4::sbi,fake,,,,SBI,unknown_fake
data/raw/FFPP/real/id33_0001.mp4::sbi,fake,,,,SBI,unknown_fake
data/raw/FFPP/real/id33_0002.mp4::sbi,fake,,,,SBI,unknown_fake
data/raw/FFPP/real/id33_0003.mp4::sbi,fake,,,,SBI,unknown_fake
data/raw/FFPP/real/id33_0004.mp4::sbi,fake,,,,SBI,unknown_fake
data/raw/FFPP/real/id33_0005.mp4::sbi,fake,,,,SBI,unknown_fake
data/raw/FFPP/real/id33_0006.mp4::sbi,fake,,,,SBI,unknown_fake
data/raw/FFPP/real/id33_0008.mp4::sbi,fake,,,,SBI,unknown_fake
data/raw/FFPP/real/id33_0009.mp4::sbi,fake,,,,SBI,unknown_fake
data/raw/FFPP/real/id34_0000.mp4::sbi,fake,,,,SBI,unknown_fake
data/raw/FFPP/real/id34_0001.mp4::sbi,fake,,,,SBI,unknown_fake
data/raw/FFPP/real/id34_0002.mp4::sbi,fake,,,,SBI,unknown_fake
data/raw/FFPP/real/id34_0003.mp4::sbi,fake,,,,SBI,unknown_fake
data/raw/FFPP/real/id34_0004.mp4::sbi,fake,,,,SBI,unknown_fake
data/raw/FFPP/real/id34_0006.mp4::sbi,fake,,,,SBI,unknown_fake
data/raw/FFPP/real/id34_0005.mp4::sbi,fake,,,,SBI,unknown_fake
data/raw/FFPP/real/id34_0007.mp4::sbi,fake,,,,SBI,unknown_fake
data/raw/FFPP/real/id34_0008.mp4::sbi,fake,,,,SBI,unknown_fake
data/raw/FFPP/real/id34_0009.mp4::sbi,fake,,,,SBI,unknown_fake
data/raw/FFPP/real/id35_0000.mp4::sbi,fake,,,,SBI,unknown_fake
data/raw/FFPP/real/id35_0001.mp4::sbi,fake,,,,SBI,unknown_fake
data/raw/FFPP/real/id35_0002.mp4::sbi,fake,,,,SBI,unknown_fake
data/raw/FFPP/real/id35_0003.mp4::sbi,fake,,,,SBI,unknown_fake
data/raw/FFPP/real/id35_0004.mp4::sbi,fake,,,,SBI,unknown_fake
data/raw/FFPP/real/id35_0005.mp4::sbi,fake,,,,SBI,unknown_fake
data/raw/FFPP/real/id35_0006.mp4::sbi,fake,,,,SBI,unknown_fake
data/raw/FFPP/real/id35_0007.mp4::sbi,fake,,,,SBI,unknown_fake
data/raw/FFPP/real/id35_0008.mp4::sbi,fake,,,,SBI,unknown_fake
data/raw/FFPP/real/id35_0009.mp4::sbi,fake,,,,SBI,unknown_fake
data/raw/FFPP/real/id36_0000.mp4::sbi,fake,,,,SBI,unknown_fake
data/raw/FFPP/real/id36_0001.mp4::sbi,fake,,,,SBI,unknown_fake
data/raw/FFPP/real/id36_0002.mp4::sbi,fake,,,,SBI,unknown_fake
data/raw/FFPP/real/id36_0004.mp4::sbi,fake,,,,SBI,unknown_fake
data/raw/FFPP/real/id36_0003.mp4::sbi,fake,,,,SBI,unknown_fake
data/raw/FFPP/real/id36_0005.mp4::sbi,fake,,,,SBI,unknown_fake
data/raw/FFPP/real/id36_0007.mp4::sbi,fake,,,,SBI,unknown_fake
data/raw/FFPP/real/id36_0008.mp4::sbi,fake,,,,SBI,unknown_fake
data/raw/FFPP/real/id36_0009.mp4::sbi,fake,,,,SBI,unknown_fake
data/raw/FFPP/real/id37_0000.mp4::sbi,fake,,,,SBI,unknown_fake
data/raw/FFPP/real/id37_0001.mp4::sbi,fake,,,,SBI,unknown_fake
data/raw/FFPP/real/id37_0002.mp4::sbi,fake,,,,SBI,unknown_fake
data/raw/FFPP/real/id37_0003.mp4::sbi,fake,,,,SBI,unknown_fake
data/raw/FFPP/real/id37_0005.mp4::sbi,fake,,,,SBI,unknown_fake
data/raw/FFPP/real/id37_0006.mp4::sbi,fake,,,,SBI,unknown_fake
data/raw/FFPP/real/id37_0007.mp4::sbi,fake,,,,SBI,unknown_fake
data/raw/FFPP/real/id37_0009.mp4::sbi,fake,,,,SBI,unknown_fake
data/raw/FFPP/real/id38_0000.mp4::sbi,fake,,,,SBI,unknown_fake
data/raw/FFPP/real/id38_0001.mp4::sbi,fake,,,,SBI,unknown_fake
data/raw/FFPP/real/id38_0002.mp4::sbi,fake,,,,SBI,unknown_fake
data/raw/FFPP/real/id38_0003.mp4::sbi,fake,,,,SBI,unknown_fake
data/raw/FFPP/real/id38_0004.mp4::sbi,fake,,,,SBI,unknown_fake
data/raw/FFPP/real/id38_0005.mp4::sbi,fake,,,,SBI,unknown_fake
data/raw/FFPP/real/id38_0009.mp4::sbi,fake,,,,SBI,unknown_fake
data/raw/FFPP/real/id39_0000.mp4::sbi,fake,,,,SBI,unknown_fake
data/raw/FFPP/real/id39_0001.mp4::sbi,fake,,,,SBI,unknown_fake
data/raw/FFPP/real/id39_0002.mp4::sbi,fake,,,,SBI,unknown_fake
data/raw/FFPP/real/id39_0003.mp4::sbi,fake,,,,SBI,unknown_fake
data/raw/FFPP/real/id39_0004.mp4::sbi,fake,,,,SBI,unknown_fake
data/raw/FFPP/real/id39_0008.mp4::sbi,fake,,,,SBI,unknown_fake
data/raw/FFPP/real/id39_0007.mp4::sbi,fake,,,,SBI,unknown_fake
data/raw/FFPP/real/id3_0001.mp4::sbi,fake,,,,SBI,unknown_fake
data/raw/FFPP/real/id3_0003.mp4::sbi,fake,,,,SBI,unknown_fake
data/raw/FFPP/real/id3_0002.mp4::sbi,fake,,,,SBI,unknown_fake
data/raw/FFPP/real/id3_0005.mp4::sbi,fake,,,,SBI,unknown_fake
data/raw/FFPP/real/id3_0006.mp4::sbi,fake,,,,SBI,unknown_fake
data/raw/FFPP/real/id3_0007.mp4::sbi,fake,,,,SBI,unknown_fake
data/raw/FFPP/real/id3_0008.mp4::sbi,fake,,,,SBI,unknown_fake
data/raw/FFPP/real/id40_0000.mp4::sbi,fake,,,,SBI,unknown_fake
data/raw/FFPP/real/id40_0002.mp4::sbi,fake,,,,SBI,unknown_fake
data/raw/FFPP/real/id40_0003.mp4::sbi,fake,,,,SBI,unknown_fake
data/raw/FFPP/real/id40_0004.mp4::sbi,fake,,,,SBI,unknown_fake
data/raw/FFPP/real/id40_0005.mp4::sbi,fake,,,,SBI,unknown_fake
data/raw/FFPP/real/id40_0009.mp4::sbi,fake,,,,SBI,unknown_fake
data/raw/FFPP/real/id41_0000.mp4::sbi,fake,,,,SBI,unknown_fake
data/raw/FFPP/real/id41_0001.mp4::sbi,fake,,,,SBI,unknown_fake
data/raw/FFPP/real/id41_0002.mp4::sbi,fake,,,,SBI,unknown_fake
data/raw/FFPP/real/id41_0003.mp4::sbi,fake,,,,SBI,unknown_fake
data/raw/FFPP/real/id41_0004.mp4::sbi,fake,,,,SBI,unknown_fake
data/raw/FFPP/real/id41_0006.mp4::sbi,fake,,,,SBI,unknown_fake
data/raw/FFPP/real/id41_0005.mp4::sbi,fake,,,,SBI,unknown_fake
data/raw/FFPP/real/id41_0007.mp4::sbi,fake,,,,SBI,unknown_fake
data/raw/FFPP/real/id41_0008.mp4::sbi,fake,,,,SBI,unknown_fake
data/raw/FFPP/real/id41_0009.mp4::sbi,fake,,,,SBI,unknown_fake
data/raw/FFPP/real/id42_0000.mp4::sbi,fake,,,,SBI,unknown_fake
data/raw/FFPP/real/id42_0001.mp4::sbi,fake,,,,SBI,unknown_fake
data/raw/FFPP/real/id42_0002.mp4::sbi,fake,,,,SBI,unknown_fake
data/raw/FFPP/real/id42_0003.mp4::sbi,fake,,,,SBI,unknown_fake
data/raw/FFPP/real/id42_0004.mp4::sbi,fake,,,,SBI,unknown_fake
data/raw/FFPP/real/id43_0000.mp4::sbi,fake,,,,SBI,unknown_fake
data/raw/FFPP/real/id43_0001.mp4::sbi,fake,,,,SBI,unknown_fake
data/raw/FFPP/real/id43_0002.mp4::sbi,fake,,,,SBI,unknown_fake
data/raw/FFPP/real/id43_0003.mp4::sbi,fake,,,,SBI,unknown_fake
data/raw/FFPP/real/id43_0004.mp4::sbi,fake,,,,SBI,unknown_fake
data/raw/FFPP/real/id43_0005.mp4::sbi,fake,,,,SBI,unknown_fake
data/raw/FFPP/real/id43_0008.mp4::sbi,fake,,,,SBI,unknown_fake
data/raw/FFPP/real/id43_0007.mp4::sbi,fake,,,,SBI,unknown_fake
data/raw/FFPP/real/id44_0003.mp4::sbi,fake,,,,SBI,unknown_fake
data/raw/FFPP/real/id44_0001.mp4::sbi,fake,,,,SBI,unknown_fake
data/raw/FFPP/real/id44_0004.mp4::sbi,fake,,,,SBI,unknown_fake
data/raw/FFPP/real/id44_0005.mp4::sbi,fake,,,,SBI,unknown_fake
data/raw/FFPP/real/id45_0000.mp4::sbi,fake,,,,SBI,unknown_fake
data/raw/FFPP/real/id45_0002.mp4::sbi,fake,,,,SBI,unknown_fake
data/raw/FFPP/real/id45_0003.mp4::sbi,fake,,,,SBI,unknown_fake
data/raw/FFPP/real/id45_0004.mp4::sbi,fake,,,,SBI,unknown_fake
data/raw/FFPP/real/id45_0005.mp4::sbi,fake,,,,SBI,unknown_fake
data/raw/FFPP/real/id45_0007.mp4::sbi,fake,,,,SBI,unknown_fake
data/raw/FFPP/real/id45_0008.mp4::sbi,fake,,,,SBI,unknown_fake
data/raw/FFPP/real/id45_0009.mp4::sbi,fake,,,,SBI,unknown_fake
data/raw/FFPP/real/id46_0000.mp4::sbi,fake,,,,SBI,unknown_fake
data/raw/FFPP/real/id46_0001.mp4::sbi,fake,,,,SBI,unknown_fake
data/raw/FFPP/real/id46_0005.mp4::sbi,fake,,,,SBI,unknown_fake
data/raw/FFPP/real/id46_0006.mp4::sbi,fake,,,,SBI,unknown_fake
data/raw/FFPP/real/id46_0007.mp4::sbi,fake,,,,SBI,unknown_fake
data/raw/FFPP/real/id46_0002.mp4::sbi,fake,,,,SBI,unknown_fake
data/raw/FFPP/real/id46_0008.mp4::sbi,fake,,,,SBI,unknown_fake
data/raw/FFPP/real/id46_0009.mp4::sbi,fake,,,,SBI,unknown_fake
data/raw/FFPP/real/id47_0000.mp4::sbi,fake,,,,SBI,unknown_fake
data/raw/FFPP/real/id47_0002.mp4::sbi,fake,,,,SBI,unknown_fake
data/raw/FFPP/real/id47_0005.mp4::sbi,fake,,,,SBI,unknown_fake
data/raw/FFPP/real/id47_0006.mp4::sbi,fake,,,,SBI,unknown_fake
data/raw/FFPP/real/id47_0007.mp4::sbi,fake,,,,SBI,unknown_fake
data/raw/FFPP/real/id47_0008.mp4::sbi,fake,,,,SBI,unknown_fake
data/raw/FFPP/real/id48_0000.mp4::sbi,fake,,,,SBI,unknown_fake
data/raw/FFPP/real/id47_0009.mp4::sbi,fake,,,,SBI,unknown_fake
data/raw/FFPP/real/id48_0001.mp4::sbi,fake,,,,SBI,unknown_fake
data/raw/FFPP/real/id48_0002.mp4::sbi,fake,,,,SBI,unknown_fake
data/raw/FFPP/real/id48_0003.mp4::sbi,fake,,,,SBI,unknown_fake
data/raw/FFPP/real/id48_0004.mp4::sbi,fake,,,,SBI,unknown_fake
data/raw/FFPP/real/id48_0005.mp4::sbi,fake,,,,SBI,unknown_fake
data/raw/FFPP/real/id48_0006.mp4::sbi,fake,,,,SBI,unknown_fake
data/raw/FFPP/real/id48_0009.mp4::sbi,fake,,,,SBI,unknown_fake
data/raw/FFPP/real/id48_0007.mp4::sbi,fake,,,,SBI,unknown_fake
data/raw/FFPP/real/id49_0000.mp4::sbi,fake,,,,SBI,unknown_fake
data/raw/FFPP/real/id49_0001.mp4::sbi,fake,,,,SBI,unknown_fake
data/raw/FFPP/real/id49_0004.mp4::sbi,fake,,,,SBI,unknown_fake
data/raw/FFPP/real/id49_0003.mp4::sbi,fake,,,,SBI,unknown_fake
data/raw/FFPP/real/id49_0005.mp4::sbi,fake,,,,SBI,unknown_fake
data/raw/FFPP/real/id4_0000.mp4::sbi,fake,,,,SBI,unknown_fake
data/raw/FFPP/real/id4_0001.mp4::sbi,fake,,,,SBI,unknown_fake
data/raw/FFPP/real/id4_0002.mp4::sbi,fake,,,,SBI,unknown_fake
data/raw/FFPP/real/id4_0004.mp4::sbi,fake,,,,SBI,unknown_fake
data/raw/FFPP/real/id4_0005.mp4::sbi,fake,,,,SBI,unknown_fake
data/raw/FFPP/real/id4_0006.mp4::sbi,fake,,,,SBI,unknown_fake
data/raw/FFPP/real/id4_0007.mp4::sbi,fake,,,,SBI,unknown_fake
data/raw/FFPP/real/id4_0008.mp4::sbi,fake,,,,SBI,unknown_fake
data/raw/FFPP/real/id4_0009.mp4::sbi,fake,,,,SBI,unknown_fake
data/raw/FFPP/real/id50_0001.mp4::sbi,fake,,,,SBI,unknown_fake
data/raw/FFPP/real/id50_0002.mp4::sbi,fake,,,,SBI,unknown_fake
data/raw/FFPP/real/id50_0003.mp4::sbi,fake,,,,SBI,unknown_fake
data/raw/FFPP/real/id50_0007.mp4::sbi,fake,,,,SBI,unknown_fake
data/raw/FFPP/real/id51_0000.mp4::sbi,fake,,,,SBI,unknown_fake
data/raw/FFPP/real/id51_0002.mp4::sbi,fake,,,,SBI,unknown_fake
data/raw/FFPP/real/id51_0004.mp4::sbi,fake,,,,SBI,unknown_fake
data/raw/FFPP/real/id51_0006.mp4::sbi,fake,,,,SBI,unknown_fake
data/raw/FFPP/real/id51_0007.mp4::sbi,fake,,,,SBI,unknown_fake
data/raw/FFPP/real/id51_0008.mp4::sbi,fake,,,,SBI,unknown_fake
data/raw/FFPP/real/id52_0000.mp4::sbi,fake,,,,SBI,unknown_fake
data/raw/FFPP/real/id52_0001.mp4::sbi,fake,,,,SBI,unknown_fake
data/raw/FFPP/real/id52_0002.mp4::sbi,fake,,,,SBI,unknown_fake
data/raw/FFPP/real/id52_0003.mp4::sbi,fake,,,,SBI,unknown_fake
data/raw/FFPP/real/id52_0004.mp4::sbi,fake,,,,SBI,unknown_fake
data/raw/FFPP/real/id52_0005.mp4::sbi,fake,,,,SBI,unknown_fake
data/raw/FFPP/real/id52_0006.mp4::sbi,fake,,,,SBI,unknown_fake
data/raw/FFPP/real/id52_0007.mp4::sbi,fake,,,,SBI,unknown_fake
data/raw/FFPP/real/id52_0008.mp4::sbi,fake,,,,SBI,unknown_fake
data/raw/FFPP/real/id52_0009.mp4::sbi,fake,,,,SBI,unknown_fake
data/raw/FFPP/real/id53_0000.mp4::sbi,fake,,,,SBI,unknown_fake
data/raw/FFPP/real/id53_0003.mp4::sbi,fake,,,,SBI,unknown_fake
data/raw/FFPP/real/id53_0004.mp4::sbi,fake,,,,SBI,unknown_fake
data/raw/FFPP/real/id53_0005.mp4::sbi,fake,,,,SBI,unknown_fake
data/raw/FFPP/real/id53_0006.mp4::sbi,fake,,,,SBI,unknown_fake
data/raw/FFPP/real/id53_0007.mp4::sbi,fake,,,,SBI,unknown_fake
data/raw/FFPP/real/id53_0008.mp4::sbi,fake,,,,SBI,unknown_fake
data/raw/FFPP/real/id53_0009.mp4::sbi,fake,,,,SBI,unknown_fake
data/raw/FFPP/real/id54_0000.mp4::sbi,fake,,,,SBI,unknown_fake
data/raw/FFPP/real/id54_0001.mp4::sbi,fake,,,,SBI,unknown_fake
data/raw/FFPP/real/id54_0002.mp4::sbi,fake,,,,SBI,unknown_fake
data/raw/FFPP/real/id54_0003.mp4::sbi,fake,,,,SBI,unknown_fake
data/raw/FFPP/real/id54_0004.mp4::sbi,fake,,,,SBI,unknown_fake
data/raw/FFPP/real/id54_0005.mp4::sbi,fake,,,,SBI,unknown_fake
data/raw/FFPP/real/id54_0006.mp4::sbi,fake,,,,SBI,unknown_fake
data/raw/FFPP/real/id54_0007.mp4::sbi,fake,,,,SBI,unknown_fake
data/raw/FFPP/real/id54_0008.mp4::sbi,fake,,,,SBI,unknown_fake
data/raw/FFPP/real/id54_0009.mp4::sbi,fake,,,,SBI,unknown_fake
data/raw/FFPP/real/id55_0000.mp4::sbi,fake,,,,SBI,unknown_fake
data/raw/FFPP/real/id55_0001.mp4::sbi,fake,,,,SBI,unknown_fake
data/raw/FFPP/real/id55_0004.mp4::sbi,fake,,,,SBI,unknown_fake
data/raw/FFPP/real/id55_0002.mp4::sbi,fake,,,,SBI,unknown_fake
data/raw/FFPP/real/id55_0006.mp4::sbi,fake,,,,SBI,unknown_fake
data/raw/FFPP/real/id55_0007.mp4::sbi,fake,,,,SBI,unknown_fake
data/raw/FFPP/real/id55_0009.mp4::sbi,fake,,,,SBI,unknown_fake
data/raw/FFPP/real/id56_0000.mp4::sbi,fake,,,,SBI,unknown_fake
data/raw/FFPP/real/id56_0001.mp4::sbi,fake,,,,SBI,unknown_fake
data/raw/FFPP/real/id56_0002.mp4::sbi,fake,,,,SBI,unknown_fake
data/raw/FFPP/real/id56_0003.mp4::sbi,fake,,,,SBI,unknown_fake
data/raw/FFPP/real/id56_0004.mp4::sbi,fake,,,,SBI,unknown_fake
data/raw/FFPP/real/id56_0005.mp4::sbi,fake,,,,SBI,unknown_fake
data/raw/FFPP/real/id56_0006.mp4::sbi,fake,,,,SBI,unknown_fake
data/raw/FFPP/real/id56_0007.mp4::sbi,fake,,,,SBI,unknown_fake
data/raw/FFPP/real/id56_0008.mp4::sbi,fake,,,,SBI,unknown_fake
data/raw/FFPP/real/id57_0000.mp4::sbi,fake,,,,SBI,unknown_fake
data/raw/FFPP/real/id56_0009.mp4::sbi,fake,,,,SBI,unknown_fake
data/raw/FFPP/real/id57_0002.mp4::sbi,fake,,,,SBI,unknown_fake
data/raw/FFPP/real/id57_0003.mp4::sbi,fake,,,,SBI,unknown_fake
data/raw/FFPP/real/id57_0004.mp4::sbi,fake,,,,SBI,unknown_fake
data/raw/FFPP/real/id57_0005.mp4::sbi,fake,,,,SBI,unknown_fake
data/raw/FFPP/real/id57_0008.mp4::sbi,fake,,,,SBI,unknown_fake
data/raw/FFPP/real/id57_0006.mp4::sbi,fake,,,,SBI,unknown_fake
data/raw/FFPP/real/id57_0009.mp4::sbi,fake,,,,SBI,unknown_fake
data/raw/FFPP/real/id58_0000.mp4::sbi,fake,,,,SBI,unknown_fake
data/raw/FFPP/real/id58_0001.mp4::sbi,fake,,,,SBI,unknown_fake
data/raw/FFPP/real/id58_0003.mp4::sbi,fake,,,,SBI,unknown_fake
data/raw/FFPP/real/id58_0004.mp4::sbi,fake,,,,SBI,unknown_fake
data/raw/FFPP/real/id58_0005.mp4::sbi,fake,,,,SBI,unknown_fake
data/raw/FFPP/real/id58_0006.mp4::sbi,fake,,,,SBI,unknown_fake
data/raw/FFPP/real/id58_0007.mp4::sbi,fake,,,,SBI,unknown_fake
data/raw/FFPP/real/id58_0008.mp4::sbi,fake,,,,SBI,unknown_fake
data/raw/FFPP/real/id58_0009.mp4::sbi,fake,,,,SBI,unknown_fake
data/raw/FFPP/real/id59_0000.mp4::sbi,fake,,,,SBI,unknown_fake
data/raw/FFPP/real/id59_0002.mp4::sbi,fake,,,,SBI,unknown_fake
data/raw/FFPP/real/id59_0003.mp4::sbi,fake,,,,SBI,unknown_fake
data/raw/FFPP/real/id59_0004.mp4::sbi,fake,,,,SBI,unknown_fake
data/raw/FFPP/real/id59_0006.mp4::sbi,fake,,,,SBI,unknown_fake
data/raw/FFPP/real/id59_0005.mp4::sbi,fake,,,,SBI,unknown_fake
data/raw/FFPP/real/id59_0007.mp4::sbi,fake,,,,SBI,unknown_fake
data/raw/FFPP/real/id59_0008.mp4::sbi,fake,,,,SBI,unknown_fake
data/raw/FFPP/real/id5_0001.mp4::sbi,fake,,,,SBI,unknown_fake
data/raw/FFPP/real/id5_0002.mp4::sbi,fake,,,,SBI,unknown_fake
data/raw/FFPP/real/id5_0004.mp4::sbi,fake,,,,SBI,unknown_fake
data/raw/FFPP/real/id5_0003.mp4::sbi,fake,,,,SBI,unknown_fake
data/raw/FFPP/real/id5_0007.mp4::sbi,fake,,,,SBI,unknown_fake
data/raw/FFPP/real/id5_0008.mp4::sbi,fake,,,,SBI,unknown_fake
data/raw/FFPP/real/id5_0009.mp4::sbi,fake,,,,SBI,unknown_fake
data/raw/FFPP/real/id60_0000.mp4::sbi,fake,,,,SBI,unknown_fake
data/raw/FFPP/real/id60_0001.mp4::sbi,fake,,,,SBI,unknown_fake
data/raw/FFPP/real/id60_0002.mp4::sbi,fake,,,,SBI,unknown_fake
data/raw/FFPP/real/id60_0003.mp4::sbi,fake,,,,SBI,unknown_fake
data/raw/FFPP/real/id60_0005.mp4::sbi,fake,,,,SBI,unknown_fake
data/raw/FFPP/real/id60_0006.mp4::sbi,fake,,,,SBI,unknown_fake
data/raw/FFPP/real/id60_0007.mp4::sbi,fake,,,,SBI,unknown_fake
data/raw/FFPP/real/id61_0000.mp4::sbi,fake,,,,SBI,unknown_fake
data/raw/FFPP/real/id61_0001.mp4::sbi,fake,,,,SBI,unknown_fake
data/raw/FFPP/real/id61_0002.mp4::sbi,fake,,,,SBI,unknown_fake
data/raw/FFPP/real/id61_0003.mp4::sbi,fake,,,,SBI,unknown_fake
data/raw/FFPP/real/id61_0004.mp4::sbi,fake,,,,SBI,unknown_fake
data/raw/FFPP/real/id61_0007.mp4::sbi,fake,,,,SBI,unknown_fake
data/raw/FFPP/real/id61_0008.mp4::sbi,fake,,,,SBI,unknown_fake
data/raw/FFPP/real/id61_0009.mp4::sbi,fake,,,,SBI,unknown_fake
data/raw/FFPP/real/id6_0000.mp4::sbi,fake,,,,SBI,unknown_fake
data/raw/FFPP/real/id6_0002.mp4::sbi,fake,,,,SBI,unknown_fake
data/raw/FFPP/real/id6_0003.mp4::sbi,fake,,,,SBI,unknown_fake
data/raw/FFPP/real/id6_0004.mp4::sbi,fake,,,,SBI,unknown_fake
data/raw/FFPP/real/id6_0006.mp4::sbi,fake,,,,SBI,unknown_fake
data/raw/FFPP/real/id6_0005.mp4::sbi,fake,,,,SBI,unknown_fake
data/raw/FFPP/real/id6_0007.mp4::sbi,fake,,,,SBI,unknown_fake
data/raw/FFPP/real/id6_0008.mp4::sbi,fake,,,,SBI,unknown_fake
data/raw/FFPP/real/id6_0009.mp4::sbi,fake,,,,SBI,unknown_fake
data/raw/FFPP/real/id7_0000.mp4::sbi,fake,,,,SBI,unknown_fake
data/raw/FFPP/real/id7_0002.mp4::sbi,fake,,,,SBI,unknown_fake
data/raw/FFPP/real/id7_0003.mp4::sbi,fake,,,,SBI,unknown_fake
data/raw/FFPP/real/id7_0004.mp4::sbi,fake,,,,SBI,unknown_fake
data/raw/FFPP/real/id7_0005.mp4::sbi,fake,,,,SBI,unknown_fake
data/raw/FFPP/real/id7_0006.mp4::sbi,fake,,,,SBI,unknown_fake
data/raw/FFPP/real/id8_0000.mp4::sbi,fake,,,,SBI,unknown_fake
data/raw/FFPP/real/id8_0001.mp4::sbi,fake,,,,SBI,unknown_fake
data/raw/FFPP/real/id8_0002.mp4::sbi,fake,,,,SBI,unknown_fake
data/raw/FFPP/real/id8_0003.mp4::sbi,fake,,,,SBI,unknown_fake
data/raw/FFPP/real/id8_0004.mp4::sbi,fake,,,,SBI,unknown_fake
data/raw/FFPP/real/id8_0005.mp4::sbi,fake,,,,SBI,unknown_fake
data/raw/FFPP/real/id8_0006.mp4::sbi,fake,,,,SBI,unknown_fake
data/raw/FFPP/real/id8_0008.mp4::sbi,fake,,,,SBI,unknown_fake
data/raw/FFPP/real/id8_0009.mp4::sbi,fake,,,,SBI,unknown_fake
data/raw/FFPP/real/id9_0000.mp4::sbi,fake,,,,SBI,unknown_fake
data/raw/FFPP/real/id9_0002.mp4::sbi,fake,,,,SBI,unknown_fake
data/raw/FFPP/real/id9_0003.mp4::sbi,fake,,,,SBI,unknown_fake
data/raw/FFPP/real/id9_0004.mp4::sbi,fake,,,,SBI,unknown_fake
data/raw/FFPP/real/id9_0005.mp4::sbi,fake,,,,SBI,unknown_fake
data/raw/FFPP/real/id9_0006.mp4::sbi,fake,,,,SBI,unknown_fake
data/raw/FFPP/real/id9_0008.mp4::sbi,fake,,,,SBI,unknown_fake
data/raw/FFPP/real/id9_0007.mp4::sbi,fake,,,,SBI,unknown_fake
