video,condition,label,prob
data\processed\crops\held_out\real\abarnvbtwb_a10dafedfb,original_reconstructed,0.0,0.766732931137085
data\processed\crops\held_out\real\abarnvbtwb_a10dafedfb,boundary_blurred,0.0,0.9524289965629578
data\processed\crops\held_out\real\abarnvbtwb_a10dafedfb,boundary_masked,0.0,0.6303470134735107
data\processed\crops\held_out\real\abarnvbtwb_a10dafedfb,interior_masked,0.0,0.9979246854782104
data\processed\crops\held_out\real\abarnvbtwb_a10dafedfb,random_masked,0.0,0.32833603024482727
data\processed\crops\held_out\real\aelfnikyqj_ba0a4e4474,original_reconstructed,0.0,0.00010656525410013273
data\processed\crops\held_out\real\aelfnikyqj_ba0a4e4474,boundary_blurred,0.0,0.00011341008939780295
data\processed\crops\held_out\real\aelfnikyqj_ba0a4e4474,boundary_masked,0.0,0.0021200841292738914
data\processed\crops\held_out\real\aelfnikyqj_ba0a4e4474,interior_masked,0.0,0.9993415474891663
data\processed\crops\held_out\real\aelfnikyqj_ba0a4e4474,random_masked,0.0,0.022198807448148727
data\processed\crops\held_out\real\afoovlsmtx_e8914822cc,original_reconstructed,0.0,0.0007673746440559626
data\processed\crops\held_out\real\afoovlsmtx_e8914822cc,boundary_blurred,0.0,0.0018182616913691163
data\processed\crops\held_out\real\afoovlsmtx_e8914822cc,boundary_masked,0.0,0.008374491706490517
data\processed\crops\held_out\real\afoovlsmtx_e8914822cc,interior_masked,0.0,0.9997445940971375
data\processed\crops\held_out\real\afoovlsmtx_e8914822cc,random_masked,0.0,0.19846007227897644
data\processed\crops\held_out\real\agrmhtjdlk_32b23dab7a,original_reconstructed,0.0,0.0012846714816987514
data\processed\crops\held_out\real\agrmhtjdlk_32b23dab7a,boundary_blurred,0.0,0.9966405630111694
data\processed\crops\held_out\real\agrmhtjdlk_32b23dab7a,boundary_masked,0.0,0.9951830506324768
data\processed\crops\held_out\real\agrmhtjdlk_32b23dab7a,interior_masked,0.0,0.998377799987793
data\processed\crops\held_out\real\agrmhtjdlk_32b23dab7a,random_masked,0.0,0.9856790900230408
data\processed\crops\held_out\real\ahqqqilsxt_ef0498b78b,original_reconstructed,0.0,0.00016215647337958217
data\processed\crops\held_out\real\ahqqqilsxt_ef0498b78b,boundary_blurred,0.0,0.0002224903873866424
data\processed\crops\held_out\real\ahqqqilsxt_ef0498b78b,boundary_masked,0.0,0.005555272568017244
data\processed\crops\held_out\real\ahqqqilsxt_ef0498b78b,interior_masked,0.0,0.99856036901474
data\processed\crops\held_out\real\ahqqqilsxt_ef0498b78b,random_masked,0.0,0.5657718777656555
data\processed\crops\held_out\real\ajqslcypsw_42fd948214,original_reconstructed,0.0,0.0057709612883627415
data\processed\crops\held_out\real\ajqslcypsw_42fd948214,boundary_blurred,0.0,0.06465858221054077
data\processed\crops\held_out\real\ajqslcypsw_42fd948214,boundary_masked,0.0,0.9836748838424683
data\processed\crops\held_out\real\ajqslcypsw_42fd948214,interior_masked,0.0,0.9998013377189636
data\processed\crops\held_out\real\ajqslcypsw_42fd948214,random_masked,0.0,0.42842429876327515
data\processed\crops\held_out\real\anpuvshzoo_67778cf831,original_reconstructed,0.0,0.001100588939152658
data\processed\crops\held_out\real\anpuvshzoo_67778cf831,boundary_blurred,0.0,0.5821723937988281
data\processed\crops\held_out\real\anpuvshzoo_67778cf831,boundary_masked,0.0,0.05433715879917145
data\processed\crops\held_out\real\anpuvshzoo_67778cf831,interior_masked,0.0,0.9991831183433533
data\processed\crops\held_out\real\anpuvshzoo_67778cf831,random_masked,0.0,0.7131344676017761
data\processed\crops\held_out\real\asaxgevnnp_bec2a05d57,original_reconstructed,0.0,0.5393082499504089
data\processed\crops\held_out\real\asaxgevnnp_bec2a05d57,boundary_blurred,0.0,0.9978340268135071
data\processed\crops\held_out\real\asaxgevnnp_bec2a05d57,boundary_masked,0.0,0.9950482249259949
data\processed\crops\held_out\real\asaxgevnnp_bec2a05d57,interior_masked,0.0,0.9985068440437317
data\processed\crops\held_out\real\asaxgevnnp_bec2a05d57,random_masked,0.0,0.9989049434661865
data\processed\crops\held_out\real\atkdltyyen_48e2c061ac,original_reconstructed,0.0,0.001349867437966168
data\processed\crops\held_out\real\atkdltyyen_48e2c061ac,boundary_blurred,0.0,0.9998800754547119
data\processed\crops\held_out\real\atkdltyyen_48e2c061ac,boundary_masked,0.0,0.9999328851699829
data\processed\crops\held_out\real\atkdltyyen_48e2c061ac,interior_masked,0.0,0.9996992349624634
data\processed\crops\held_out\real\atkdltyyen_48e2c061ac,random_masked,0.0,0.9538156390190125
data\processed\crops\held_out\real\atvmxvwyns_6704b34c9c,original_reconstructed,0.0,0.9999710321426392
data\processed\crops\held_out\real\atvmxvwyns_6704b34c9c,boundary_blurred,0.0,0.9999710321426392
data\processed\crops\held_out\real\atvmxvwyns_6704b34c9c,boundary_masked,0.0,0.9999710321426392
data\processed\crops\held_out\real\atvmxvwyns_6704b34c9c,interior_masked,0.0,0.9999710321426392
data\processed\crops\held_out\real\atvmxvwyns_6704b34c9c,random_masked,0.0,0.9999710321426392
data\processed\crops\held_out\real\avmjormvsx_fdbcad677b,original_reconstructed,0.0,6.01172105234582e-05
data\processed\crops\held_out\real\avmjormvsx_fdbcad677b,boundary_blurred,0.0,6.489269435405731e-05
data\processed\crops\held_out\real\avmjormvsx_fdbcad677b,boundary_masked,0.0,0.00023033469915390015
data\processed\crops\held_out\real\avmjormvsx_fdbcad677b,interior_masked,0.0,0.9990562796592712
data\processed\crops\held_out\real\avmjormvsx_fdbcad677b,random_masked,0.0,0.006046782713383436
data\processed\crops\held_out\real\axntxmycwd_b635cf6996,original_reconstructed,0.0,0.9576868414878845
data\processed\crops\held_out\real\axntxmycwd_b635cf6996,boundary_blurred,0.0,0.9940980672836304
data\processed\crops\held_out\real\axntxmycwd_b635cf6996,boundary_masked,0.0,0.995766282081604
data\processed\crops\held_out\real\axntxmycwd_b635cf6996,interior_masked,0.0,0.999492883682251
data\processed\crops\held_out\real\axntxmycwd_b635cf6996,random_masked,0.0,0.9966844916343689
data\processed\crops\held_out\real\aybgughjxh_a42164f582,original_reconstructed,0.0,0.0001378918968839571
data\processed\crops\held_out\real\aybgughjxh_a42164f582,boundary_blurred,0.0,0.00014935954823158681
data\processed\crops\held_out\real\aybgughjxh_a42164f582,boundary_masked,0.0,0.06023670732975006
data\processed\crops\held_out\real\aybgughjxh_a42164f582,interior_masked,0.0,0.999091625213623
data\processed\crops\held_out\real\aybgughjxh_a42164f582,random_masked,0.0,0.5320026278495789
data\processed\crops\held_out\real\aybumesmpk_9a85be846d,original_reconstructed,0.0,0.6015236973762512
data\processed\crops\held_out\real\aybumesmpk_9a85be846d,boundary_blurred,0.0,0.9910291433334351
data\processed\crops\held_out\real\aybumesmpk_9a85be846d,boundary_masked,0.0,0.9875172972679138
data\processed\crops\held_out\real\aybumesmpk_9a85be846d,interior_masked,0.0,0.9986364245414734
data\processed\crops\held_out\real\aybumesmpk_9a85be846d,random_masked,0.0,0.9710702896118164
data\processed\crops\held_out\real\aytzyidmgs_f3cfea3e3f,original_reconstructed,0.0,0.9999961853027344
data\processed\crops\held_out\real\aytzyidmgs_f3cfea3e3f,boundary_blurred,0.0,0.9999986886978149
data\processed\crops\held_out\real\aytzyidmgs_f3cfea3e3f,boundary_masked,0.0,0.9999977350234985
data\processed\crops\held_out\real\aytzyidmgs_f3cfea3e3f,interior_masked,0.0,0.9999692440032959
data\processed\crops\held_out\real\aytzyidmgs_f3cfea3e3f,random_masked,0.0,0.9999949932098389
data\processed\crops\held_out\real\bddjdhzfze_3bdbb2f49f,original_reconstructed,0.0,0.9998915195465088
data\processed\crops\held_out\real\bddjdhzfze_3bdbb2f49f,boundary_blurred,0.0,0.999994158744812
data\processed\crops\held_out\real\bddjdhzfze_3bdbb2f49f,boundary_masked,0.0,0.9999963045120239
data\processed\crops\held_out\real\bddjdhzfze_3bdbb2f49f,interior_masked,0.0,0.9999911785125732
data\processed\crops\held_out\real\bddjdhzfze_3bdbb2f49f,random_masked,0.0,0.9999932050704956
data\processed\crops\held_out\real\bdnaqemxmr_ed485d51ca,original_reconstructed,0.0,5.6817789300112054e-05
data\processed\crops\held_out\real\bdnaqemxmr_ed485d51ca,boundary_blurred,0.0,0.0032242140732705593
data\processed\crops\held_out\real\bdnaqemxmr_ed485d51ca,boundary_masked,0.0,0.22567148506641388
data\processed\crops\held_out\real\bdnaqemxmr_ed485d51ca,interior_masked,0.0,0.9997521042823792
data\processed\crops\held_out\real\bdnaqemxmr_ed485d51ca,random_masked,0.0,0.24156276881694794
data\processed\crops\held_out\real\beboztfcme_5a5127dda1,original_reconstructed,0.0,0.33116820454597473
data\processed\crops\held_out\real\beboztfcme_5a5127dda1,boundary_blurred,0.0,0.8185975551605225
data\processed\crops\held_out\real\beboztfcme_5a5127dda1,boundary_masked,0.0,0.9853388071060181
data\processed\crops\held_out\real\beboztfcme_5a5127dda1,interior_masked,0.0,0.9985539317131042
data\processed\crops\held_out\real\beboztfcme_5a5127dda1,random_masked,0.0,0.9384970664978027
data\processed\crops\held_out\real\bejhvclboh_e1a6a6c8cb,original_reconstructed,0.0,0.998201847076416
data\processed\crops\held_out\real\bejhvclboh_e1a6a6c8cb,boundary_blurred,0.0,0.9994423985481262
data\processed\crops\held_out\real\bejhvclboh_e1a6a6c8cb,boundary_masked,0.0,0.9967034459114075
data\processed\crops\held_out\real\bejhvclboh_e1a6a6c8cb,interior_masked,0.0,0.999671220779419
data\processed\crops\held_out\real\bejhvclboh_e1a6a6c8cb,random_masked,0.0,0.9989043474197388
data\processed\crops\held_out\real\beyebyhrph_9e5d158b38,original_reconstructed,0.0,2.4548042347305454e-05
data\processed\crops\held_out\real\beyebyhrph_9e5d158b38,boundary_blurred,0.0,0.00015808249008841813
data\processed\crops\held_out\real\beyebyhrph_9e5d158b38,boundary_masked,0.0,0.8801420331001282
data\processed\crops\held_out\real\beyebyhrph_9e5d158b38,interior_masked,0.0,0.9993667006492615
data\processed\crops\held_out\real\beyebyhrph_9e5d158b38,random_masked,0.0,0.005012457258999348
data\processed\crops\held_out\real\bffwsjxghk_dfc1929fcf,original_reconstructed,0.0,0.9164556264877319
data\processed\crops\held_out\real\bffwsjxghk_dfc1929fcf,boundary_blurred,0.0,0.9994470477104187
data\processed\crops\held_out\real\bffwsjxghk_dfc1929fcf,boundary_masked,0.0,0.9904581308364868
data\processed\crops\held_out\real\bffwsjxghk_dfc1929fcf,interior_masked,0.0,0.998267412185669
data\processed\crops\held_out\real\bffwsjxghk_dfc1929fcf,random_masked,0.0,0.9596234560012817
data\processed\crops\held_out\real\bgvhtpzknn_edeec22200,original_reconstructed,0.0,0.23668140172958374
data\processed\crops\held_out\real\bgvhtpzknn_edeec22200,boundary_blurred,0.0,0.998992383480072
data\processed\crops\held_out\real\bgvhtpzknn_edeec22200,boundary_masked,0.0,0.9998264908790588
data\processed\crops\held_out\real\bgvhtpzknn_edeec22200,interior_masked,0.0,0.9994217157363892
data\processed\crops\held_out\real\bgvhtpzknn_edeec22200,random_masked,0.0,0.9993059635162354
data\processed\crops\held_out\real\bgwmmujlmc_97fe99b94c,original_reconstructed,0.0,0.03309279680252075
data\processed\crops\held_out\real\bgwmmujlmc_97fe99b94c,boundary_blurred,0.0,0.8629648685455322
data\processed\crops\held_out\real\bgwmmujlmc_97fe99b94c,boundary_masked,0.0,0.9860613346099854
data\processed\crops\held_out\real\bgwmmujlmc_97fe99b94c,interior_masked,0.0,0.9988459348678589
data\processed\crops\held_out\real\bgwmmujlmc_97fe99b94c,random_masked,0.0,0.9772908091545105
data\processed\crops\held_out\real\bilnggbxgu_ef49004d87,original_reconstructed,0.0,0.0035311749670654535
data\processed\crops\held_out\real\bilnggbxgu_ef49004d87,boundary_blurred,0.0,0.10844176262617111
data\processed\crops\held_out\real\bilnggbxgu_ef49004d87,boundary_masked,0.0,0.7831929922103882
data\processed\crops\held_out\real\bilnggbxgu_ef49004d87,interior_masked,0.0,0.9995723366737366
data\processed\crops\held_out\real\bilnggbxgu_ef49004d87,random_masked,0.0,0.7024784684181213
data\processed\crops\held_out\real\bmjzrlszhi_c9cb5371c3,original_reconstructed,0.0,0.04396018758416176
data\processed\crops\held_out\real\bmjzrlszhi_c9cb5371c3,boundary_blurred,0.0,0.9989280104637146
data\processed\crops\held_out\real\bmjzrlszhi_c9cb5371c3,boundary_masked,0.0,0.9987383484840393
data\processed\crops\held_out\real\bmjzrlszhi_c9cb5371c3,interior_masked,0.0,0.9997833371162415
data\processed\crops\held_out\real\bmjzrlszhi_c9cb5371c3,random_masked,0.0,0.9653539061546326
data\processed\crops\held_out\real\bpapbctoao_7f56cc7a75,original_reconstructed,0.0,0.004046587739139795
data\processed\crops\held_out\real\bpapbctoao_7f56cc7a75,boundary_blurred,0.0,0.8080686926841736
data\processed\crops\held_out\real\bpapbctoao_7f56cc7a75,boundary_masked,0.0,0.4825444221496582
data\processed\crops\held_out\real\bpapbctoao_7f56cc7a75,interior_masked,0.0,0.9992503523826599
data\processed\crops\held_out\real\bpapbctoao_7f56cc7a75,random_masked,0.0,0.993705689907074
data\processed\crops\held_out\real\brwrlczjvi_1f500c0919,original_reconstructed,0.0,0.37552183866500854
data\processed\crops\held_out\real\brwrlczjvi_1f500c0919,boundary_blurred,0.0,0.9957876801490784
data\processed\crops\held_out\real\brwrlczjvi_1f500c0919,boundary_masked,0.0,0.9889281988143921
data\processed\crops\held_out\real\brwrlczjvi_1f500c0919,interior_masked,0.0,0.9986088871955872
data\processed\crops\held_out\real\brwrlczjvi_1f500c0919,random_masked,0.0,0.9109589457511902
data\processed\crops\held_out\real\bulkxhhknf_90f64e1b83,original_reconstructed,0.0,0.00011595062824198976
data\processed\crops\held_out\real\bulkxhhknf_90f64e1b83,boundary_blurred,0.0,4.071196963195689e-05
data\processed\crops\held_out\real\bulkxhhknf_90f64e1b83,boundary_masked,0.0,0.0005005708080716431
data\processed\crops\held_out\real\bulkxhhknf_90f64e1b83,interior_masked,0.0,0.9987421631813049
data\processed\crops\held_out\real\bulkxhhknf_90f64e1b83,random_masked,0.0,0.03696518391370773
data\processed\crops\held_out\real\bwhlgysghg_a7c40132af,original_reconstructed,0.0,0.9994279742240906
data\processed\crops\held_out\real\bwhlgysghg_a7c40132af,boundary_blurred,0.0,0.9998457431793213
data\processed\crops\held_out\real\bwhlgysghg_a7c40132af,boundary_masked,0.0,0.9991157650947571
data\processed\crops\held_out\real\bwhlgysghg_a7c40132af,interior_masked,0.0,0.995064914226532
data\processed\crops\held_out\real\bwhlgysghg_a7c40132af,random_masked,0.0,0.9981702566146851
data\processed\crops\held_out\real\bwipwzzxxu_6025a4b8fc,original_reconstructed,0.0,0.0014635963598266244
data\processed\crops\held_out\real\bwipwzzxxu_6025a4b8fc,boundary_blurred,0.0,0.8651764988899231
data\processed\crops\held_out\real\bwipwzzxxu_6025a4b8fc,boundary_masked,0.0,0.09611400216817856
data\processed\crops\held_out\real\bwipwzzxxu_6025a4b8fc,interior_masked,0.0,0.9936732053756714
data\processed\crops\held_out\real\bwipwzzxxu_6025a4b8fc,random_masked,0.0,0.1350601613521576
data\processed\crops\held_out\real\bxzakyopjf_52ad6a4a19,original_reconstructed,0.0,3.461916639935225e-05
data\processed\crops\held_out\real\bxzakyopjf_52ad6a4a19,boundary_blurred,0.0,7.173271296778694e-05
data\processed\crops\held_out\real\bxzakyopjf_52ad6a4a19,boundary_masked,0.0,0.0021439436823129654
data\processed\crops\held_out\real\bxzakyopjf_52ad6a4a19,interior_masked,0.0,0.9996414184570312
data\processed\crops\held_out\real\bxzakyopjf_52ad6a4a19,random_masked,0.0,0.0005592384841293097
data\processed\crops\held_out\real\bzythlfnhq_ab60ee3c2d,original_reconstructed,0.0,0.9847221970558167
data\processed\crops\held_out\real\bzythlfnhq_ab60ee3c2d,boundary_blurred,0.0,0.9859308004379272
data\processed\crops\held_out\real\bzythlfnhq_ab60ee3c2d,boundary_masked,0.0,0.9637022614479065
data\processed\crops\held_out\real\bzythlfnhq_ab60ee3c2d,interior_masked,0.0,0.9993175268173218
data\processed\crops\held_out\real\bzythlfnhq_ab60ee3c2d,random_masked,0.0,0.9967722296714783
data\processed\crops\held_out\real\caifxvsozs_a38badbc98,original_reconstructed,0.0,0.02025960199534893
data\processed\crops\held_out\real\caifxvsozs_a38badbc98,boundary_blurred,0.0,0.998925507068634
data\processed\crops\held_out\real\caifxvsozs_a38badbc98,boundary_masked,0.0,0.9582765102386475
data\processed\crops\held_out\real\caifxvsozs_a38badbc98,interior_masked,0.0,0.9989388585090637
data\processed\crops\held_out\real\caifxvsozs_a38badbc98,random_masked,0.0,0.9992245435714722
data\processed\crops\held_out\real\ccfoszqabv_cc7f9400bf,original_reconstructed,0.0,0.01366416085511446
data\processed\crops\held_out\real\ccfoszqabv_cc7f9400bf,boundary_blurred,0.0,0.8933359980583191
data\processed\crops\held_out\real\ccfoszqabv_cc7f9400bf,boundary_masked,0.0,0.7378425598144531
data\processed\crops\held_out\real\ccfoszqabv_cc7f9400bf,interior_masked,0.0,0.9995394945144653
data\processed\crops\held_out\real\ccfoszqabv_cc7f9400bf,random_masked,0.0,0.9195009469985962
data\processed\crops\held_out\real\cfxkpiweqt_8b5c35d3c1,original_reconstructed,0.0,0.0013287693727761507
data\processed\crops\held_out\real\cfxkpiweqt_8b5c35d3c1,boundary_blurred,0.0,0.3505581319332123
data\processed\crops\held_out\real\cfxkpiweqt_8b5c35d3c1,boundary_masked,0.0,0.9993630051612854
data\processed\crops\held_out\real\cfxkpiweqt_8b5c35d3c1,interior_masked,0.0,0.9998300075531006
data\processed\crops\held_out\real\cfxkpiweqt_8b5c35d3c1,random_masked,0.0,0.9061754941940308
data\processed\crops\held_out\real\chtapglbcj_8c8d43463f,original_reconstructed,0.0,6.961299368413165e-05
data\processed\crops\held_out\real\chtapglbcj_8c8d43463f,boundary_blurred,0.0,0.0004960765945725143
data\processed\crops\held_out\real\chtapglbcj_8c8d43463f,boundary_masked,0.0,0.3226706087589264
data\processed\crops\held_out\real\chtapglbcj_8c8d43463f,interior_masked,0.0,0.999769389629364
data\processed\crops\held_out\real\chtapglbcj_8c8d43463f,random_masked,0.0,0.02440018579363823
data\processed\crops\held_out\real\chviwxsfhg_2e5199d14a,original_reconstructed,0.0,1.809506466088351e-05
data\processed\crops\held_out\real\chviwxsfhg_2e5199d14a,boundary_blurred,0.0,3.0611416150350124e-05
data\processed\crops\held_out\real\chviwxsfhg_2e5199d14a,boundary_masked,0.0,0.0016435893485322595
data\processed\crops\held_out\real\chviwxsfhg_2e5199d14a,interior_masked,0.0,0.9983360171318054
data\processed\crops\held_out\real\chviwxsfhg_2e5199d14a,random_masked,0.0,3.584420483093709e-05
data\processed\crops\held_out\real\ciyoudyhly_7f0c2b7db7,original_reconstructed,0.0,7.857383752707392e-05
data\processed\crops\held_out\real\ciyoudyhly_7f0c2b7db7,boundary_blurred,0.0,0.0018840195843949914
data\processed\crops\held_out\real\ciyoudyhly_7f0c2b7db7,boundary_masked,0.0,0.0038905239198356867
data\processed\crops\held_out\real\ciyoudyhly_7f0c2b7db7,interior_masked,0.0,0.9993089437484741
data\processed\crops\held_out\real\ciyoudyhly_7f0c2b7db7,random_masked,0.0,0.9385924339294434
data\processed\crops\held_out\real\cizlkenljw_fe28a57ec2,original_reconstructed,0.0,0.9867185950279236
data\processed\crops\held_out\real\cizlkenljw_fe28a57ec2,boundary_blurred,0.0,0.9879395961761475
data\processed\crops\held_out\real\cizlkenljw_fe28a57ec2,boundary_masked,0.0,0.9973651766777039
data\processed\crops\held_out\real\cizlkenljw_fe28a57ec2,interior_masked,0.0,0.999946117401123
data\processed\crops\held_out\real\cizlkenljw_fe28a57ec2,random_masked,0.0,0.999254047870636
data\processed\crops\held_out\real\ckjaibzfxa_6299d453a6,original_reconstructed,0.0,0.9993641972541809
data\processed\crops\held_out\real\ckjaibzfxa_6299d453a6,boundary_blurred,0.0,0.999963641166687
data\processed\crops\held_out\real\ckjaibzfxa_6299d453a6,boundary_masked,0.0,0.9995300769805908
data\processed\crops\held_out\real\ckjaibzfxa_6299d453a6,interior_masked,0.0,0.9979973435401917
data\processed\crops\held_out\real\ckjaibzfxa_6299d453a6,random_masked,0.0,0.9993159770965576
data\processed\crops\held_out\real\ckkuyewywx_9d38078b2f,original_reconstructed,0.0,0.6579365134239197
data\processed\crops\held_out\real\ckkuyewywx_9d38078b2f,boundary_blurred,0.0,0.9868760108947754
data\processed\crops\held_out\real\ckkuyewywx_9d38078b2f,boundary_masked,0.0,0.8848380446434021
data\processed\crops\held_out\real\ckkuyewywx_9d38078b2f,interior_masked,0.0,0.9967390894889832
data\processed\crops\held_out\real\ckkuyewywx_9d38078b2f,random_masked,0.0,0.9833568334579468
data\processed\crops\held_out\real\clrycekyst_d8aa9c249b,original_reconstructed,0.0,0.014057011343538761
data\processed\crops\held_out\real\clrycekyst_d8aa9c249b,boundary_blurred,0.0,0.3034326136112213
data\processed\crops\held_out\real\clrycekyst_d8aa9c249b,boundary_masked,0.0,0.008385214023292065
data\processed\crops\held_out\real\clrycekyst_d8aa9c249b,interior_masked,0.0,0.9993189573287964
data\processed\crops\held_out\real\clrycekyst_d8aa9c249b,random_masked,0.0,0.8415290117263794
data\processed\crops\held_out\real\cmbzllswnl_fc521794b5,original_reconstructed,0.0,0.0012924277689307928
data\processed\crops\held_out\real\cmbzllswnl_fc521794b5,boundary_blurred,0.0,0.0017300860490649939
data\processed\crops\held_out\real\cmbzllswnl_fc521794b5,boundary_masked,0.0,0.0009219213970936835
data\processed\crops\held_out\real\cmbzllswnl_fc521794b5,interior_masked,0.0,0.9989343285560608
data\processed\crops\held_out\real\cmbzllswnl_fc521794b5,random_masked,0.0,0.007050500251352787
data\processed\crops\held_out\real\cobjrlugvp_e7cde3da22,original_reconstructed,0.0,0.0001678688422543928
data\processed\crops\held_out\real\cobjrlugvp_e7cde3da22,boundary_blurred,0.0,0.00024632702115923166
data\processed\crops\held_out\real\cobjrlugvp_e7cde3da22,boundary_masked,0.0,0.0003538181772455573
data\processed\crops\held_out\real\cobjrlugvp_e7cde3da22,interior_masked,0.0,0.9974669218063354
data\processed\crops\held_out\real\cobjrlugvp_e7cde3da22,random_masked,0.0,0.4842088222503662
data\processed\crops\held_out\real\cpjxareypw_399c31349d,original_reconstructed,0.0,0.989128053188324
data\processed\crops\held_out\real\cpjxareypw_399c31349d,boundary_blurred,0.0,0.9800357222557068
data\processed\crops\held_out\real\cpjxareypw_399c31349d,boundary_masked,0.0,0.9947707056999207
data\processed\crops\held_out\real\cpjxareypw_399c31349d,interior_masked,0.0,0.9997286200523376
data\processed\crops\held_out\real\cpjxareypw_399c31349d,random_masked,0.0,0.9991493225097656
data\processed\crops\held_out\real\cppdvdejkc_afa4a48b50,original_reconstructed,0.0,0.9870182871818542
data\processed\crops\held_out\real\cppdvdejkc_afa4a48b50,boundary_blurred,0.0,0.9940496683120728
data\processed\crops\held_out\real\cppdvdejkc_afa4a48b50,boundary_masked,0.0,0.999788224697113
data\processed\crops\held_out\real\cppdvdejkc_afa4a48b50,interior_masked,0.0,0.9985583424568176
data\processed\crops\held_out\real\cppdvdejkc_afa4a48b50,random_masked,0.0,0.9900368452072144
data\processed\crops\held_out\real\cprhtltsjp_53923237a3,original_reconstructed,0.0,0.5353833436965942
data\processed\crops\held_out\real\cprhtltsjp_53923237a3,boundary_blurred,0.0,0.9983665347099304
data\processed\crops\held_out\real\cprhtltsjp_53923237a3,boundary_masked,0.0,0.9998629093170166
data\processed\crops\held_out\real\cprhtltsjp_53923237a3,interior_masked,0.0,0.9996856451034546
data\processed\crops\held_out\real\cprhtltsjp_53923237a3,random_masked,0.0,0.9992489218711853
data\processed\crops\held_out\real\crezycjqyk_36b0df9117,original_reconstructed,0.0,0.5880438089370728
data\processed\crops\held_out\real\crezycjqyk_36b0df9117,boundary_blurred,0.0,0.9416883587837219
data\processed\crops\held_out\real\crezycjqyk_36b0df9117,boundary_masked,0.0,0.7605728507041931
data\processed\crops\held_out\real\crezycjqyk_36b0df9117,interior_masked,0.0,0.9992368221282959
data\processed\crops\held_out\real\crezycjqyk_36b0df9117,random_masked,0.0,0.9754103422164917
data\processed\crops\held_out\real\cyxlcuyznd_7e9b5ec9ca,original_reconstructed,0.0,0.0012556182919070125
data\processed\crops\held_out\real\cyxlcuyznd_7e9b5ec9ca,boundary_blurred,0.0,0.0020187764894217253
data\processed\crops\held_out\real\cyxlcuyznd_7e9b5ec9ca,boundary_masked,0.0,0.1381789594888687
data\processed\crops\held_out\real\cyxlcuyznd_7e9b5ec9ca,interior_masked,0.0,0.999332845211029
data\processed\crops\held_out\real\cyxlcuyznd_7e9b5ec9ca,random_masked,0.0,0.10943564027547836
data\processed\crops\held_out\real\dakiztgtnw_2deed86a4b,original_reconstructed,0.0,0.2601286768913269
data\processed\crops\held_out\real\dakiztgtnw_2deed86a4b,boundary_blurred,0.0,0.7213831543922424
data\processed\crops\held_out\real\dakiztgtnw_2deed86a4b,boundary_masked,0.0,0.04532124102115631
data\processed\crops\held_out\real\dakiztgtnw_2deed86a4b,interior_masked,0.0,0.999011754989624
data\processed\crops\held_out\real\dakiztgtnw_2deed86a4b,random_masked,0.0,0.9954531192779541
data\processed\crops\held_out\real\dbnygxtwek_651cf80957,original_reconstructed,0.0,0.016219260171055794
data\processed\crops\held_out\real\dbnygxtwek_651cf80957,boundary_blurred,0.0,0.8340383768081665
data\processed\crops\held_out\real\dbnygxtwek_651cf80957,boundary_masked,0.0,0.7172251343727112
data\processed\crops\held_out\real\dbnygxtwek_651cf80957,interior_masked,0.0,0.9995026588439941
data\processed\crops\held_out\real\dbnygxtwek_651cf80957,random_masked,0.0,0.6996085047721863
data\processed\crops\held_out\real\dbtbbhakdv_00fac7cef6,original_reconstructed,0.0,0.00014085408474784344
data\processed\crops\held_out\real\dbtbbhakdv_00fac7cef6,boundary_blurred,0.0,0.007303261663764715
data\processed\crops\held_out\real\dbtbbhakdv_00fac7cef6,boundary_masked,0.0,0.14996513724327087
data\processed\crops\held_out\real\dbtbbhakdv_00fac7cef6,interior_masked,0.0,0.9994450211524963
data\processed\crops\held_out\real\dbtbbhakdv_00fac7cef6,random_masked,0.0,0.21543079614639282
data\processed\crops\held_out\real\ddepeddixj_6c5c6a7992,original_reconstructed,0.0,0.3224858343601227
data\processed\crops\held_out\real\ddepeddixj_6c5c6a7992,boundary_blurred,0.0,0.9817414879798889
data\processed\crops\held_out\real\ddepeddixj_6c5c6a7992,boundary_masked,0.0,0.99801105260849
data\processed\crops\held_out\real\ddepeddixj_6c5c6a7992,interior_masked,0.0,0.9979566335678101
data\processed\crops\held_out\real\ddepeddixj_6c5c6a7992,random_masked,0.0,0.9828845262527466
data\processed\crops\held_out\real\dhcndnuwta_a8ec0d943c,original_reconstructed,0.0,2.5338664272567257e-05
data\processed\crops\held_out\real\dhcndnuwta_a8ec0d943c,boundary_blurred,0.0,0.0026314423885196447
data\processed\crops\held_out\real\dhcndnuwta_a8ec0d943c,boundary_masked,0.0,0.012235810980200768
data\processed\crops\held_out\real\dhcndnuwta_a8ec0d943c,interior_masked,0.0,0.9990780353546143
data\processed\crops\held_out\real\dhcndnuwta_a8ec0d943c,random_masked,0.0,0.00023761716147419065
data\processed\crops\held_out\real\dhxctgyoqj_70a0ee65bf,original_reconstructed,0.0,0.00016225685249082744
data\processed\crops\held_out\real\dhxctgyoqj_70a0ee65bf,boundary_blurred,0.0,0.03257131949067116
data\processed\crops\held_out\real\dhxctgyoqj_70a0ee65bf,boundary_masked,0.0,0.01294237282127142
data\processed\crops\held_out\real\dhxctgyoqj_70a0ee65bf,interior_masked,0.0,0.999011754989624
data\processed\crops\held_out\real\dhxctgyoqj_70a0ee65bf,random_masked,0.0,0.9614270925521851
data\processed\crops\held_out\real\djxdyjopjd_030562ee3f,original_reconstructed,0.0,0.9999980926513672
data\processed\crops\held_out\real\djxdyjopjd_030562ee3f,boundary_blurred,0.0,0.9999992847442627
data\processed\crops\held_out\real\djxdyjopjd_030562ee3f,boundary_masked,0.0,0.9999990463256836
data\processed\crops\held_out\real\djxdyjopjd_030562ee3f,interior_masked,0.0,0.9999840259552002
data\processed\crops\held_out\real\djxdyjopjd_030562ee3f,random_masked,0.0,0.9999986886978149
data\processed\crops\held_out\real\dkuayagnmc_2571b56aab,original_reconstructed,0.0,5.074377259006724e-05
data\processed\crops\held_out\real\dkuayagnmc_2571b56aab,boundary_blurred,0.0,0.00038418604526668787
data\processed\crops\held_out\real\dkuayagnmc_2571b56aab,boundary_masked,0.0,0.6451538801193237
data\processed\crops\held_out\real\dkuayagnmc_2571b56aab,interior_masked,0.0,0.9996277093887329
data\processed\crops\held_out\real\dkuayagnmc_2571b56aab,random_masked,0.0,0.39769357442855835
data\processed\crops\held_out\real\dkzvdrzcnr_3da9cb5d5f,original_reconstructed,0.0,0.00025731438654474914
data\processed\crops\held_out\real\dkzvdrzcnr_3da9cb5d5f,boundary_blurred,0.0,0.000520694418810308
data\processed\crops\held_out\real\dkzvdrzcnr_3da9cb5d5f,boundary_masked,0.0,0.0006186591344885528
data\processed\crops\held_out\real\dkzvdrzcnr_3da9cb5d5f,interior_masked,0.0,0.9988678693771362
data\processed\crops\held_out\real\dkzvdrzcnr_3da9cb5d5f,random_masked,0.0,0.17716988921165466
data\processed\crops\held_out\real\dlpoieqvfb_6ab63cb8c2,original_reconstructed,0.0,0.995894193649292
data\processed\crops\held_out\real\dlpoieqvfb_6ab63cb8c2,boundary_blurred,0.0,0.9991838335990906
data\processed\crops\held_out\real\dlpoieqvfb_6ab63cb8c2,boundary_masked,0.0,0.9939273595809937
data\processed\crops\held_out\real\dlpoieqvfb_6ab63cb8c2,interior_masked,0.0,0.9998176693916321
data\processed\crops\held_out\real\dlpoieqvfb_6ab63cb8c2,random_masked,0.0,0.9991946816444397
data\processed\crops\held_out\real\drcyabprvt_e86febf1e6,original_reconstructed,0.0,0.9256595969200134
data\processed\crops\held_out\real\drcyabprvt_e86febf1e6,boundary_blurred,0.0,0.999100923538208
data\processed\crops\held_out\real\drcyabprvt_e86febf1e6,boundary_masked,0.0,0.9998125433921814
data\processed\crops\held_out\real\drcyabprvt_e86febf1e6,interior_masked,0.0,0.9993840456008911
data\processed\crops\held_out\real\drcyabprvt_e86febf1e6,random_masked,0.0,0.9986888766288757
data\processed\crops\held_out\real\dsjbknkujw_b3a20516db,original_reconstructed,0.0,0.9999802112579346
data\processed\crops\held_out\real\dsjbknkujw_b3a20516db,boundary_blurred,0.0,0.9999794960021973
data\processed\crops\held_out\real\dsjbknkujw_b3a20516db,boundary_masked,0.0,0.9999743700027466
data\processed\crops\held_out\real\dsjbknkujw_b3a20516db,interior_masked,0.0,0.9999064207077026
data\processed\crops\held_out\real\dsjbknkujw_b3a20516db,random_masked,0.0,0.9999806880950928
data\processed\crops\held_out\real\duycddgtrl_00cc20c811,original_reconstructed,0.0,6.986790685914457e-05
data\processed\crops\held_out\real\duycddgtrl_00cc20c811,boundary_blurred,0.0,0.0017161251744255424
data\processed\crops\held_out\real\duycddgtrl_00cc20c811,boundary_masked,0.0,0.09211032837629318
data\processed\crops\held_out\real\duycddgtrl_00cc20c811,interior_masked,0.0,0.9998070597648621
data\processed\crops\held_out\real\duycddgtrl_00cc20c811,random_masked,0.0,0.0008669564849697053
data\processed\crops\held_out\real\dxbqjxrhin_286d119af6,original_reconstructed,0.0,0.00015829563199076802
data\processed\crops\held_out\real\dxbqjxrhin_286d119af6,boundary_blurred,0.0,0.38670894503593445
data\processed\crops\held_out\real\dxbqjxrhin_286d119af6,boundary_masked,0.0,0.3038741648197174
data\processed\crops\held_out\real\dxbqjxrhin_286d119af6,interior_masked,0.0,0.9813998937606812
data\processed\crops\held_out\real\dxbqjxrhin_286d119af6,random_masked,0.0,0.0042805979028344154
data\processed\crops\held_out\real\dzyuwjkjui_b5146e9254,original_reconstructed,0.0,0.9999300241470337
data\processed\crops\held_out\real\dzyuwjkjui_b5146e9254,boundary_blurred,0.0,0.9999088048934937
data\processed\crops\held_out\real\dzyuwjkjui_b5146e9254,boundary_masked,0.0,0.9998340606689453
data\processed\crops\held_out\real\dzyuwjkjui_b5146e9254,interior_masked,0.0,0.9979395270347595
data\processed\crops\held_out\real\dzyuwjkjui_b5146e9254,random_masked,0.0,0.9998617172241211
data\processed\crops\held_out\real\eckvhdusax_c54e3267e8,original_reconstructed,0.0,0.13945524394512177
data\processed\crops\held_out\real\eckvhdusax_c54e3267e8,boundary_blurred,0.0,0.8944050669670105
data\processed\crops\held_out\real\eckvhdusax_c54e3267e8,boundary_masked,0.0,0.45166927576065063
data\processed\crops\held_out\real\eckvhdusax_c54e3267e8,interior_masked,0.0,0.9988055229187012
data\processed\crops\held_out\real\eckvhdusax_c54e3267e8,random_masked,0.0,0.9473391771316528
data\processed\crops\held_out\real\ecujsjhscd_29893da8fc,original_reconstructed,0.0,0.5433401465415955
data\processed\crops\held_out\real\ecujsjhscd_29893da8fc,boundary_blurred,0.0,0.9994495511054993
data\processed\crops\held_out\real\ecujsjhscd_29893da8fc,boundary_masked,0.0,0.9985582232475281
data\processed\crops\held_out\real\ecujsjhscd_29893da8fc,interior_masked,0.0,0.9984447360038757
data\processed\crops\held_out\real\ecujsjhscd_29893da8fc,random_masked,0.0,0.9575369954109192
data\processed\crops\held_out\real\edyncaijwx_e0f352955f,original_reconstructed,0.0,4.102414095541462e-05
data\processed\crops\held_out\real\edyncaijwx_e0f352955f,boundary_blurred,0.0,0.03269367665052414
data\processed\crops\held_out\real\edyncaijwx_e0f352955f,boundary_masked,0.0,0.9944714307785034
data\processed\crops\held_out\real\edyncaijwx_e0f352955f,interior_masked,0.0,0.9970728158950806
data\processed\crops\held_out\real\edyncaijwx_e0f352955f,random_masked,0.0,0.021913770586252213
data\processed\crops\held_out\real\efwfxwwlbw_b0f1a43926,original_reconstructed,0.0,8.730696572456509e-05
data\processed\crops\held_out\real\efwfxwwlbw_b0f1a43926,boundary_blurred,0.0,0.0002688878448680043
data\processed\crops\held_out\real\efwfxwwlbw_b0f1a43926,boundary_masked,0.0,0.25936001539230347
data\processed\crops\held_out\real\efwfxwwlbw_b0f1a43926,interior_masked,0.0,0.999451220035553
data\processed\crops\held_out\real\efwfxwwlbw_b0f1a43926,random_masked,0.0,0.18618708848953247
data\processed\crops\held_out\real\eggbjzxnmg_12a55a99bc,original_reconstructed,0.0,0.12354857474565506
data\processed\crops\held_out\real\eggbjzxnmg_12a55a99bc,boundary_blurred,0.0,0.9781606793403625
data\processed\crops\held_out\real\eggbjzxnmg_12a55a99bc,boundary_masked,0.0,0.994270920753479
data\processed\crops\held_out\real\eggbjzxnmg_12a55a99bc,interior_masked,0.0,0.9995260238647461
data\processed\crops\held_out\real\eggbjzxnmg_12a55a99bc,random_masked,0.0,0.9835121035575867
data\processed\crops\held_out\real\egghxjjmfg_a11709fed8,original_reconstructed,0.0,2.8798174753319472e-05
data\processed\crops\held_out\real\egghxjjmfg_a11709fed8,boundary_blurred,0.0,0.006733712740242481
data\processed\crops\held_out\real\egghxjjmfg_a11709fed8,boundary_masked,0.0,0.0007948826532810926
data\processed\crops\held_out\real\egghxjjmfg_a11709fed8,interior_masked,0.0,0.999725878238678
data\processed\crops\held_out\real\egghxjjmfg_a11709fed8,random_masked,0.0,0.00038132970803417265
data\processed\crops\held_out\real\ehccixxzoe_e319f0fe2a,original_reconstructed,0.0,0.8426504731178284
data\processed\crops\held_out\real\ehccixxzoe_e319f0fe2a,boundary_blurred,0.0,0.9547497630119324
data\processed\crops\held_out\real\ehccixxzoe_e319f0fe2a,boundary_masked,0.0,0.9912981986999512
data\processed\crops\held_out\real\ehccixxzoe_e319f0fe2a,interior_masked,0.0,0.99864262342453
data\processed\crops\held_out\real\ehccixxzoe_e319f0fe2a,random_masked,0.0,0.9902377724647522
data\processed\crops\held_out\real\ehtdtkmmli_8452c64df1,original_reconstructed,0.0,0.9934034943580627
data\processed\crops\held_out\real\ehtdtkmmli_8452c64df1,boundary_blurred,0.0,0.9996167421340942
data\processed\crops\held_out\real\ehtdtkmmli_8452c64df1,boundary_masked,0.0,0.9998220801353455
data\processed\crops\held_out\real\ehtdtkmmli_8452c64df1,interior_masked,0.0,0.9996699094772339
data\processed\crops\held_out\real\ehtdtkmmli_8452c64df1,random_masked,0.0,0.9992133378982544
data\processed\crops\held_out\real\ekcrtigpab_f258a56a2a,original_reconstructed,0.0,0.0031594247557222843
data\processed\crops\held_out\real\ekcrtigpab_f258a56a2a,boundary_blurred,0.0,0.647741436958313
data\processed\crops\held_out\real\ekcrtigpab_f258a56a2a,boundary_masked,0.0,0.9509610533714294
data\processed\crops\held_out\real\ekcrtigpab_f258a56a2a,interior_masked,0.0,0.9994637370109558
data\processed\crops\held_out\real\ekcrtigpab_f258a56a2a,random_masked,0.0,0.998110294342041
data\processed\crops\held_out\real\ellavthztb_9297166179,original_reconstructed,0.0,0.03727635741233826
data\processed\crops\held_out\real\ellavthztb_9297166179,boundary_blurred,0.0,0.38578489422798157
data\processed\crops\held_out\real\ellavthztb_9297166179,boundary_masked,0.0,0.04150644689798355
data\processed\crops\held_out\real\ellavthztb_9297166179,interior_masked,0.0,0.9996805191040039
data\processed\crops\held_out\real\ellavthztb_9297166179,random_masked,0.0,0.8898898363113403
data\processed\crops\held_out\real\eqnoqyfquo_f4afc9c453,original_reconstructed,0.0,0.29559701681137085
data\processed\crops\held_out\real\eqnoqyfquo_f4afc9c453,boundary_blurred,0.0,0.9275888204574585
data\processed\crops\held_out\real\eqnoqyfquo_f4afc9c453,boundary_masked,0.0,0.9801387786865234
data\processed\crops\held_out\real\eqnoqyfquo_f4afc9c453,interior_masked,0.0,0.9997169375419617
data\processed\crops\held_out\real\eqnoqyfquo_f4afc9c453,random_masked,0.0,0.9919978976249695
data\processed\crops\held_out\real\erlvuvjsjf_9654d58d9e,original_reconstructed,0.0,5.608828359981999e-05
data\processed\crops\held_out\real\erlvuvjsjf_9654d58d9e,boundary_blurred,0.0,0.0012063109315931797
data\processed\crops\held_out\real\erlvuvjsjf_9654d58d9e,boundary_masked,0.0,0.0009038419811986387
data\processed\crops\held_out\real\erlvuvjsjf_9654d58d9e,interior_masked,0.0,0.9993852376937866
data\processed\crops\held_out\real\erlvuvjsjf_9654d58d9e,random_masked,0.0,0.0062201786786317825
data\processed\crops\held_out\real\eudeqjhdfd_5765b404a5,original_reconstructed,0.0,4.967098357155919e-05
data\processed\crops\held_out\real\eudeqjhdfd_5765b404a5,boundary_blurred,0.0,0.000302498898236081
data\processed\crops\held_out\real\eudeqjhdfd_5765b404a5,boundary_masked,0.0,0.19910450279712677
data\processed\crops\held_out\real\eudeqjhdfd_5765b404a5,interior_masked,0.0,0.9986339211463928
data\processed\crops\held_out\real\eudeqjhdfd_5765b404a5,random_masked,0.0,0.07611358165740967
data\processed\crops\held_out\fake\aagfhgtpmv_c16dc7a8e1,original_reconstructed,1.0,8.423627878073603e-05
data\processed\crops\held_out\fake\aagfhgtpmv_c16dc7a8e1,boundary_blurred,1.0,0.00048296275781467557
data\processed\crops\held_out\fake\aagfhgtpmv_c16dc7a8e1,boundary_masked,1.0,0.8751211166381836
data\processed\crops\held_out\fake\aagfhgtpmv_c16dc7a8e1,interior_masked,1.0,0.9996582269668579
data\processed\crops\held_out\fake\aagfhgtpmv_c16dc7a8e1,random_masked,1.0,0.09596209973096848
data\processed\crops\held_out\fake\aapnvogymq_2985dfb3fa,original_reconstructed,1.0,0.004502936732023954
data\processed\crops\held_out\fake\aapnvogymq_2985dfb3fa,boundary_blurred,1.0,0.9982064962387085
data\processed\crops\held_out\fake\aapnvogymq_2985dfb3fa,boundary_masked,1.0,0.4273156523704529
data\processed\crops\held_out\fake\aapnvogymq_2985dfb3fa,interior_masked,1.0,0.9995569586753845
data\processed\crops\held_out\fake\aapnvogymq_2985dfb3fa,random_masked,1.0,0.9838201999664307
data\processed\crops\held_out\fake\abofeumbvv_210088a941,original_reconstructed,1.0,0.9991286396980286
data\processed\crops\held_out\fake\abofeumbvv_210088a941,boundary_blurred,1.0,0.9996484518051147
data\processed\crops\held_out\fake\abofeumbvv_210088a941,boundary_masked,1.0,0.9998306035995483
data\processed\crops\held_out\fake\abofeumbvv_210088a941,interior_masked,1.0,0.9995102882385254
data\processed\crops\held_out\fake\abofeumbvv_210088a941,random_masked,1.0,0.9994670748710632
data\processed\crops\held_out\fake\abqwwspghj_17e2c688da,original_reconstructed,1.0,0.009713548235595226
data\processed\crops\held_out\fake\abqwwspghj_17e2c688da,boundary_blurred,1.0,0.454559326171875
data\processed\crops\held_out\fake\abqwwspghj_17e2c688da,boundary_masked,1.0,0.8325206637382507
data\processed\crops\held_out\fake\abqwwspghj_17e2c688da,interior_masked,1.0,0.9994251728057861
data\processed\crops\held_out\fake\abqwwspghj_17e2c688da,random_masked,1.0,0.9987898468971252
data\processed\crops\held_out\fake\acifjvzvpm_a81b4b8c78,original_reconstructed,1.0,0.9999504089355469
data\processed\crops\held_out\fake\acifjvzvpm_a81b4b8c78,boundary_blurred,1.0,0.999915599822998
data\processed\crops\held_out\fake\acifjvzvpm_a81b4b8c78,boundary_masked,1.0,0.997245192527771
data\processed\crops\held_out\fake\acifjvzvpm_a81b4b8c78,interior_masked,1.0,0.9839298129081726
data\processed\crops\held_out\fake\acifjvzvpm_a81b4b8c78,random_masked,1.0,0.9996696710586548
data\processed\crops\held_out\fake\acqfdwsrhi_21c969932a,original_reconstructed,1.0,0.0039004653226584196
data\processed\crops\held_out\fake\acqfdwsrhi_21c969932a,boundary_blurred,1.0,0.06398353725671768
data\processed\crops\held_out\fake\acqfdwsrhi_21c969932a,boundary_masked,1.0,0.1621890664100647
data\processed\crops\held_out\fake\acqfdwsrhi_21c969932a,interior_masked,1.0,0.9994637370109558
data\processed\crops\held_out\fake\acqfdwsrhi_21c969932a,random_masked,1.0,0.5808266997337341
data\processed\crops\held_out\fake\acxnxvbsxk_a458736866,original_reconstructed,1.0,0.004795144312083721
data\processed\crops\held_out\fake\acxnxvbsxk_a458736866,boundary_blurred,1.0,0.9711138606071472
data\processed\crops\held_out\fake\acxnxvbsxk_a458736866,boundary_masked,1.0,0.997643768787384
data\processed\crops\held_out\fake\acxnxvbsxk_a458736866,interior_masked,1.0,0.9997450709342957
data\processed\crops\held_out\fake\acxnxvbsxk_a458736866,random_masked,1.0,0.996450662612915
data\processed\crops\held_out\fake\acxwigylke_29dbe9c1dd,original_reconstructed,1.0,0.8954428434371948
data\processed\crops\held_out\fake\acxwigylke_29dbe9c1dd,boundary_blurred,1.0,0.9904173612594604
data\processed\crops\held_out\fake\acxwigylke_29dbe9c1dd,boundary_masked,1.0,0.9999622106552124
data\processed\crops\held_out\fake\acxwigylke_29dbe9c1dd,interior_masked,1.0,0.9991604089736938
data\processed\crops\held_out\fake\acxwigylke_29dbe9c1dd,random_masked,1.0,0.999570906162262
data\processed\crops\held_out\fake\aczrgyricp_fa3a11433b,original_reconstructed,1.0,0.06168070808053017
data\processed\crops\held_out\fake\aczrgyricp_fa3a11433b,boundary_blurred,1.0,0.9977812170982361
data\processed\crops\held_out\fake\aczrgyricp_fa3a11433b,boundary_masked,1.0,0.993525505065918
data\processed\crops\held_out\fake\aczrgyricp_fa3a11433b,interior_masked,1.0,0.9995993971824646
data\processed\crops\held_out\fake\aczrgyricp_fa3a11433b,random_masked,1.0,0.9986190795898438
data\processed\crops\held_out\fake\adhsbajydo_d672ff8bd4,original_reconstructed,1.0,0.9995966553688049
data\processed\crops\held_out\fake\adhsbajydo_d672ff8bd4,boundary_blurred,1.0,0.9997808337211609
data\processed\crops\held_out\fake\adhsbajydo_d672ff8bd4,boundary_masked,1.0,0.9998736381530762
data\processed\crops\held_out\fake\adhsbajydo_d672ff8bd4,interior_masked,1.0,0.9997121691703796
data\processed\crops\held_out\fake\adhsbajydo_d672ff8bd4,random_masked,1.0,0.999692440032959
data\processed\crops\held_out\fake\adohikbdaz_de66e93a56,original_reconstructed,1.0,0.0021398039534687996
data\processed\crops\held_out\fake\adohikbdaz_de66e93a56,boundary_blurred,1.0,0.007557978387922049
data\processed\crops\held_out\fake\adohikbdaz_de66e93a56,boundary_masked,1.0,0.9905260801315308
data\processed\crops\held_out\fake\adohikbdaz_de66e93a56,interior_masked,1.0,0.9997608065605164
data\processed\crops\held_out\fake\adohikbdaz_de66e93a56,random_masked,1.0,0.9606397747993469
data\processed\crops\held_out\fake\adylbeequz_b526d0fbf8,original_reconstructed,1.0,0.9996939897537231
data\processed\crops\held_out\fake\adylbeequz_b526d0fbf8,boundary_blurred,1.0,0.9999197721481323
data\processed\crops\held_out\fake\adylbeequz_b526d0fbf8,boundary_masked,1.0,0.9999182224273682
data\processed\crops\held_out\fake\adylbeequz_b526d0fbf8,interior_masked,1.0,0.9998005032539368
data\processed\crops\held_out\fake\adylbeequz_b526d0fbf8,random_masked,1.0,0.9999438524246216
data\processed\crops\held_out\fake\aelzhcnwgf_fe247fbe73,original_reconstructed,1.0,8.639660518383607e-05
data\processed\crops\held_out\fake\aelzhcnwgf_fe247fbe73,boundary_blurred,1.0,8.733577851671726e-05
data\processed\crops\held_out\fake\aelzhcnwgf_fe247fbe73,boundary_masked,1.0,0.0016446788795292377
data\processed\crops\held_out\fake\aelzhcnwgf_fe247fbe73,interior_masked,1.0,0.9994145631790161
data\processed\crops\held_out\fake\aelzhcnwgf_fe247fbe73,random_masked,1.0,0.00011675423593260348
data\processed\crops\held_out\fake\aettqgevhz_33e83925fc,original_reconstructed,1.0,0.2037503868341446
data\processed\crops\held_out\fake\aettqgevhz_33e83925fc,boundary_blurred,1.0,0.9992768168449402
data\processed\crops\held_out\fake\aettqgevhz_33e83925fc,boundary_masked,1.0,0.9990288019180298
data\processed\crops\held_out\fake\aettqgevhz_33e83925fc,interior_masked,1.0,0.999850869178772
data\processed\crops\held_out\fake\aettqgevhz_33e83925fc,random_masked,1.0,0.9974259734153748
data\processed\crops\held_out\fake\aevrfsexku_7835ece67c,original_reconstructed,1.0,0.9964448809623718
data\processed\crops\held_out\fake\aevrfsexku_7835ece67c,boundary_blurred,1.0,0.9941245913505554
data\processed\crops\held_out\fake\aevrfsexku_7835ece67c,boundary_masked,1.0,0.9957574009895325
data\processed\crops\held_out\fake\aevrfsexku_7835ece67c,interior_masked,1.0,0.9999397993087769
data\processed\crops\held_out\fake\aevrfsexku_7835ece67c,random_masked,1.0,0.9998180270195007
data\processed\crops\held_out\fake\agdkmztvby_96b260484d,original_reconstructed,1.0,0.9999984502792358
data\processed\crops\held_out\fake\agdkmztvby_96b260484d,boundary_blurred,1.0,0.9999994039535522
data\processed\crops\held_out\fake\agdkmztvby_96b260484d,boundary_masked,1.0,0.9999991655349731
data\processed\crops\held_out\fake\agdkmztvby_96b260484d,interior_masked,1.0,0.9999825954437256
data\processed\crops\held_out\fake\agdkmztvby_96b260484d,random_masked,1.0,0.9999983310699463
data\processed\crops\held_out\fake\agqphdxmwt_13e92c5599,original_reconstructed,1.0,0.9999953508377075
data\processed\crops\held_out\fake\agqphdxmwt_13e92c5599,boundary_blurred,1.0,0.999998927116394
data\processed\crops\held_out\fake\agqphdxmwt_13e92c5599,boundary_masked,1.0,0.9999978542327881
data\processed\crops\held_out\fake\agqphdxmwt_13e92c5599,interior_masked,1.0,0.9999649524688721
data\processed\crops\held_out\fake\agqphdxmwt_13e92c5599,random_masked,1.0,0.9999924898147583
data\processed\crops\held_out\fake\ahbweevwpv_53fd900d09,original_reconstructed,1.0,6.483596371253952e-05
data\processed\crops\held_out\fake\ahbweevwpv_53fd900d09,boundary_blurred,1.0,0.00016892827989067882
data\processed\crops\held_out\fake\ahbweevwpv_53fd900d09,boundary_masked,1.0,0.9263589382171631
data\processed\crops\held_out\fake\ahbweevwpv_53fd900d09,interior_masked,1.0,0.9995416402816772
data\processed\crops\held_out\fake\ahbweevwpv_53fd900d09,random_masked,1.0,0.00121834478341043
data\processed\crops\held_out\fake\ahdbuwqxit_20a92098d6,original_reconstructed,1.0,0.0002033296477748081
data\processed\crops\held_out\fake\ahdbuwqxit_20a92098d6,boundary_blurred,1.0,0.003376899752765894
data\processed\crops\held_out\fake\ahdbuwqxit_20a92098d6,boundary_masked,1.0,0.8756074905395508
data\processed\crops\held_out\fake\ahdbuwqxit_20a92098d6,interior_masked,1.0,0.9989884495735168
data\processed\crops\held_out\fake\ahdbuwqxit_20a92098d6,random_masked,1.0,0.03676454350352287
data\processed\crops\held_out\fake\ahfazfbntc_ef5dfc8661,original_reconstructed,1.0,0.5440806150436401
data\processed\crops\held_out\fake\ahfazfbntc_ef5dfc8661,boundary_blurred,1.0,0.9995984435081482
data\processed\crops\held_out\fake\ahfazfbntc_ef5dfc8661,boundary_masked,1.0,0.9995347261428833
data\processed\crops\held_out\fake\ahfazfbntc_ef5dfc8661,interior_masked,1.0,0.9996503591537476
data\processed\crops\held_out\fake\ahfazfbntc_ef5dfc8661,random_masked,1.0,0.992716372013092
data\processed\crops\held_out\fake\aipfdnwpoo_922709e844,original_reconstructed,1.0,0.9993521571159363
data\processed\crops\held_out\fake\aipfdnwpoo_922709e844,boundary_blurred,1.0,0.9999336004257202
data\processed\crops\held_out\fake\aipfdnwpoo_922709e844,boundary_masked,1.0,0.9988411068916321
data\processed\crops\held_out\fake\aipfdnwpoo_922709e844,interior_masked,1.0,0.9992103576660156
data\processed\crops\held_out\fake\aipfdnwpoo_922709e844,random_masked,1.0,0.9971640706062317
data\processed\crops\held_out\fake\ajwpjhrbcv_e6b3adfb74,original_reconstructed,1.0,0.9851449728012085
data\processed\crops\held_out\fake\ajwpjhrbcv_e6b3adfb74,boundary_blurred,1.0,0.9559523463249207
data\processed\crops\held_out\fake\ajwpjhrbcv_e6b3adfb74,boundary_masked,1.0,0.982161283493042
data\processed\crops\held_out\fake\ajwpjhrbcv_e6b3adfb74,interior_masked,1.0,0.9992658495903015
data\processed\crops\held_out\fake\ajwpjhrbcv_e6b3adfb74,random_masked,1.0,0.9934391379356384
data\processed\crops\held_out\fake\aklqzsddfl_c8f9c00e09,original_reconstructed,1.0,0.9999920129776001
data\processed\crops\held_out\fake\aklqzsddfl_c8f9c00e09,boundary_blurred,1.0,0.9999951124191284
data\processed\crops\held_out\fake\aklqzsddfl_c8f9c00e09,boundary_masked,1.0,0.9999934434890747
data\processed\crops\held_out\fake\aklqzsddfl_c8f9c00e09,interior_masked,1.0,0.9999526739120483
data\processed\crops\held_out\fake\aklqzsddfl_c8f9c00e09,random_masked,1.0,0.9999839067459106
data\processed\crops\held_out\fake\aknbdpmgua_0f408c74a7,original_reconstructed,1.0,0.996942937374115
data\processed\crops\held_out\fake\aknbdpmgua_0f408c74a7,boundary_blurred,1.0,0.9998241066932678
data\processed\crops\held_out\fake\aknbdpmgua_0f408c74a7,boundary_masked,1.0,0.999946117401123
data\processed\crops\held_out\fake\aknbdpmgua_0f408c74a7,interior_masked,1.0,0.9996947050094604
data\processed\crops\held_out\fake\aknbdpmgua_0f408c74a7,random_masked,1.0,0.9997738003730774
data\processed\crops\held_out\fake\aknmpoonls_2178be8875,original_reconstructed,1.0,0.6058908104896545
data\processed\crops\held_out\fake\aknmpoonls_2178be8875,boundary_blurred,1.0,0.9996320009231567
data\processed\crops\held_out\fake\aknmpoonls_2178be8875,boundary_masked,1.0,0.9994196891784668
data\processed\crops\held_out\fake\aknmpoonls_2178be8875,interior_masked,1.0,0.9994683861732483
data\processed\crops\held_out\fake\aknmpoonls_2178be8875,random_masked,1.0,0.9990909099578857
data\processed\crops\held_out\fake\akvmwkdyuv_4ffd4d71b7,original_reconstructed,1.0,0.6539801955223083
data\processed\crops\held_out\fake\akvmwkdyuv_4ffd4d71b7,boundary_blurred,1.0,0.9921820759773254
data\processed\crops\held_out\fake\akvmwkdyuv_4ffd4d71b7,boundary_masked,1.0,0.9992367029190063
data\processed\crops\held_out\fake\akvmwkdyuv_4ffd4d71b7,interior_masked,1.0,0.9994038343429565
data\processed\crops\held_out\fake\akvmwkdyuv_4ffd4d71b7,random_masked,1.0,0.9981891512870789
data\processed\crops\held_out\fake\akxoopqjqz_76b76b1a23,original_reconstructed,1.0,0.999312162399292
data\processed\crops\held_out\fake\akxoopqjqz_76b76b1a23,boundary_blurred,1.0,0.9997689127922058
data\processed\crops\held_out\fake\akxoopqjqz_76b76b1a23,boundary_masked,1.0,0.9998548030853271
data\processed\crops\held_out\fake\akxoopqjqz_76b76b1a23,interior_masked,1.0,0.9994834661483765
data\processed\crops\held_out\fake\akxoopqjqz_76b76b1a23,random_masked,1.0,0.9996590614318848
data\processed\crops\held_out\fake\akzbnazxtz_88d1063af0,original_reconstructed,1.0,0.554958164691925
data\processed\crops\held_out\fake\akzbnazxtz_88d1063af0,boundary_blurred,1.0,0.9999514818191528
data\processed\crops\held_out\fake\akzbnazxtz_88d1063af0,boundary_masked,1.0,0.9991235136985779
data\processed\crops\held_out\fake\akzbnazxtz_88d1063af0,interior_masked,1.0,0.9996697902679443
data\processed\crops\held_out\fake\akzbnazxtz_88d1063af0,random_masked,1.0,0.9733213186264038
data\processed\crops\held_out\fake\aladcziidp_d32f5d0f46,original_reconstructed,1.0,0.844389796257019
data\processed\crops\held_out\fake\aladcziidp_d32f5d0f46,boundary_blurred,1.0,0.9997075200080872
data\processed\crops\held_out\fake\aladcziidp_d32f5d0f46,boundary_masked,1.0,0.9990801811218262
data\processed\crops\held_out\fake\aladcziidp_d32f5d0f46,interior_masked,1.0,0.9984183311462402
data\processed\crops\held_out\fake\aladcziidp_d32f5d0f46,random_masked,1.0,0.9988647699356079
data\processed\crops\held_out\fake\alaijyygdv_9f29022786,original_reconstructed,1.0,0.9687606692314148
data\processed\crops\held_out\fake\alaijyygdv_9f29022786,boundary_blurred,1.0,0.9995964169502258
data\processed\crops\held_out\fake\alaijyygdv_9f29022786,boundary_masked,1.0,0.9998863935470581
data\processed\crops\held_out\fake\alaijyygdv_9f29022786,interior_masked,1.0,0.9984911680221558
data\processed\crops\held_out\fake\alaijyygdv_9f29022786,random_masked,1.0,0.9981479644775391
data\processed\crops\held_out\fake\alninxcyhg_c82c35284c,original_reconstructed,1.0,0.4912167191505432
data\processed\crops\held_out\fake\alninxcyhg_c82c35284c,boundary_blurred,1.0,0.9258392453193665
data\processed\crops\held_out\fake\alninxcyhg_c82c35284c,boundary_masked,1.0,0.9489291906356812
data\processed\crops\held_out\fake\alninxcyhg_c82c35284c,interior_masked,1.0,0.9997144341468811
data\processed\crops\held_out\fake\alninxcyhg_c82c35284c,random_masked,1.0,0.9919356107711792
data\processed\crops\held_out\fake\altziddtxi_cfd2030184,original_reconstructed,1.0,0.9991238713264465
data\processed\crops\held_out\fake\altziddtxi_cfd2030184,boundary_blurred,1.0,0.9998542070388794
data\processed\crops\held_out\fake\altziddtxi_cfd2030184,boundary_masked,1.0,0.999903678894043
data\processed\crops\held_out\fake\altziddtxi_cfd2030184,interior_masked,1.0,0.9994297623634338
data\processed\crops\held_out\fake\altziddtxi_cfd2030184,random_masked,1.0,0.9996778964996338
data\processed\crops\held_out\fake\alvgwypubw_33f46fe299,original_reconstructed,1.0,0.245814248919487
data\processed\crops\held_out\fake\alvgwypubw_33f46fe299,boundary_blurred,1.0,0.80716472864151
data\processed\crops\held_out\fake\alvgwypubw_33f46fe299,boundary_masked,1.0,0.987845242023468
data\processed\crops\held_out\fake\alvgwypubw_33f46fe299,interior_masked,1.0,0.9996213912963867
data\processed\crops\held_out\fake\alvgwypubw_33f46fe299,random_masked,1.0,0.9952390193939209
data\processed\crops\held_out\fake\amaivqofda_d5d4826d46,original_reconstructed,1.0,0.9999853372573853
data\processed\crops\held_out\fake\amaivqofda_d5d4826d46,boundary_blurred,1.0,0.9999961853027344
data\processed\crops\held_out\fake\amaivqofda_d5d4826d46,boundary_masked,1.0,0.9999958276748657
data\processed\crops\held_out\fake\amaivqofda_d5d4826d46,interior_masked,1.0,0.9999734163284302
data\processed\crops\held_out\fake\amaivqofda_d5d4826d46,random_masked,1.0,0.9999940395355225
data\processed\crops\held_out\fake\amowujxmzc_784df00951,original_reconstructed,1.0,0.0003888650971930474
data\processed\crops\held_out\fake\amowujxmzc_784df00951,boundary_blurred,1.0,0.0033885929733514786
data\processed\crops\held_out\fake\amowujxmzc_784df00951,boundary_masked,1.0,0.9787909984588623
data\processed\crops\held_out\fake\amowujxmzc_784df00951,interior_masked,1.0,0.9996955394744873
data\processed\crops\held_out\fake\amowujxmzc_784df00951,random_masked,1.0,0.004842343274503946
data\processed\crops\held_out\fake\andaxzscny_7b11a8e9ee,original_reconstructed,1.0,0.999967098236084
data\processed\crops\held_out\fake\andaxzscny_7b11a8e9ee,boundary_blurred,1.0,0.999967098236084
data\processed\crops\held_out\fake\andaxzscny_7b11a8e9ee,boundary_masked,1.0,0.999967098236084
data\processed\crops\held_out\fake\andaxzscny_7b11a8e9ee,interior_masked,1.0,0.999967098236084
data\processed\crops\held_out\fake\andaxzscny_7b11a8e9ee,random_masked,1.0,0.999967098236084
data\processed\crops\held_out\fake\aneclqfpbt_500aa4b2e3,original_reconstructed,1.0,0.9481556415557861
data\processed\crops\held_out\fake\aneclqfpbt_500aa4b2e3,boundary_blurred,1.0,0.9996377229690552
data\processed\crops\held_out\fake\aneclqfpbt_500aa4b2e3,boundary_masked,1.0,0.9993190765380859
data\processed\crops\held_out\fake\aneclqfpbt_500aa4b2e3,interior_masked,1.0,0.999767005443573
data\processed\crops\held_out\fake\aneclqfpbt_500aa4b2e3,random_masked,1.0,0.9946091175079346
data\processed\crops\held_out\fake\aorjvbyxhw_120b26f207,original_reconstructed,1.0,0.9998038411140442
data\processed\crops\held_out\fake\aorjvbyxhw_120b26f207,boundary_blurred,1.0,0.9999001026153564
data\processed\crops\held_out\fake\aorjvbyxhw_120b26f207,boundary_masked,1.0,0.9996390342712402
data\processed\crops\held_out\fake\aorjvbyxhw_120b26f207,interior_masked,1.0,0.9987099170684814
data\processed\crops\held_out\fake\aorjvbyxhw_120b26f207,random_masked,1.0,0.9997336268424988
data\processed\crops\held_out\fake\apatcsqejh_5e427ab978,original_reconstructed,1.0,7.64684664318338e-05
data\processed\crops\held_out\fake\apatcsqejh_5e427ab978,boundary_blurred,1.0,0.06550619006156921
data\processed\crops\held_out\fake\apatcsqejh_5e427ab978,boundary_masked,1.0,0.9830276966094971
data\processed\crops\held_out\fake\apatcsqejh_5e427ab978,interior_masked,1.0,0.9963167905807495
data\processed\crops\held_out\fake\apatcsqejh_5e427ab978,random_masked,1.0,0.8594449162483215
data\processed\crops\held_out\fake\apgjqzkoma_7288763c76,original_reconstructed,1.0,0.000510549871250987
data\processed\crops\held_out\fake\apgjqzkoma_7288763c76,boundary_blurred,1.0,0.0039766510017216206
data\processed\crops\held_out\fake\apgjqzkoma_7288763c76,boundary_masked,1.0,0.009183796122670174
data\processed\crops\held_out\fake\apgjqzkoma_7288763c76,interior_masked,1.0,0.999757707118988
data\processed\crops\held_out\fake\apgjqzkoma_7288763c76,random_masked,1.0,0.7525110840797424
data\processed\crops\held_out\fake\apogckdfrz_7dd9c8756c,original_reconstructed,1.0,0.9697893261909485
data\processed\crops\held_out\fake\apogckdfrz_7dd9c8756c,boundary_blurred,1.0,0.9888061285018921
data\processed\crops\held_out\fake\apogckdfrz_7dd9c8756c,boundary_masked,1.0,0.9992475509643555
data\processed\crops\held_out\fake\apogckdfrz_7dd9c8756c,interior_masked,1.0,0.9995001554489136
data\processed\crops\held_out\fake\apogckdfrz_7dd9c8756c,random_masked,1.0,0.9982525706291199
data\processed\crops\held_out\fake\aqpnvjhuzw_6472965f5a,original_reconstructed,1.0,0.0037048421800136566
data\processed\crops\held_out\fake\aqpnvjhuzw_6472965f5a,boundary_blurred,1.0,0.021686742082238197
data\processed\crops\held_out\fake\aqpnvjhuzw_6472965f5a,boundary_masked,1.0,0.4926910996437073
data\processed\crops\held_out\fake\aqpnvjhuzw_6472965f5a,interior_masked,1.0,0.9991188645362854
data\processed\crops\held_out\fake\aqpnvjhuzw_6472965f5a,random_masked,1.0,0.7634739875793457
data\processed\crops\held_out\fake\arkroixhey_7039841b68,original_reconstructed,1.0,0.00014344755618367344
data\processed\crops\held_out\fake\arkroixhey_7039841b68,boundary_blurred,1.0,0.005850129760801792
data\processed\crops\held_out\fake\arkroixhey_7039841b68,boundary_masked,1.0,0.9981561303138733
data\processed\crops\held_out\fake\arkroixhey_7039841b68,interior_masked,1.0,0.9997068047523499
data\processed\crops\held_out\fake\arkroixhey_7039841b68,random_masked,1.0,0.05560755729675293
data\processed\crops\held_out\fake\arlmiizoob_c5c4ee417d,original_reconstructed,1.0,0.9975513815879822
data\processed\crops\held_out\fake\arlmiizoob_c5c4ee417d,boundary_blurred,1.0,0.9996806383132935
data\processed\crops\held_out\fake\arlmiizoob_c5c4ee417d,boundary_masked,1.0,0.9998670816421509
data\processed\crops\held_out\fake\arlmiizoob_c5c4ee417d,interior_masked,1.0,0.9994230270385742
data\processed\crops\held_out\fake\arlmiizoob_c5c4ee417d,random_masked,1.0,0.9995003938674927
data\processed\crops\held_out\fake\arrhsnjqku_96dde9c420,original_reconstructed,1.0,0.6743675470352173
data\processed\crops\held_out\fake\arrhsnjqku_96dde9c420,boundary_blurred,1.0,0.9794358015060425
data\processed\crops\held_out\fake\arrhsnjqku_96dde9c420,boundary_masked,1.0,0.9631927013397217
data\processed\crops\held_out\fake\arrhsnjqku_96dde9c420,interior_masked,1.0,0.9993571639060974
data\processed\crops\held_out\fake\arrhsnjqku_96dde9c420,random_masked,1.0,0.9985886216163635
data\processed\crops\held_out\fake\asdpeebotb_e5425e6c46,original_reconstructed,1.0,0.9999767541885376
data\processed\crops\held_out\fake\asdpeebotb_e5425e6c46,boundary_blurred,1.0,0.999988317489624
data\processed\crops\held_out\fake\asdpeebotb_e5425e6c46,boundary_masked,1.0,0.999984622001648
data\processed\crops\held_out\fake\asdpeebotb_e5425e6c46,interior_masked,1.0,0.9999021291732788
data\processed\crops\held_out\fake\asdpeebotb_e5425e6c46,random_masked,1.0,0.9999614953994751
data\processed\crops\held_out\fake\aslsvlvpth_b4ccdf20b2,original_reconstructed,1.0,0.9999908208847046
data\processed\crops\held_out\fake\aslsvlvpth_b4ccdf20b2,boundary_blurred,1.0,0.9999916553497314
data\processed\crops\held_out\fake\aslsvlvpth_b4ccdf20b2,boundary_masked,1.0,0.9999911785125732
data\processed\crops\held_out\fake\aslsvlvpth_b4ccdf20b2,interior_masked,1.0,0.9998651742935181
data\processed\crops\held_out\fake\aslsvlvpth_b4ccdf20b2,random_masked,1.0,0.9999690055847168
data\processed\crops\held_out\fake\asmpfjfzif_c470f96857,original_reconstructed,1.0,0.9999513626098633
data\processed\crops\held_out\fake\asmpfjfzif_c470f96857,boundary_blurred,1.0,0.9999487400054932
data\processed\crops\held_out\fake\asmpfjfzif_c470f96857,boundary_masked,1.0,0.9998224377632141
data\processed\crops\held_out\fake\asmpfjfzif_c470f96857,interior_masked,1.0,0.998916745185852
data\processed\crops\held_out\fake\asmpfjfzif_c470f96857,random_masked,1.0,0.999783456325531
data\processed\crops\held_out\fake\asvcrfdpnq_941af9fa18,original_reconstructed,1.0,2.404870065220166e-05
data\processed\crops\held_out\fake\asvcrfdpnq_941af9fa18,boundary_blurred,1.0,3.8472102460218593e-05
data\processed\crops\held_out\fake\asvcrfdpnq_941af9fa18,boundary_masked,1.0,0.004452446475625038
data\processed\crops\held_out\fake\asvcrfdpnq_941af9fa18,interior_masked,1.0,0.9996323585510254
data\processed\crops\held_out\fake\asvcrfdpnq_941af9fa18,random_masked,1.0,4.981205711374059e-05
data\processed\crops\held_out\fake\atxvxouljq_c94ed96411,original_reconstructed,1.0,5.08723605889827e-05
data\processed\crops\held_out\fake\atxvxouljq_c94ed96411,boundary_blurred,1.0,0.005197362508624792
data\processed\crops\held_out\fake\atxvxouljq_c94ed96411,boundary_masked,1.0,0.761549711227417
data\processed\crops\held_out\fake\atxvxouljq_c94ed96411,interior_masked,1.0,0.9996125102043152
data\processed\crops\held_out\fake\atxvxouljq_c94ed96411,random_masked,1.0,0.006566311698406935
data\processed\crops\held_out\fake\atyntldecu_e3d93de1b6,original_reconstructed,1.0,0.9768401384353638
data\processed\crops\held_out\fake\atyntldecu_e3d93de1b6,boundary_blurred,1.0,0.9994481205940247
data\processed\crops\held_out\fake\atyntldecu_e3d93de1b6,boundary_masked,1.0,0.9997891783714294
data\processed\crops\held_out\fake\atyntldecu_e3d93de1b6,interior_masked,1.0,0.9996596574783325
data\processed\crops\held_out\fake\atyntldecu_e3d93de1b6,random_masked,1.0,0.9993966817855835
data\processed\crops\held_out\fake\atzdznmder_dda01a28c3,original_reconstructed,1.0,0.0018824322614818811
data\processed\crops\held_out\fake\atzdznmder_dda01a28c3,boundary_blurred,1.0,0.9620283246040344
data\processed\crops\held_out\fake\atzdznmder_dda01a28c3,boundary_masked,1.0,0.3300671875476837
data\processed\crops\held_out\fake\atzdznmder_dda01a28c3,interior_masked,1.0,0.9990386962890625
data\processed\crops\held_out\fake\atzdznmder_dda01a28c3,random_masked,1.0,0.9337043166160583
data\processed\crops\held_out\fake\aufmsmnoye_754aec369a,original_reconstructed,1.0,0.4752809405326843
data\processed\crops\held_out\fake\aufmsmnoye_754aec369a,boundary_blurred,1.0,0.9985970854759216
data\processed\crops\held_out\fake\aufmsmnoye_754aec369a,boundary_masked,1.0,0.9988607168197632
data\processed\crops\held_out\fake\aufmsmnoye_754aec369a,interior_masked,1.0,0.9996092915534973
data\processed\crops\held_out\fake\aufmsmnoye_754aec369a,random_masked,1.0,0.9319577813148499
data\processed\crops\held_out\fake\augtsuxpzc_0434f0f263,original_reconstructed,1.0,0.99960857629776
data\processed\crops\held_out\fake\augtsuxpzc_0434f0f263,boundary_blurred,1.0,0.9997557997703552
data\processed\crops\held_out\fake\augtsuxpzc_0434f0f263,boundary_masked,1.0,0.999646782875061
data\processed\crops\held_out\fake\augtsuxpzc_0434f0f263,interior_masked,1.0,0.9993529915809631
data\processed\crops\held_out\fake\augtsuxpzc_0434f0f263,random_masked,1.0,0.9996533393859863
data\processed\crops\held_out\fake\avfitoutyn_7f78e5680d,original_reconstructed,1.0,0.9994726777076721
data\processed\crops\held_out\fake\avfitoutyn_7f78e5680d,boundary_blurred,1.0,0.9999123811721802
data\processed\crops\held_out\fake\avfitoutyn_7f78e5680d,boundary_masked,1.0,0.9998249411582947
data\processed\crops\held_out\fake\avfitoutyn_7f78e5680d,interior_masked,1.0,0.9995836615562439
data\processed\crops\held_out\fake\avfitoutyn_7f78e5680d,random_masked,1.0,0.9997710585594177
data\processed\crops\held_out\fake\avgiuextiz_a612029a38,original_reconstructed,1.0,0.5603865385055542
data\processed\crops\held_out\fake\avgiuextiz_a612029a38,boundary_blurred,1.0,0.9997172951698303
data\processed\crops\held_out\fake\avgiuextiz_a612029a38,boundary_masked,1.0,0.9977147579193115
data\processed\crops\held_out\fake\avgiuextiz_a612029a38,interior_masked,1.0,0.9994040727615356
data\processed\crops\held_out\fake\avgiuextiz_a612029a38,random_masked,1.0,0.9994056224822998
data\processed\crops\held_out\fake\avibnnhwhp_612d738cf9,original_reconstructed,1.0,0.011525970883667469
data\processed\crops\held_out\fake\avibnnhwhp_612d738cf9,boundary_blurred,1.0,0.9989025592803955
data\processed\crops\held_out\fake\avibnnhwhp_612d738cf9,boundary_masked,1.0,0.004797037690877914
data\processed\crops\held_out\fake\avibnnhwhp_612d738cf9,interior_masked,1.0,0.999643087387085
data\processed\crops\held_out\fake\avibnnhwhp_612d738cf9,random_masked,1.0,0.9973039627075195
data\processed\crops\held_out\fake\avnqydkqjj_ed41e68fc9,original_reconstructed,1.0,0.08221833407878876
data\processed\crops\held_out\fake\avnqydkqjj_ed41e68fc9,boundary_blurred,1.0,0.9335840940475464
data\processed\crops\held_out\fake\avnqydkqjj_ed41e68fc9,boundary_masked,1.0,0.9982494115829468
data\processed\crops\held_out\fake\avnqydkqjj_ed41e68fc9,interior_masked,1.0,0.9990988969802856
data\processed\crops\held_out\fake\avnqydkqjj_ed41e68fc9,random_masked,1.0,0.9908097982406616
data\processed\crops\held_out\fake\avssvvsdhz_b7701ef880,original_reconstructed,1.0,0.8878451585769653
data\processed\crops\held_out\fake\avssvvsdhz_b7701ef880,boundary_blurred,1.0,0.9993785619735718
data\processed\crops\held_out\fake\avssvvsdhz_b7701ef880,boundary_masked,1.0,0.9999366998672485
data\processed\crops\held_out\fake\avssvvsdhz_b7701ef880,interior_masked,1.0,0.9995799660682678
data\processed\crops\held_out\fake\avssvvsdhz_b7701ef880,random_masked,1.0,0.99953293800354
data\processed\crops\held_out\fake\avtycwsgyb_e2364fd721,original_reconstructed,1.0,0.9999898672103882
data\processed\crops\held_out\fake\avtycwsgyb_e2364fd721,boundary_blurred,1.0,0.999996542930603
data\processed\crops\held_out\fake\avtycwsgyb_e2364fd721,boundary_masked,1.0,0.9999960660934448
data\processed\crops\held_out\fake\avtycwsgyb_e2364fd721,interior_masked,1.0,0.9999778270721436
data\processed\crops\held_out\fake\avtycwsgyb_e2364fd721,random_masked,1.0,0.9999885559082031
data\processed\crops\held_out\fake\avvdgsennp_534261bcef,original_reconstructed,1.0,0.9999613761901855
data\processed\crops\held_out\fake\avvdgsennp_534261bcef,boundary_blurred,1.0,0.9999613761901855
data\processed\crops\held_out\fake\avvdgsennp_534261bcef,boundary_masked,1.0,0.9999613761901855
data\processed\crops\held_out\fake\avvdgsennp_534261bcef,interior_masked,1.0,0.9999613761901855
data\processed\crops\held_out\fake\avvdgsennp_534261bcef,random_masked,1.0,0.9999613761901855
data\processed\crops\held_out\fake\avywawptfc_41729875d9,original_reconstructed,1.0,0.0002669113746378571
data\processed\crops\held_out\fake\avywawptfc_41729875d9,boundary_blurred,1.0,0.13653792440891266
data\processed\crops\held_out\fake\avywawptfc_41729875d9,boundary_masked,1.0,0.97043377161026
data\processed\crops\held_out\fake\avywawptfc_41729875d9,interior_masked,1.0,0.9991993308067322
data\processed\crops\held_out\fake\avywawptfc_41729875d9,random_masked,1.0,0.8100275993347168
data\processed\crops\held_out\fake\awhmfnnjih_f54fc4040b,original_reconstructed,1.0,0.05010734498500824
data\processed\crops\held_out\fake\awhmfnnjih_f54fc4040b,boundary_blurred,1.0,0.7428776025772095
data\processed\crops\held_out\fake\awhmfnnjih_f54fc4040b,boundary_masked,1.0,0.8672467470169067
data\processed\crops\held_out\fake\awhmfnnjih_f54fc4040b,interior_masked,1.0,0.9996505975723267
data\processed\crops\held_out\fake\awhmfnnjih_f54fc4040b,random_masked,1.0,0.8289815187454224
data\processed\crops\held_out\fake\awnwkrqibf_97a4dd2b4f,original_reconstructed,1.0,0.9501845240592957
data\processed\crops\held_out\fake\awnwkrqibf_97a4dd2b4f,boundary_blurred,1.0,0.9992246627807617
data\processed\crops\held_out\fake\awnwkrqibf_97a4dd2b4f,boundary_masked,1.0,0.9998099207878113
data\processed\crops\held_out\fake\awnwkrqibf_97a4dd2b4f,interior_masked,1.0,0.9995929598808289
data\processed\crops\held_out\fake\awnwkrqibf_97a4dd2b4f,random_masked,1.0,0.9993464350700378
data\processed\crops\held_out\fake\awukslzjra_31d8bfaa35,original_reconstructed,1.0,0.6400296688079834
data\processed\crops\held_out\fake\awukslzjra_31d8bfaa35,boundary_blurred,1.0,0.9994833469390869
data\processed\crops\held_out\fake\awukslzjra_31d8bfaa35,boundary_masked,1.0,0.9961490631103516
data\processed\crops\held_out\fake\awukslzjra_31d8bfaa35,interior_masked,1.0,0.9997544884681702
data\processed\crops\held_out\fake\awukslzjra_31d8bfaa35,random_masked,1.0,0.9972183704376221
data\processed\crops\held_out\fake\axczxisdtb_cc283c430f,original_reconstructed,1.0,0.9996477365493774
data\processed\crops\held_out\fake\axczxisdtb_cc283c430f,boundary_blurred,1.0,0.9999328851699829
data\processed\crops\held_out\fake\axczxisdtb_cc283c430f,boundary_masked,1.0,0.9999110698699951
data\processed\crops\held_out\fake\axczxisdtb_cc283c430f,interior_masked,1.0,0.9992749094963074
data\processed\crops\held_out\fake\axczxisdtb_cc283c430f,random_masked,1.0,0.9997685551643372
data\processed\crops\held_out\fake\axoygtekut_75e754551a,original_reconstructed,1.0,0.8647867441177368
data\processed\crops\held_out\fake\axoygtekut_75e754551a,boundary_blurred,1.0,0.987392246723175
data\processed\crops\held_out\fake\axoygtekut_75e754551a,boundary_masked,1.0,0.9925575256347656
data\processed\crops\held_out\fake\axoygtekut_75e754551a,interior_masked,1.0,0.9980961680412292
data\processed\crops\held_out\fake\axoygtekut_75e754551a,random_masked,1.0,0.9911959171295166
data\processed\crops\held_out\fake\axwgcsyphv_17ca246f5c,original_reconstructed,1.0,0.9993638396263123
data\processed\crops\held_out\fake\axwgcsyphv_17ca246f5c,boundary_blurred,1.0,0.9998323917388916
data\processed\crops\held_out\fake\axwgcsyphv_17ca246f5c,boundary_masked,1.0,0.9999125003814697
data\processed\crops\held_out\fake\axwgcsyphv_17ca246f5c,interior_masked,1.0,0.9996417760848999
data\processed\crops\held_out\fake\axwgcsyphv_17ca246f5c,random_masked,1.0,0.9994124174118042
data\processed\crops\held_out\fake\axwovszumc_b8ca35d4fa,original_reconstructed,1.0,0.00017064336861949414
data\processed\crops\held_out\fake\axwovszumc_b8ca35d4fa,boundary_blurred,1.0,0.0004794562410097569
data\processed\crops\held_out\fake\axwovszumc_b8ca35d4fa,boundary_masked,1.0,0.040829338133335114
data\processed\crops\held_out\fake\axwovszumc_b8ca35d4fa,interior_masked,1.0,0.9988290667533875
data\processed\crops\held_out\fake\axwovszumc_b8ca35d4fa,random_masked,1.0,0.04146798700094223
data\processed\crops\held_out\fake\ayqvfdhslr_1035c3e6e7,original_reconstructed,1.0,0.9995453953742981
data\processed\crops\held_out\fake\ayqvfdhslr_1035c3e6e7,boundary_blurred,1.0,0.9998668432235718
data\processed\crops\held_out\fake\ayqvfdhslr_1035c3e6e7,boundary_masked,1.0,0.99978107213974
data\processed\crops\held_out\fake\ayqvfdhslr_1035c3e6e7,interior_masked,1.0,0.9983090162277222
data\processed\crops\held_out\fake\ayqvfdhslr_1035c3e6e7,random_masked,1.0,0.9994751811027527
data\processed\crops\held_out\fake\azpuxunqyo_4768982df1,original_reconstructed,1.0,0.49034383893013
data\processed\crops\held_out\fake\azpuxunqyo_4768982df1,boundary_blurred,1.0,0.8640283942222595
data\processed\crops\held_out\fake\azpuxunqyo_4768982df1,boundary_masked,1.0,0.7619375586509705
data\processed\crops\held_out\fake\azpuxunqyo_4768982df1,interior_masked,1.0,0.9991081357002258
data\processed\crops\held_out\fake\azpuxunqyo_4768982df1,random_masked,1.0,0.8987261056900024
data\processed\crops\held_out\fake\azsmewqghg_454bc11316,original_reconstructed,1.0,0.9999984502792358
data\processed\crops\held_out\fake\azsmewqghg_454bc11316,boundary_blurred,1.0,0.9999994039535522
data\processed\crops\held_out\fake\azsmewqghg_454bc11316,boundary_masked,1.0,0.9999991655349731
data\processed\crops\held_out\fake\azsmewqghg_454bc11316,interior_masked,1.0,0.9999834299087524
data\processed\crops\held_out\fake\azsmewqghg_454bc11316,random_masked,1.0,0.9999979734420776
data\processed\crops\held_out\fake\bahdpoesir_a384eca454,original_reconstructed,1.0,0.000173918844666332
data\processed\crops\held_out\fake\bahdpoesir_a384eca454,boundary_blurred,1.0,0.03423067182302475
data\processed\crops\held_out\fake\bahdpoesir_a384eca454,boundary_masked,1.0,0.8357235789299011
data\processed\crops\held_out\fake\bahdpoesir_a384eca454,interior_masked,1.0,0.9996191263198853
data\processed\crops\held_out\fake\bahdpoesir_a384eca454,random_masked,1.0,0.8559812903404236
data\processed\crops\held_out\fake\bbhpvrmbse_9428a64d32,original_reconstructed,1.0,0.9995229244232178
data\processed\crops\held_out\fake\bbhpvrmbse_9428a64d32,boundary_blurred,1.0,0.9998342990875244
data\processed\crops\held_out\fake\bbhpvrmbse_9428a64d32,boundary_masked,1.0,0.9997692704200745
data\processed\crops\held_out\fake\bbhpvrmbse_9428a64d32,interior_masked,1.0,0.9800201654434204
data\processed\crops\held_out\fake\bbhpvrmbse_9428a64d32,random_masked,1.0,0.9983235001564026
data\processed\crops\held_out\fake\bbhtdfuqxq_df36964f04,original_reconstructed,1.0,0.9993789196014404
data\processed\crops\held_out\fake\bbhtdfuqxq_df36964f04,boundary_blurred,1.0,0.9995608925819397
data\processed\crops\held_out\fake\bbhtdfuqxq_df36964f04,boundary_masked,1.0,0.9998723268508911
data\processed\crops\held_out\fake\bbhtdfuqxq_df36964f04,interior_masked,1.0,0.9997478127479553
data\processed\crops\held_out\fake\bbhtdfuqxq_df36964f04,random_masked,1.0,0.9999018907546997
data\processed\crops\held_out\fake\bbvgxeczei_0986807c8c,original_reconstructed,1.0,0.9999642372131348
data\processed\crops\held_out\fake\bbvgxeczei_0986807c8c,boundary_blurred,1.0,0.9999642372131348
data\processed\crops\held_out\fake\bbvgxeczei_0986807c8c,boundary_masked,1.0,0.9999642372131348
data\processed\crops\held_out\fake\bbvgxeczei_0986807c8c,interior_masked,1.0,0.9999642372131348
data\processed\crops\held_out\fake\bbvgxeczei_0986807c8c,random_masked,1.0,0.9999642372131348
data\processed\crops\held_out\fake\bchnbulevv_076917a275,original_reconstructed,1.0,0.9555141925811768
data\processed\crops\held_out\fake\bchnbulevv_076917a275,boundary_blurred,1.0,0.9983853101730347
data\processed\crops\held_out\fake\bchnbulevv_076917a275,boundary_masked,1.0,0.997736930847168
data\processed\crops\held_out\fake\bchnbulevv_076917a275,interior_masked,1.0,0.9987909197807312
data\processed\crops\held_out\fake\bchnbulevv_076917a275,random_masked,1.0,0.9817757606506348
data\processed\crops\held_out\fake\bctvsmddgq_66b5213ddc,original_reconstructed,1.0,0.21764202415943146
data\processed\crops\held_out\fake\bctvsmddgq_66b5213ddc,boundary_blurred,1.0,0.9999297857284546
data\processed\crops\held_out\fake\bctvsmddgq_66b5213ddc,boundary_masked,1.0,0.9978220462799072
data\processed\crops\held_out\fake\bctvsmddgq_66b5213ddc,interior_masked,1.0,0.9991549253463745
data\processed\crops\held_out\fake\bctvsmddgq_66b5213ddc,random_masked,1.0,0.9521489143371582
data\processed\crops\held_out\fake\bdbhekrrwo_d2baac80d2,original_reconstructed,1.0,0.9999974966049194
data\processed\crops\held_out\fake\bdbhekrrwo_d2baac80d2,boundary_blurred,1.0,0.999997615814209
data\processed\crops\held_out\fake\bdbhekrrwo_d2baac80d2,boundary_masked,1.0,0.9999949932098389
data\processed\crops\held_out\fake\bdbhekrrwo_d2baac80d2,interior_masked,1.0,0.9999796152114868
data\processed\crops\held_out\fake\bdbhekrrwo_d2baac80d2,random_masked,1.0,0.9999920129776001
data\processed\crops\held_out\fake\bdgipnyobr_68ac0f1dba,original_reconstructed,1.0,9.014963143272325e-05
data\processed\crops\held_out\fake\bdgipnyobr_68ac0f1dba,boundary_blurred,1.0,0.0003751990443561226
data\processed\crops\held_out\fake\bdgipnyobr_68ac0f1dba,boundary_masked,1.0,0.26973605155944824
data\processed\crops\held_out\fake\bdgipnyobr_68ac0f1dba,interior_masked,1.0,0.99972003698349
data\processed\crops\held_out\fake\bdgipnyobr_68ac0f1dba,random_masked,1.0,0.06424753367900848
data\processed\crops\held_out\fake\bdxuhamuqx_bcfb8e1589,original_reconstructed,1.0,0.10059134662151337
data\processed\crops\held_out\fake\bdxuhamuqx_bcfb8e1589,boundary_blurred,1.0,0.9968976974487305
data\processed\crops\held_out\fake\bdxuhamuqx_bcfb8e1589,boundary_masked,1.0,0.999319314956665
data\processed\crops\held_out\fake\bdxuhamuqx_bcfb8e1589,interior_masked,1.0,0.9997134804725647
data\processed\crops\held_out\fake\bdxuhamuqx_bcfb8e1589,random_masked,1.0,0.9374032616615295
data\processed\crops\held_out\fake\benmsfzfaz_d7cb88fd43,original_reconstructed,1.0,0.9985318183898926
data\processed\crops\held_out\fake\benmsfzfaz_d7cb88fd43,boundary_blurred,1.0,0.9997836947441101
data\processed\crops\held_out\fake\benmsfzfaz_d7cb88fd43,boundary_masked,1.0,0.9997876286506653
data\processed\crops\held_out\fake\benmsfzfaz_d7cb88fd43,interior_masked,1.0,0.999504804611206
data\processed\crops\held_out\fake\benmsfzfaz_d7cb88fd43,random_masked,1.0,0.9995298385620117
data\processed\crops\held_out\fake\bgaogsjehq_a4e83828eb,original_reconstructed,1.0,0.9990719556808472
data\processed\crops\held_out\fake\bgaogsjehq_a4e83828eb,boundary_blurred,1.0,0.9995288848876953
data\processed\crops\held_out\fake\bgaogsjehq_a4e83828eb,boundary_masked,1.0,0.9995735287666321
data\processed\crops\held_out\fake\bgaogsjehq_a4e83828eb,interior_masked,1.0,0.9981344938278198
data\processed\crops\held_out\fake\bgaogsjehq_a4e83828eb,random_masked,1.0,0.9987595081329346
data\processed\crops\held_out\fake\bggsurpgpr_228ab1105b,original_reconstructed,1.0,0.9996582269668579
data\processed\crops\held_out\fake\bggsurpgpr_228ab1105b,boundary_blurred,1.0,0.9998776912689209
data\processed\crops\held_out\fake\bggsurpgpr_228ab1105b,boundary_masked,1.0,0.999819815158844
data\processed\crops\held_out\fake\bggsurpgpr_228ab1105b,interior_masked,1.0,0.9999381303787231
data\processed\crops\held_out\fake\bggsurpgpr_228ab1105b,random_masked,1.0,0.9999659061431885
data\processed\crops\held_out\fake\bghphrsfxf_63e6cf94b4,original_reconstructed,1.0,0.0001055027823895216
data\processed\crops\held_out\fake\bghphrsfxf_63e6cf94b4,boundary_blurred,1.0,0.00015478048590011895
data\processed\crops\held_out\fake\bghphrsfxf_63e6cf94b4,boundary_masked,1.0,0.0007968294085003436
data\processed\crops\held_out\fake\bghphrsfxf_63e6cf94b4,interior_masked,1.0,0.9985284805297852
data\processed\crops\held_out\fake\bghphrsfxf_63e6cf94b4,random_masked,1.0,0.0034716043155640364
data\processed\crops\held_out\fake\bgmlwsoamc_7e87b699ce,original_reconstructed,1.0,0.8604636192321777
data\processed\crops\held_out\fake\bgmlwsoamc_7e87b699ce,boundary_blurred,1.0,0.9999803304672241
data\processed\crops\held_out\fake\bgmlwsoamc_7e87b699ce,boundary_masked,1.0,0.9999607801437378
data\processed\crops\held_out\fake\bgmlwsoamc_7e87b699ce,interior_masked,1.0,0.9995502829551697
data\processed\crops\held_out\fake\bgmlwsoamc_7e87b699ce,random_masked,1.0,0.9966850876808167
data\processed\crops\held_out\fake\bguwlyazau_f585c3509f,original_reconstructed,1.0,0.9999761581420898
data\processed\crops\held_out\fake\bguwlyazau_f585c3509f,boundary_blurred,1.0,0.9999921321868896
data\processed\crops\held_out\fake\bguwlyazau_f585c3509f,boundary_masked,1.0,0.9999885559082031
data\processed\crops\held_out\fake\bguwlyazau_f585c3509f,interior_masked,1.0,0.9998018145561218
data\processed\crops\held_out\fake\bguwlyazau_f585c3509f,random_masked,1.0,0.9999767541885376
data\processed\crops\held_out\fake\bhaaboftbc_9e46121384,original_reconstructed,1.0,0.8619364500045776
data\processed\crops\held_out\fake\bhaaboftbc_9e46121384,boundary_blurred,1.0,0.7989614605903625
data\processed\crops\held_out\fake\bhaaboftbc_9e46121384,boundary_masked,1.0,0.9793171882629395
data\processed\crops\held_out\fake\bhaaboftbc_9e46121384,interior_masked,1.0,0.9955151677131653
data\processed\crops\held_out\fake\bhaaboftbc_9e46121384,random_masked,1.0,0.8526128530502319
data\processed\crops\held_out\fake\bhbdugnurr_f51d7e08fc,original_reconstructed,1.0,0.5439790487289429
data\processed\crops\held_out\fake\bhbdugnurr_f51d7e08fc,boundary_blurred,1.0,0.9915711879730225
data\processed\crops\held_out\fake\bhbdugnurr_f51d7e08fc,boundary_masked,1.0,0.9882495403289795
data\processed\crops\held_out\fake\bhbdugnurr_f51d7e08fc,interior_masked,1.0,0.9996694326400757
data\processed\crops\held_out\fake\bhbdugnurr_f51d7e08fc,random_masked,1.0,0.9941399097442627
data\processed\crops\held_out\fake\bhpwpydzpo_8ef3a24020,original_reconstructed,1.0,0.053107794374227524
data\processed\crops\held_out\fake\bhpwpydzpo_8ef3a24020,boundary_blurred,1.0,0.6431511640548706
data\processed\crops\held_out\fake\bhpwpydzpo_8ef3a24020,boundary_masked,1.0,0.8740268349647522
data\processed\crops\held_out\fake\bhpwpydzpo_8ef3a24020,interior_masked,1.0,0.999699592590332
data\processed\crops\held_out\fake\bhpwpydzpo_8ef3a24020,random_masked,1.0,0.8318831324577332
data\processed\crops\held_out\fake\bhsluedavd_f99886ca3c,original_reconstructed,1.0,0.9999797344207764
data\processed\crops\held_out\fake\bhsluedavd_f99886ca3c,boundary_blurred,1.0,0.9999929666519165
data\processed\crops\held_out\fake\bhsluedavd_f99886ca3c,boundary_masked,1.0,0.9999786615371704
data\processed\crops\held_out\fake\bhsluedavd_f99886ca3c,interior_masked,1.0,0.9998760223388672
data\processed\crops\held_out\fake\bhsluedavd_f99886ca3c,random_masked,1.0,0.9999332427978516
data\processed\crops\held_out\fake\bjjbwsqjir_2ee6c23f74,original_reconstructed,1.0,0.999990701675415
data\processed\crops\held_out\fake\bjjbwsqjir_2ee6c23f74,boundary_blurred,1.0,0.9999964237213135
data\processed\crops\held_out\fake\bjjbwsqjir_2ee6c23f74,boundary_masked,1.0,0.9999910593032837
data\processed\crops\held_out\fake\bjjbwsqjir_2ee6c23f74,interior_masked,1.0,0.9999489784240723
data\processed\crops\held_out\fake\bjjbwsqjir_2ee6c23f74,random_masked,1.0,0.9999762773513794
data\processed\crops\held_out\fake\bjkmjilrxp_bf487a1c3a,original_reconstructed,1.0,0.2265917807817459
data\processed\crops\held_out\fake\bjkmjilrxp_bf487a1c3a,boundary_blurred,1.0,0.4957936108112335
data\processed\crops\held_out\fake\bjkmjilrxp_bf487a1c3a,boundary_masked,1.0,0.9840973019599915
data\processed\crops\held_out\fake\bjkmjilrxp_bf487a1c3a,interior_masked,1.0,0.9996640682220459
data\processed\crops\held_out\fake\bjkmjilrxp_bf487a1c3a,random_masked,1.0,0.8219208717346191
data\processed\crops\held_out\fake\bjsmaqefoi_e2216a6682,original_reconstructed,1.0,0.0830317810177803
data\processed\crops\held_out\fake\bjsmaqefoi_e2216a6682,boundary_blurred,1.0,0.07230772823095322
data\processed\crops\held_out\fake\bjsmaqefoi_e2216a6682,boundary_masked,1.0,0.3041771650314331
data\processed\crops\held_out\fake\bjsmaqefoi_e2216a6682,interior_masked,1.0,0.9996885061264038
data\processed\crops\held_out\fake\bjsmaqefoi_e2216a6682,random_masked,1.0,0.9588625431060791
data\processed\crops\held_out\fake\bkmdzhfzfh_1fd5156489,original_reconstructed,1.0,0.9178064465522766
data\processed\crops\held_out\fake\bkmdzhfzfh_1fd5156489,boundary_blurred,1.0,0.9978635907173157
data\processed\crops\held_out\fake\bkmdzhfzfh_1fd5156489,boundary_masked,1.0,0.9972022771835327
data\processed\crops\held_out\fake\bkmdzhfzfh_1fd5156489,interior_masked,1.0,0.9997588992118835
data\processed\crops\held_out\fake\bkmdzhfzfh_1fd5156489,random_masked,1.0,0.9982320666313171
data\processed\crops\held_out\fake\bkvetcojbt_177474ae36,original_reconstructed,1.0,0.27365177869796753
data\processed\crops\held_out\fake\bkvetcojbt_177474ae36,boundary_blurred,1.0,0.9973509311676025
data\processed\crops\held_out\fake\bkvetcojbt_177474ae36,boundary_masked,1.0,0.99712735414505
data\processed\crops\held_out\fake\bkvetcojbt_177474ae36,interior_masked,1.0,0.9992411136627197
data\processed\crops\held_out\fake\bkvetcojbt_177474ae36,random_masked,1.0,0.9084796905517578
data\processed\crops\held_out\fake\bkwxhglwct_fc2e7d8189,original_reconstructed,1.0,0.9992602467536926
data\processed\crops\held_out\fake\bkwxhglwct_fc2e7d8189,boundary_blurred,1.0,0.9996658563613892
data\processed\crops\held_out\fake\bkwxhglwct_fc2e7d8189,boundary_masked,1.0,0.9997188448905945
data\processed\crops\held_out\fake\bkwxhglwct_fc2e7d8189,interior_masked,1.0,0.9987305998802185
data\processed\crops\held_out\fake\bkwxhglwct_fc2e7d8189,random_masked,1.0,0.9993699193000793
data\processed\crops\held_out\fake\blpchvmhxx_91f0732242,original_reconstructed,1.0,0.9913977384567261
data\processed\crops\held_out\fake\blpchvmhxx_91f0732242,boundary_blurred,1.0,0.9978697299957275
data\processed\crops\held_out\fake\blpchvmhxx_91f0732242,boundary_masked,1.0,0.9934803247451782
data\processed\crops\held_out\fake\blpchvmhxx_91f0732242,interior_masked,1.0,0.9860323667526245
data\processed\crops\held_out\fake\blpchvmhxx_91f0732242,random_masked,1.0,0.9856783747673035
data\processed\crops\held_out\fake\blzydqdfem_b6957781df,original_reconstructed,1.0,0.00027019434492103755
data\processed\crops\held_out\fake\blzydqdfem_b6957781df,boundary_blurred,1.0,0.04931757599115372
data\processed\crops\held_out\fake\blzydqdfem_b6957781df,boundary_masked,1.0,0.168442040681839
data\processed\crops\held_out\fake\blzydqdfem_b6957781df,interior_masked,1.0,0.999370276927948
data\processed\crops\held_out\fake\blzydqdfem_b6957781df,random_masked,1.0,0.4396485984325409
data\processed\crops\held_out\fake\bmbbkwmxqj_9a832b0163,original_reconstructed,1.0,3.6876714148093015e-05
data\processed\crops\held_out\fake\bmbbkwmxqj_9a832b0163,boundary_blurred,1.0,0.0006750478642061353
data\processed\crops\held_out\fake\bmbbkwmxqj_9a832b0163,boundary_masked,1.0,0.9933723211288452
data\processed\crops\held_out\fake\bmbbkwmxqj_9a832b0163,interior_masked,1.0,0.9993475079536438
data\processed\crops\held_out\fake\bmbbkwmxqj_9a832b0163,random_masked,1.0,0.01419965922832489
data\processed\crops\held_out\fake\bmehkyanbj_dffc5ef8f1,original_reconstructed,1.0,0.045139145106077194
data\processed\crops\held_out\fake\bmehkyanbj_dffc5ef8f1,boundary_blurred,1.0,0.997624933719635
data\processed\crops\held_out\fake\bmehkyanbj_dffc5ef8f1,boundary_masked,1.0,0.999883770942688
data\processed\crops\held_out\fake\bmehkyanbj_dffc5ef8f1,interior_masked,1.0,0.9994182586669922
data\processed\crops\held_out\fake\bmehkyanbj_dffc5ef8f1,random_masked,1.0,0.9990129470825195
data\processed\crops\held_out\fake\bmhvktyiwp_0fa25ff2d8,original_reconstructed,1.0,0.9943627119064331
data\processed\crops\held_out\fake\bmhvktyiwp_0fa25ff2d8,boundary_blurred,1.0,0.9977976083755493
data\processed\crops\held_out\fake\bmhvktyiwp_0fa25ff2d8,boundary_masked,1.0,0.9988086223602295
data\processed\crops\held_out\fake\bmhvktyiwp_0fa25ff2d8,interior_masked,1.0,0.9996721744537354
data\processed\crops\held_out\fake\bmhvktyiwp_0fa25ff2d8,random_masked,1.0,0.9995067119598389
data\processed\crops\held_out\fake\bmioepcpsx_e800667ed6,original_reconstructed,1.0,0.945125937461853
data\processed\crops\held_out\fake\bmioepcpsx_e800667ed6,boundary_blurred,1.0,0.9998314380645752
data\processed\crops\held_out\fake\bmioepcpsx_e800667ed6,boundary_masked,1.0,0.9997250437736511
data\processed\crops\held_out\fake\bmioepcpsx_e800667ed6,interior_masked,1.0,0.9996187686920166
data\processed\crops\held_out\fake\bmioepcpsx_e800667ed6,random_masked,1.0,0.9985685348510742
data\processed\crops\held_out\fake\bmjmjmbglm_3af12f96ae,original_reconstructed,1.0,0.06687001138925552
data\processed\crops\held_out\fake\bmjmjmbglm_3af12f96ae,boundary_blurred,1.0,0.9994114637374878
data\processed\crops\held_out\fake\bmjmjmbglm_3af12f96ae,boundary_masked,1.0,0.6023978590965271
data\processed\crops\held_out\fake\bmjmjmbglm_3af12f96ae,interior_masked,1.0,0.9993528723716736
data\processed\crops\held_out\fake\bmjmjmbglm_3af12f96ae,random_masked,1.0,0.9485903382301331
data\processed\crops\held_out\fake\bnbuonyoje_01cbdcbad4,original_reconstructed,1.0,0.5714108347892761
data\processed\crops\held_out\fake\bnbuonyoje_01cbdcbad4,boundary_blurred,1.0,0.1659080535173416
data\processed\crops\held_out\fake\bnbuonyoje_01cbdcbad4,boundary_masked,1.0,0.35186752676963806
data\processed\crops\held_out\fake\bnbuonyoje_01cbdcbad4,interior_masked,1.0,0.9993288516998291
data\processed\crops\held_out\fake\bnbuonyoje_01cbdcbad4,random_masked,1.0,0.9978690147399902
data\processed\crops\held_out\fake\bndybcqhfr_0486d68f96,original_reconstructed,1.0,0.2418041080236435
data\processed\crops\held_out\fake\bndybcqhfr_0486d68f96,boundary_blurred,1.0,0.9997269511222839
data\processed\crops\held_out\fake\bndybcqhfr_0486d68f96,boundary_masked,1.0,0.9926284551620483
data\processed\crops\held_out\fake\bndybcqhfr_0486d68f96,interior_masked,1.0,0.9995183944702148
data\processed\crops\held_out\fake\bndybcqhfr_0486d68f96,random_masked,1.0,0.966378390789032
data\processed\crops\held_out\fake\bnjcdrfuov_d5f5e899f0,original_reconstructed,1.0,0.008097930811345577
data\processed\crops\held_out\fake\bnjcdrfuov_d5f5e899f0,boundary_blurred,1.0,0.9980623126029968
data\processed\crops\held_out\fake\bnjcdrfuov_d5f5e899f0,boundary_masked,1.0,0.9873144030570984
data\processed\crops\held_out\fake\bnjcdrfuov_d5f5e899f0,interior_masked,1.0,0.9996533393859863
data\processed\crops\held_out\fake\bnjcdrfuov_d5f5e899f0,random_masked,1.0,0.9842432737350464
data\processed\crops\held_out\fake\bntlodcfeg_732589f3ea,original_reconstructed,1.0,0.001752377487719059
data\processed\crops\held_out\fake\bntlodcfeg_732589f3ea,boundary_blurred,1.0,0.9719164371490479
data\processed\crops\held_out\fake\bntlodcfeg_732589f3ea,boundary_masked,1.0,0.9995437264442444
data\processed\crops\held_out\fake\bntlodcfeg_732589f3ea,interior_masked,1.0,0.9998030066490173
data\processed\crops\held_out\fake\bntlodcfeg_732589f3ea,random_masked,1.0,0.4217454493045807
data\processed\crops\held_out\fake\bofqajtwve_263c49e945,original_reconstructed,1.0,4.597469887812622e-05
data\processed\crops\held_out\fake\bofqajtwve_263c49e945,boundary_blurred,1.0,0.0001842681667767465
data\processed\crops\held_out\fake\bofqajtwve_263c49e945,boundary_masked,1.0,0.0023846477270126343
data\processed\crops\held_out\fake\bofqajtwve_263c49e945,interior_masked,1.0,0.9993269443511963
data\processed\crops\held_out\fake\bofqajtwve_263c49e945,random_masked,1.0,0.0004912648582831025
data\processed\crops\held_out\fake\boovltmuwi_70460f2195,original_reconstructed,1.0,0.9758230447769165
data\processed\crops\held_out\fake\boovltmuwi_70460f2195,boundary_blurred,1.0,0.9949718713760376
data\processed\crops\held_out\fake\boovltmuwi_70460f2195,boundary_masked,1.0,0.9983737468719482
data\processed\crops\held_out\fake\boovltmuwi_70460f2195,interior_masked,1.0,0.998006284236908
data\processed\crops\held_out\fake\boovltmuwi_70460f2195,random_masked,1.0,0.9858236312866211
data\processed\crops\held_out\fake\bopqhhalml_9e2514d213,original_reconstructed,1.0,0.010064509697258472
data\processed\crops\held_out\fake\bopqhhalml_9e2514d213,boundary_blurred,1.0,0.7501037120819092
data\processed\crops\held_out\fake\bopqhhalml_9e2514d213,boundary_masked,1.0,0.9993618130683899
data\processed\crops\held_out\fake\bopqhhalml_9e2514d213,interior_masked,1.0,0.9997202754020691
data\processed\crops\held_out\fake\bopqhhalml_9e2514d213,random_masked,1.0,0.9906485676765442
data\processed\crops\held_out\fake\bourlmzsio_76064cbc59,original_reconstructed,1.0,9.753544873092324e-05
data\processed\crops\held_out\fake\bourlmzsio_76064cbc59,boundary_blurred,1.0,0.00013246736489236355
data\processed\crops\held_out\fake\bourlmzsio_76064cbc59,boundary_masked,1.0,0.005306599661707878
data\processed\crops\held_out\fake\bourlmzsio_76064cbc59,interior_masked,1.0,0.9996424913406372
data\processed\crops\held_out\fake\bourlmzsio_76064cbc59,random_masked,1.0,0.026075085625052452
data\processed\crops\held_out\fake\bpwzipqtxf_b73b8d83ec,original_reconstructed,1.0,0.9925894737243652
data\processed\crops\held_out\fake\bpwzipqtxf_b73b8d83ec,boundary_blurred,1.0,0.9994057416915894
data\processed\crops\held_out\fake\bpwzipqtxf_b73b8d83ec,boundary_masked,1.0,0.9990748167037964
data\processed\crops\held_out\fake\bpwzipqtxf_b73b8d83ec,interior_masked,1.0,0.9994845390319824
data\processed\crops\held_out\fake\bpwzipqtxf_b73b8d83ec,random_masked,1.0,0.999497652053833
data\processed\crops\held_out\fake\bpxckdzddv_8c423eaa32,original_reconstructed,1.0,0.9047430157661438
data\processed\crops\held_out\fake\bpxckdzddv_8c423eaa32,boundary_blurred,1.0,0.790778636932373
data\processed\crops\held_out\fake\bpxckdzddv_8c423eaa32,boundary_masked,1.0,0.9998555183410645
data\processed\crops\held_out\fake\bpxckdzddv_8c423eaa32,interior_masked,1.0,0.9999512434005737
data\processed\crops\held_out\fake\bpxckdzddv_8c423eaa32,random_masked,1.0,0.9991644620895386
data\processed\crops\held_out\fake\bqdjzqhcft_e50f1eb756,original_reconstructed,1.0,0.0007704414310865104
data\processed\crops\held_out\fake\bqdjzqhcft_e50f1eb756,boundary_blurred,1.0,0.9928713440895081
data\processed\crops\held_out\fake\bqdjzqhcft_e50f1eb756,boundary_masked,1.0,0.9991708993911743
data\processed\crops\held_out\fake\bqdjzqhcft_e50f1eb756,interior_masked,1.0,0.9998360872268677
data\processed\crops\held_out\fake\bqdjzqhcft_e50f1eb756,random_masked,1.0,0.9582096338272095
data\processed\crops\held_out\fake\bqeiblbxtl_ec633d1021,original_reconstructed,1.0,0.05021849274635315
data\processed\crops\held_out\fake\bqeiblbxtl_ec633d1021,boundary_blurred,1.0,0.31883442401885986
data\processed\crops\held_out\fake\bqeiblbxtl_ec633d1021,boundary_masked,1.0,0.0350145548582077
data\processed\crops\held_out\fake\bqeiblbxtl_ec633d1021,interior_masked,1.0,0.9992930889129639
data\processed\crops\held_out\fake\bqeiblbxtl_ec633d1021,random_masked,1.0,0.9618160128593445
data\processed\crops\held_out\fake\bqhtpqmmqp_393fd1d19c,original_reconstructed,1.0,0.9997016787528992
data\processed\crops\held_out\fake\bqhtpqmmqp_393fd1d19c,boundary_blurred,1.0,0.9998718500137329
data\processed\crops\held_out\fake\bqhtpqmmqp_393fd1d19c,boundary_masked,1.0,0.9998972415924072
data\processed\crops\held_out\fake\bqhtpqmmqp_393fd1d19c,interior_masked,1.0,0.9992535710334778
data\processed\crops\held_out\fake\bqhtpqmmqp_393fd1d19c,random_masked,1.0,0.9997588992118835
data\processed\crops\held_out\fake\bqkdbcqjvb_3e23f721ce,original_reconstructed,1.0,0.9998549222946167
data\processed\crops\held_out\fake\bqkdbcqjvb_3e23f721ce,boundary_blurred,1.0,0.999909520149231
data\processed\crops\held_out\fake\bqkdbcqjvb_3e23f721ce,boundary_masked,1.0,0.9999493360519409
data\processed\crops\held_out\fake\bqkdbcqjvb_3e23f721ce,interior_masked,1.0,0.9998654127120972
data\processed\crops\held_out\fake\bqkdbcqjvb_3e23f721ce,random_masked,1.0,0.9998784065246582
data\processed\crops\held_out\fake\bqnymlsayl_e4eabb5556,original_reconstructed,1.0,0.02182495780289173
data\processed\crops\held_out\fake\bqnymlsayl_e4eabb5556,boundary_blurred,1.0,0.9825473427772522
data\processed\crops\held_out\fake\bqnymlsayl_e4eabb5556,boundary_masked,1.0,0.8335276246070862
data\processed\crops\held_out\fake\bqnymlsayl_e4eabb5556,interior_masked,1.0,0.999349057674408
data\processed\crops\held_out\fake\bqnymlsayl_e4eabb5556,random_masked,1.0,0.9985675811767578
data\processed\crops\held_out\fake\bqqpbzjgup_7bfb876c8e,original_reconstructed,1.0,0.9999984502792358
data\processed\crops\held_out\fake\bqqpbzjgup_7bfb876c8e,boundary_blurred,1.0,0.9999992847442627
data\processed\crops\held_out\fake\bqqpbzjgup_7bfb876c8e,boundary_masked,1.0,0.9999991655349731
data\processed\crops\held_out\fake\bqqpbzjgup_7bfb876c8e,interior_masked,1.0,0.9999830722808838
data\processed\crops\held_out\fake\bqqpbzjgup_7bfb876c8e,random_masked,1.0,0.9999969005584717
data\processed\crops\held_out\fake\bqtuuwzdtr_962c8e44db,original_reconstructed,1.0,0.49652528762817383
data\processed\crops\held_out\fake\bqtuuwzdtr_962c8e44db,boundary_blurred,1.0,0.9824674725532532
data\processed\crops\held_out\fake\bqtuuwzdtr_962c8e44db,boundary_masked,1.0,0.8634457588195801
data\processed\crops\held_out\fake\bqtuuwzdtr_962c8e44db,interior_masked,1.0,0.9990612864494324
data\processed\crops\held_out\fake\bqtuuwzdtr_962c8e44db,random_masked,1.0,0.9740143418312073
data\processed\crops\held_out\fake\brhalypwoo_085ce005e4,original_reconstructed,1.0,0.07386644929647446
data\processed\crops\held_out\fake\brhalypwoo_085ce005e4,boundary_blurred,1.0,0.9180005192756653
data\processed\crops\held_out\fake\brhalypwoo_085ce005e4,boundary_masked,1.0,0.9990878105163574
data\processed\crops\held_out\fake\brhalypwoo_085ce005e4,interior_masked,1.0,0.9991869330406189
data\processed\crops\held_out\fake\brhalypwoo_085ce005e4,random_masked,1.0,0.9990000128746033
data\processed\crops\held_out\fake\brvqtabyxj_34a911f7ac,original_reconstructed,1.0,0.999991774559021
data\processed\crops\held_out\fake\brvqtabyxj_34a911f7ac,boundary_blurred,1.0,0.9999881982803345
data\processed\crops\held_out\fake\brvqtabyxj_34a911f7ac,boundary_masked,1.0,0.9999929666519165
data\processed\crops\held_out\fake\brvqtabyxj_34a911f7ac,interior_masked,1.0,0.9999220371246338
data\processed\crops\held_out\fake\brvqtabyxj_34a911f7ac,random_masked,1.0,0.9999915361404419
data\processed\crops\held_out\fake\bseamdrpbj_52b30e26b5,original_reconstructed,1.0,0.00432892981916666
data\processed\crops\held_out\fake\bseamdrpbj_52b30e26b5,boundary_blurred,1.0,0.04390646517276764
data\processed\crops\held_out\fake\bseamdrpbj_52b30e26b5,boundary_masked,1.0,0.006285686511546373
data\processed\crops\held_out\fake\bseamdrpbj_52b30e26b5,interior_masked,1.0,0.9988277554512024
data\processed\crops\held_out\fake\bseamdrpbj_52b30e26b5,random_masked,1.0,0.8068991303443909
data\processed\crops\held_out\fake\bsfmwclnqy_a949ec8e8b,original_reconstructed,1.0,0.03802373632788658
data\processed\crops\held_out\fake\bsfmwclnqy_a949ec8e8b,boundary_blurred,1.0,0.9949513673782349
data\processed\crops\held_out\fake\bsfmwclnqy_a949ec8e8b,boundary_masked,1.0,0.9992825388908386
data\processed\crops\held_out\fake\bsfmwclnqy_a949ec8e8b,interior_masked,1.0,0.9995332956314087
data\processed\crops\held_out\fake\bsfmwclnqy_a949ec8e8b,random_masked,1.0,0.7431467771530151
data\processed\crops\held_out\fake\bsqgziaylx_83ace59ff7,original_reconstructed,1.0,0.17121323943138123
data\processed\crops\held_out\fake\bsqgziaylx_83ace59ff7,boundary_blurred,1.0,0.9060075283050537
data\processed\crops\held_out\fake\bsqgziaylx_83ace59ff7,boundary_masked,1.0,0.9902434945106506
data\processed\crops\held_out\fake\bsqgziaylx_83ace59ff7,interior_masked,1.0,0.9977648258209229
data\processed\crops\held_out\fake\bsqgziaylx_83ace59ff7,random_masked,1.0,0.8900492191314697
data\processed\crops\held_out\fake\btiysiskpf_7666b67433,original_reconstructed,1.0,0.8960081934928894
data\processed\crops\held_out\fake\btiysiskpf_7666b67433,boundary_blurred,1.0,0.9942281246185303
data\processed\crops\held_out\fake\btiysiskpf_7666b67433,boundary_masked,1.0,0.9996880292892456
data\processed\crops\held_out\fake\btiysiskpf_7666b67433,interior_masked,1.0,0.9996953010559082
data\processed\crops\held_out\fake\btiysiskpf_7666b67433,random_masked,1.0,0.9881445169448853
data\processed\crops\held_out\fake\btjlfpzbdu_10d3ec9066,original_reconstructed,1.0,0.6682472825050354
data\processed\crops\held_out\fake\btjlfpzbdu_10d3ec9066,boundary_blurred,1.0,0.9990239143371582
data\processed\crops\held_out\fake\btjlfpzbdu_10d3ec9066,boundary_masked,1.0,0.9984644651412964
data\processed\crops\held_out\fake\btjlfpzbdu_10d3ec9066,interior_masked,1.0,0.9993888139724731
data\processed\crops\held_out\fake\btjlfpzbdu_10d3ec9066,random_masked,1.0,0.9989462494850159
data\processed\crops\held_out\fake\btjwbtsgln_dd13b3b515,original_reconstructed,1.0,3.9742564695188776e-05
data\processed\crops\held_out\fake\btjwbtsgln_dd13b3b515,boundary_blurred,1.0,5.314649024512619e-05
data\processed\crops\held_out\fake\btjwbtsgln_dd13b3b515,boundary_masked,1.0,0.04016000032424927
data\processed\crops\held_out\fake\btjwbtsgln_dd13b3b515,interior_masked,1.0,0.9996694326400757
data\processed\crops\held_out\fake\btjwbtsgln_dd13b3b515,random_masked,1.0,0.00010544071847107261
data\processed\crops\held_out\fake\btmsngnqhv_f13597669f,original_reconstructed,1.0,0.0508737750351429
data\processed\crops\held_out\fake\btmsngnqhv_f13597669f,boundary_blurred,1.0,0.0528026781976223
data\processed\crops\held_out\fake\btmsngnqhv_f13597669f,boundary_masked,1.0,0.0018185818335041404
data\processed\crops\held_out\fake\btmsngnqhv_f13597669f,interior_masked,1.0,0.9992805123329163
data\processed\crops\held_out\fake\btmsngnqhv_f13597669f,random_masked,1.0,0.7476473450660706
data\processed\crops\held_out\fake\btohlidmru_6b50dc4ffd,original_reconstructed,1.0,0.31008827686309814
data\processed\crops\held_out\fake\btohlidmru_6b50dc4ffd,boundary_blurred,1.0,0.6651555299758911
data\processed\crops\held_out\fake\btohlidmru_6b50dc4ffd,boundary_masked,1.0,0.9329619407653809
data\processed\crops\held_out\fake\btohlidmru_6b50dc4ffd,interior_masked,1.0,0.999305009841919
data\processed\crops\held_out\fake\btohlidmru_6b50dc4ffd,random_masked,1.0,0.9660056829452515
data\processed\crops\held_out\fake\btugrnoton_cb6f924aa3,original_reconstructed,1.0,0.9983738660812378
data\processed\crops\held_out\fake\btugrnoton_cb6f924aa3,boundary_blurred,1.0,0.9996768236160278
data\processed\crops\held_out\fake\btugrnoton_cb6f924aa3,boundary_masked,1.0,0.9998534917831421
data\processed\crops\held_out\fake\btugrnoton_cb6f924aa3,interior_masked,1.0,0.9993705153465271
data\processed\crops\held_out\fake\btugrnoton_cb6f924aa3,random_masked,1.0,0.9996086955070496
data\processed\crops\held_out\fake\btunxncpjh_59c204bbd8,original_reconstructed,1.0,0.9833015203475952
data\processed\crops\held_out\fake\btunxncpjh_59c204bbd8,boundary_blurred,1.0,0.9991689920425415
data\processed\crops\held_out\fake\btunxncpjh_59c204bbd8,boundary_masked,1.0,0.9986483454704285
data\processed\crops\held_out\fake\btunxncpjh_59c204bbd8,interior_masked,1.0,0.9959927797317505
data\processed\crops\held_out\fake\btunxncpjh_59c204bbd8,random_masked,1.0,0.9894736409187317
data\processed\crops\held_out\fake\btxlttbpkj_194326ad2d,original_reconstructed,1.0,0.00020401846268214285
data\processed\crops\held_out\fake\btxlttbpkj_194326ad2d,boundary_blurred,1.0,0.0003980747424066067
data\processed\crops\held_out\fake\btxlttbpkj_194326ad2d,boundary_masked,1.0,0.011623435653746128
data\processed\crops\held_out\fake\btxlttbpkj_194326ad2d,interior_masked,1.0,0.9986477494239807
data\processed\crops\held_out\fake\btxlttbpkj_194326ad2d,random_masked,1.0,0.9816212058067322
data\processed\crops\held_out\fake\bvgwelbeof_7cea050b81,original_reconstructed,1.0,0.004045920912176371
data\processed\crops\held_out\fake\bvgwelbeof_7cea050b81,boundary_blurred,1.0,0.610632598400116
data\processed\crops\held_out\fake\bvgwelbeof_7cea050b81,boundary_masked,1.0,0.06414390355348587
data\processed\crops\held_out\fake\bvgwelbeof_7cea050b81,interior_masked,1.0,0.9996435642242432
data\processed\crops\held_out\fake\bvgwelbeof_7cea050b81,random_masked,1.0,0.5061773657798767
data\processed\crops\held_out\fake\bvzjkezkms_8808219a16,original_reconstructed,1.0,0.029492557048797607
data\processed\crops\held_out\fake\bvzjkezkms_8808219a16,boundary_blurred,1.0,0.9927583932876587
data\processed\crops\held_out\fake\bvzjkezkms_8808219a16,boundary_masked,1.0,0.996944010257721
data\processed\crops\held_out\fake\bvzjkezkms_8808219a16,interior_masked,1.0,0.9988956451416016
data\processed\crops\held_out\fake\bvzjkezkms_8808219a16,random_masked,1.0,0.99812251329422
data\processed\crops\held_out\fake\bweezhfpzp_cfbfe2b6d0,original_reconstructed,1.0,0.9999954700469971
data\processed\crops\held_out\fake\bweezhfpzp_cfbfe2b6d0,boundary_blurred,1.0,0.9999951124191284
data\processed\crops\held_out\fake\bweezhfpzp_cfbfe2b6d0,boundary_masked,1.0,0.9999957084655762
data\processed\crops\held_out\fake\bweezhfpzp_cfbfe2b6d0,interior_masked,1.0,0.9999289512634277
data\processed\crops\held_out\fake\bweezhfpzp_cfbfe2b6d0,random_masked,1.0,0.9999926090240479
data\processed\crops\held_out\fake\bwuwstvsbw_d2b6369350,original_reconstructed,1.0,0.9999668598175049
data\processed\crops\held_out\fake\bwuwstvsbw_d2b6369350,boundary_blurred,1.0,0.9999712705612183
data\processed\crops\held_out\fake\bwuwstvsbw_d2b6369350,boundary_masked,1.0,0.9999649524688721
data\processed\crops\held_out\fake\bwuwstvsbw_d2b6369350,interior_masked,1.0,0.9984704852104187
data\processed\crops\held_out\fake\bwuwstvsbw_d2b6369350,random_masked,1.0,0.9999675750732422
data\processed\crops\held_out\fake\bydaidkpdp_4a862c0179,original_reconstructed,1.0,0.9990732669830322
data\processed\crops\held_out\fake\bydaidkpdp_4a862c0179,boundary_blurred,1.0,0.9997316002845764
data\processed\crops\held_out\fake\bydaidkpdp_4a862c0179,boundary_masked,1.0,0.9999033212661743
data\processed\crops\held_out\fake\bydaidkpdp_4a862c0179,interior_masked,1.0,0.9995993971824646
data\processed\crops\held_out\fake\bydaidkpdp_4a862c0179,random_masked,1.0,0.9996858835220337
data\processed\crops\held_out\fake\byfenovjnf_4a7ea7b58f,original_reconstructed,1.0,0.9654349088668823
data\processed\crops\held_out\fake\byfenovjnf_4a7ea7b58f,boundary_blurred,1.0,0.9704521894454956
data\processed\crops\held_out\fake\byfenovjnf_4a7ea7b58f,boundary_masked,1.0,0.9793105721473694
data\processed\crops\held_out\fake\byfenovjnf_4a7ea7b58f,interior_masked,1.0,0.9970858693122864
data\processed\crops\held_out\fake\byfenovjnf_4a7ea7b58f,random_masked,1.0,0.9678309559822083
data\processed\crops\held_out\fake\byijojkdba_124a219e61,original_reconstructed,1.0,0.7029092907905579
data\processed\crops\held_out\fake\byijojkdba_124a219e61,boundary_blurred,1.0,0.9792466759681702
data\processed\crops\held_out\fake\byijojkdba_124a219e61,boundary_masked,1.0,0.9836487770080566
data\processed\crops\held_out\fake\byijojkdba_124a219e61,interior_masked,1.0,0.9988263249397278
data\processed\crops\held_out\fake\byijojkdba_124a219e61,random_masked,1.0,0.9923340082168579
data\processed\crops\held_out\fake\byofowlkki_c17cb624a7,original_reconstructed,1.0,0.0001235960517078638
data\processed\crops\held_out\fake\byofowlkki_c17cb624a7,boundary_blurred,1.0,0.00013847429363522679
data\processed\crops\held_out\fake\byofowlkki_c17cb624a7,boundary_masked,1.0,0.021689454093575478
data\processed\crops\held_out\fake\byofowlkki_c17cb624a7,interior_masked,1.0,0.9996505975723267
data\processed\crops\held_out\fake\byofowlkki_c17cb624a7,random_masked,1.0,0.0173946600407362
data\processed\crops\held_out\fake\byqzyxifza_1625a9737f,original_reconstructed,1.0,0.9738372564315796
data\processed\crops\held_out\fake\byqzyxifza_1625a9737f,boundary_blurred,1.0,0.9998666048049927
data\processed\crops\held_out\fake\byqzyxifza_1625a9737f,boundary_masked,1.0,0.9999065399169922
data\processed\crops\held_out\fake\byqzyxifza_1625a9737f,interior_masked,1.0,0.9994522929191589
data\processed\crops\held_out\fake\byqzyxifza_1625a9737f,random_masked,1.0,0.9997051358222961
data\processed\crops\held_out\fake\byunigvnay_81825a6f75,original_reconstructed,1.0,0.9967817068099976
data\processed\crops\held_out\fake\byunigvnay_81825a6f75,boundary_blurred,1.0,0.9996135830879211
data\processed\crops\held_out\fake\byunigvnay_81825a6f75,boundary_masked,1.0,0.9998371601104736
data\processed\crops\held_out\fake\byunigvnay_81825a6f75,interior_masked,1.0,0.999937891960144
data\processed\crops\held_out\fake\byunigvnay_81825a6f75,random_masked,1.0,0.9998358488082886
data\processed\crops\held_out\fake\byyqectxqa_8477c33bec,original_reconstructed,1.0,0.0021718277130275965
data\processed\crops\held_out\fake\byyqectxqa_8477c33bec,boundary_blurred,1.0,0.0020882515236735344
data\processed\crops\held_out\fake\byyqectxqa_8477c33bec,boundary_masked,1.0,0.0003027672355528921
data\processed\crops\held_out\fake\byyqectxqa_8477c33bec,interior_masked,1.0,0.9986220598220825
data\processed\crops\held_out\fake\byyqectxqa_8477c33bec,random_masked,1.0,0.8925867676734924
data\processed\crops\held_out\fake\bzmdrafeex_340f770e55,original_reconstructed,1.0,0.9878796935081482
data\processed\crops\held_out\fake\bzmdrafeex_340f770e55,boundary_blurred,1.0,0.9984347224235535
data\processed\crops\held_out\fake\bzmdrafeex_340f770e55,boundary_masked,1.0,0.9969609379768372
data\processed\crops\held_out\fake\bzmdrafeex_340f770e55,interior_masked,1.0,0.9981231093406677
data\processed\crops\held_out\fake\bzmdrafeex_340f770e55,random_masked,1.0,0.9952889680862427
data\processed\crops\held_out\fake\caqbrkogkb_770e366469,original_reconstructed,1.0,0.9998962879180908
data\processed\crops\held_out\fake\caqbrkogkb_770e366469,boundary_blurred,1.0,0.9999574422836304
data\processed\crops\held_out\fake\caqbrkogkb_770e366469,boundary_masked,1.0,0.9995589852333069
data\processed\crops\held_out\fake\caqbrkogkb_770e366469,interior_masked,1.0,0.9900991320610046
data\processed\crops\held_out\fake\caqbrkogkb_770e366469,random_masked,1.0,0.998392641544342
data\processed\crops\held_out\fake\cbbibzcoih_e078d38617,original_reconstructed,1.0,0.00011376014299457893
data\processed\crops\held_out\fake\cbbibzcoih_e078d38617,boundary_blurred,1.0,7.769716467009857e-05
data\processed\crops\held_out\fake\cbbibzcoih_e078d38617,boundary_masked,1.0,0.28785309195518494
data\processed\crops\held_out\fake\cbbibzcoih_e078d38617,interior_masked,1.0,0.9994781613349915
data\processed\crops\held_out\fake\cbbibzcoih_e078d38617,random_masked,1.0,0.3808353543281555
data\processed\crops\held_out\fake\cbltdtxglo_6326923ffe,original_reconstructed,1.0,0.9999881982803345
data\processed\crops\held_out\fake\cbltdtxglo_6326923ffe,boundary_blurred,1.0,0.9999977350234985
data\processed\crops\held_out\fake\cbltdtxglo_6326923ffe,boundary_masked,1.0,0.9999959468841553
data\processed\crops\held_out\fake\cbltdtxglo_6326923ffe,interior_masked,1.0,0.9999362230300903
data\processed\crops\held_out\fake\cbltdtxglo_6326923ffe,random_masked,1.0,0.9999905824661255
data\processed\crops\held_out\fake\ccmonzqfrz_3ce2382965,original_reconstructed,1.0,0.0047117481008172035
data\processed\crops\held_out\fake\ccmonzqfrz_3ce2382965,boundary_blurred,1.0,0.015468389727175236
data\processed\crops\held_out\fake\ccmonzqfrz_3ce2382965,boundary_masked,1.0,0.7593464851379395
data\processed\crops\held_out\fake\ccmonzqfrz_3ce2382965,interior_masked,1.0,0.9994280934333801
data\processed\crops\held_out\fake\ccmonzqfrz_3ce2382965,random_masked,1.0,0.10949006676673889
data\processed\crops\held_out\fake\cdaxixbosp_0ca104de84,original_reconstructed,1.0,0.0007009165128692985
data\processed\crops\held_out\fake\cdaxixbosp_0ca104de84,boundary_blurred,1.0,0.0014120094710960984
data\processed\crops\held_out\fake\cdaxixbosp_0ca104de84,boundary_masked,1.0,0.0010799611918628216
data\processed\crops\held_out\fake\cdaxixbosp_0ca104de84,interior_masked,1.0,0.9861981272697449
data\processed\crops\held_out\fake\cdaxixbosp_0ca104de84,random_masked,1.0,0.00211045378819108
data\processed\crops\held_out\fake\cdbsbdymzd_202be3cc5a,original_reconstructed,1.0,0.9579370617866516
data\processed\crops\held_out\fake\cdbsbdymzd_202be3cc5a,boundary_blurred,1.0,0.9959753155708313
data\processed\crops\held_out\fake\cdbsbdymzd_202be3cc5a,boundary_masked,1.0,0.9983989596366882
data\processed\crops\held_out\fake\cdbsbdymzd_202be3cc5a,interior_masked,1.0,0.9994609951972961
data\processed\crops\held_out\fake\cdbsbdymzd_202be3cc5a,random_masked,1.0,0.9994304776191711
data\processed\crops\held_out\fake\cdphtzqrvp_342fc42b1e,original_reconstructed,1.0,0.9986918568611145
data\processed\crops\held_out\fake\cdphtzqrvp_342fc42b1e,boundary_blurred,1.0,0.999790370464325
data\processed\crops\held_out\fake\cdphtzqrvp_342fc42b1e,boundary_masked,1.0,0.999823272228241
data\processed\crops\held_out\fake\cdphtzqrvp_342fc42b1e,interior_masked,1.0,0.9996389150619507
data\processed\crops\held_out\fake\cdphtzqrvp_342fc42b1e,random_masked,1.0,0.999529242515564
data\processed\crops\held_out\fake\cdyakrxkia_beb14bd5d3,original_reconstructed,1.0,0.9999586343765259
data\processed\crops\held_out\fake\cdyakrxkia_beb14bd5d3,boundary_blurred,1.0,0.9999586343765259
data\processed\crops\held_out\fake\cdyakrxkia_beb14bd5d3,boundary_masked,1.0,0.9999586343765259
data\processed\crops\held_out\fake\cdyakrxkia_beb14bd5d3,interior_masked,1.0,0.9999586343765259
data\processed\crops\held_out\fake\cdyakrxkia_beb14bd5d3,random_masked,1.0,0.9999586343765259
data\processed\crops\held_out\fake\cepxysienc_0e8a6e8582,original_reconstructed,1.0,0.00019131688168272376
data\processed\crops\held_out\fake\cepxysienc_0e8a6e8582,boundary_blurred,1.0,0.00041010172571986914
data\processed\crops\held_out\fake\cepxysienc_0e8a6e8582,boundary_masked,1.0,0.3277084231376648
data\processed\crops\held_out\fake\cepxysienc_0e8a6e8582,interior_masked,1.0,0.9983245730400085
data\processed\crops\held_out\fake\cepxysienc_0e8a6e8582,random_masked,1.0,0.6950527429580688
data\processed\crops\held_out\fake\cettndmvzl_8e7267358b,original_reconstructed,1.0,0.984384298324585
data\processed\crops\held_out\fake\cettndmvzl_8e7267358b,boundary_blurred,1.0,0.9999277591705322
data\processed\crops\held_out\fake\cettndmvzl_8e7267358b,boundary_masked,1.0,0.9998494386672974
data\processed\crops\held_out\fake\cettndmvzl_8e7267358b,interior_masked,1.0,0.9995476603507996
data\processed\crops\held_out\fake\cettndmvzl_8e7267358b,random_masked,1.0,0.9984291195869446
data\processed\crops\held_out\fake\ceymbecxnj_b64b2949dc,original_reconstructed,1.0,0.9993118047714233
data\processed\crops\held_out\fake\ceymbecxnj_b64b2949dc,boundary_blurred,1.0,0.999828577041626
data\processed\crops\held_out\fake\ceymbecxnj_b64b2949dc,boundary_masked,1.0,0.999833345413208
data\processed\crops\held_out\fake\ceymbecxnj_b64b2949dc,interior_masked,1.0,0.9991468191146851
data\processed\crops\held_out\fake\ceymbecxnj_b64b2949dc,random_masked,1.0,0.999359667301178
data\processed\crops\held_out\fake\cferslmfwh_4b4cd06273,original_reconstructed,1.0,0.00010071333235828206
data\processed\crops\held_out\fake\cferslmfwh_4b4cd06273,boundary_blurred,1.0,0.0008997146505862474
data\processed\crops\held_out\fake\cferslmfwh_4b4cd06273,boundary_masked,1.0,0.02123448997735977
data\processed\crops\held_out\fake\cferslmfwh_4b4cd06273,interior_masked,1.0,0.9994261264801025
data\processed\crops\held_out\fake\cferslmfwh_4b4cd06273,random_masked,1.0,0.18908236920833588
data\processed\crops\held_out\fake\cffffbcywc_9c9b19f25f,original_reconstructed,1.0,0.8731898069381714
data\processed\crops\held_out\fake\cffffbcywc_9c9b19f25f,boundary_blurred,1.0,0.9433600902557373
data\processed\crops\held_out\fake\cffffbcywc_9c9b19f25f,boundary_masked,1.0,0.9947590231895447
data\processed\crops\held_out\fake\cffffbcywc_9c9b19f25f,interior_masked,1.0,0.9987581968307495
data\processed\crops\held_out\fake\cffffbcywc_9c9b19f25f,random_masked,1.0,0.992081880569458
data\processed\crops\held_out\fake\cfyduhpbps_1ff303c259,original_reconstructed,1.0,0.9998830556869507
data\processed\crops\held_out\fake\cfyduhpbps_1ff303c259,boundary_blurred,1.0,0.9999828338623047
data\processed\crops\held_out\fake\cfyduhpbps_1ff303c259,boundary_masked,1.0,0.9999892711639404
data\processed\crops\held_out\fake\cfyduhpbps_1ff303c259,interior_masked,1.0,0.9999843835830688
data\processed\crops\held_out\fake\cfyduhpbps_1ff303c259,random_masked,1.0,0.999957799911499
data\processed\crops\held_out\fake\cglxirfaey_0160e4b9bc,original_reconstructed,1.0,0.9998840093612671
data\processed\crops\held_out\fake\cglxirfaey_0160e4b9bc,boundary_blurred,1.0,0.9996968507766724
data\processed\crops\held_out\fake\cglxirfaey_0160e4b9bc,boundary_masked,1.0,0.9994692206382751
data\processed\crops\held_out\fake\cglxirfaey_0160e4b9bc,interior_masked,1.0,0.9998100399971008
data\processed\crops\held_out\fake\cglxirfaey_0160e4b9bc,random_masked,1.0,0.9998286962509155
data\processed\crops\held_out\fake\cgvrgibpfo_0df5874f2e,original_reconstructed,1.0,0.0014549471670761704
data\processed\crops\held_out\fake\cgvrgibpfo_0df5874f2e,boundary_blurred,1.0,0.006400090642273426
data\processed\crops\held_out\fake\cgvrgibpfo_0df5874f2e,boundary_masked,1.0,0.025615539401769638
data\processed\crops\held_out\fake\cgvrgibpfo_0df5874f2e,interior_masked,1.0,0.9991241097450256
data\processed\crops\held_out\fake\cgvrgibpfo_0df5874f2e,random_masked,1.0,0.2206793874502182
data\processed\crops\held_out\fake\chzieimrwu_f8643a749f,original_reconstructed,1.0,0.6512483954429626
data\processed\crops\held_out\fake\chzieimrwu_f8643a749f,boundary_blurred,1.0,0.9542824029922485
data\processed\crops\held_out\fake\chzieimrwu_f8643a749f,boundary_masked,1.0,0.9996616840362549
data\processed\crops\held_out\fake\chzieimrwu_f8643a749f,interior_masked,1.0,0.9972345232963562
data\processed\crops\held_out\fake\chzieimrwu_f8643a749f,random_masked,1.0,0.9809407591819763
data\processed\crops\held_out\fake\ckbdwedgmc_5f9f34fc1c,original_reconstructed,1.0,0.9989558458328247
data\processed\crops\held_out\fake\ckbdwedgmc_5f9f34fc1c,boundary_blurred,1.0,0.9999752044677734
data\processed\crops\held_out\fake\ckbdwedgmc_5f9f34fc1c,boundary_masked,1.0,0.9996612071990967
data\processed\crops\held_out\fake\ckbdwedgmc_5f9f34fc1c,interior_masked,1.0,0.9987581968307495
data\processed\crops\held_out\fake\ckbdwedgmc_5f9f34fc1c,random_masked,1.0,0.9998763799667358
data\processed\crops\held_out\fake\cknyxaqouy_6d827b1402,original_reconstructed,1.0,0.9915967583656311
data\processed\crops\held_out\fake\cknyxaqouy_6d827b1402,boundary_blurred,1.0,0.9996500015258789
data\processed\crops\held_out\fake\cknyxaqouy_6d827b1402,boundary_masked,1.0,0.9990826845169067
data\processed\crops\held_out\fake\cknyxaqouy_6d827b1402,interior_masked,1.0,0.9906421303749084
data\processed\crops\held_out\fake\cknyxaqouy_6d827b1402,random_masked,1.0,0.9887844324111938
data\processed\crops\held_out\fake\cksanfsjhc_c87eb4e243,original_reconstructed,1.0,0.0006604836671613157
data\processed\crops\held_out\fake\cksanfsjhc_c87eb4e243,boundary_blurred,1.0,0.9978838562965393
data\processed\crops\held_out\fake\cksanfsjhc_c87eb4e243,boundary_masked,1.0,0.939433753490448
data\processed\crops\held_out\fake\cksanfsjhc_c87eb4e243,interior_masked,1.0,0.9997749924659729
data\processed\crops\held_out\fake\cksanfsjhc_c87eb4e243,random_masked,1.0,0.9501694440841675
data\processed\crops\held_out\fake\clihsshdkq_56d873a223,original_reconstructed,1.0,0.723730206489563
data\processed\crops\held_out\fake\clihsshdkq_56d873a223,boundary_blurred,1.0,0.9971863627433777
data\processed\crops\held_out\fake\clihsshdkq_56d873a223,boundary_masked,1.0,0.9986826777458191
data\processed\crops\held_out\fake\clihsshdkq_56d873a223,interior_masked,1.0,0.9993394017219543
data\processed\crops\held_out\fake\clihsshdkq_56d873a223,random_masked,1.0,0.9991017580032349
data\processed\crops\held_out\fake\cmxcfkrjiv_7fa79bad17,original_reconstructed,1.0,0.6452054381370544
data\processed\crops\held_out\fake\cmxcfkrjiv_7fa79bad17,boundary_blurred,1.0,0.9462394118309021
data\processed\crops\held_out\fake\cmxcfkrjiv_7fa79bad17,boundary_masked,1.0,0.9988345503807068
data\processed\crops\held_out\fake\cmxcfkrjiv_7fa79bad17,interior_masked,1.0,0.9988027811050415
data\processed\crops\held_out\fake\cmxcfkrjiv_7fa79bad17,random_masked,1.0,0.9962201714515686
data\processed\crops\held_out\fake\cnilkgvfei_7d3921a6ff,original_reconstructed,1.0,0.015001918189227581
data\processed\crops\held_out\fake\cnilkgvfei_7d3921a6ff,boundary_blurred,1.0,0.9942587614059448
data\processed\crops\held_out\fake\cnilkgvfei_7d3921a6ff,boundary_masked,1.0,0.9987149238586426
data\processed\crops\held_out\fake\cnilkgvfei_7d3921a6ff,interior_masked,1.0,0.9997583031654358
data\processed\crops\held_out\fake\cnilkgvfei_7d3921a6ff,random_masked,1.0,0.8660880923271179
data\processed\crops\held_out\fake\coadfnerlk_f3f4783779,original_reconstructed,1.0,0.9885645508766174
data\processed\crops\held_out\fake\coadfnerlk_f3f4783779,boundary_blurred,1.0,0.9980352520942688
data\processed\crops\held_out\fake\coadfnerlk_f3f4783779,boundary_masked,1.0,0.9981252551078796
data\processed\crops\held_out\fake\coadfnerlk_f3f4783779,interior_masked,1.0,0.9851806163787842
data\processed\crops\held_out\fake\coadfnerlk_f3f4783779,random_masked,1.0,0.9836704730987549
data\processed\crops\held_out\fake\covdcysmbi_e01bb175b6,original_reconstructed,1.0,6.924672197783366e-05
data\processed\crops\held_out\fake\covdcysmbi_e01bb175b6,boundary_blurred,1.0,0.002033547731116414
data\processed\crops\held_out\fake\covdcysmbi_e01bb175b6,boundary_masked,1.0,0.10953231900930405
data\processed\crops\held_out\fake\covdcysmbi_e01bb175b6,interior_masked,1.0,0.9991482496261597
data\processed\crops\held_out\fake\covdcysmbi_e01bb175b6,random_masked,1.0,0.0031897060107439756
data\processed\crops\held_out\fake\cqfugiqupm_72e5bba834,original_reconstructed,1.0,0.05954807624220848
data\processed\crops\held_out\fake\cqfugiqupm_72e5bba834,boundary_blurred,1.0,0.9885882139205933
data\processed\crops\held_out\fake\cqfugiqupm_72e5bba834,boundary_masked,1.0,0.9997726082801819
data\processed\crops\held_out\fake\cqfugiqupm_72e5bba834,interior_masked,1.0,0.9996329545974731
data\processed\crops\held_out\fake\cqfugiqupm_72e5bba834,random_masked,1.0,0.9978007674217224
data\processed\crops\held_out\fake\cqhngvpgyi_59caab0a6f,original_reconstructed,1.0,7.127001299522817e-05
data\processed\crops\held_out\fake\cqhngvpgyi_59caab0a6f,boundary_blurred,1.0,0.0001532014284748584
data\processed\crops\held_out\fake\cqhngvpgyi_59caab0a6f,boundary_masked,1.0,0.12415853887796402
data\processed\crops\held_out\fake\cqhngvpgyi_59caab0a6f,interior_masked,1.0,0.9997853636741638
data\processed\crops\held_out\fake\cqhngvpgyi_59caab0a6f,random_masked,1.0,0.00820088479667902
data\processed\crops\held_out\fake\cqrskwiqng_124add5aff,original_reconstructed,1.0,0.0442144051194191
data\processed\crops\held_out\fake\cqrskwiqng_124add5aff,boundary_blurred,1.0,0.48406845331192017
data\processed\crops\held_out\fake\cqrskwiqng_124add5aff,boundary_masked,1.0,0.992314875125885
data\processed\crops\held_out\fake\cqrskwiqng_124add5aff,interior_masked,1.0,0.9995612502098083
data\processed\crops\held_out\fake\cqrskwiqng_124add5aff,random_masked,1.0,0.9898087978363037
data\processed\crops\held_out\fake\crktehraph_43f02ea39c,original_reconstructed,1.0,0.9991084933280945
data\processed\crops\held_out\fake\crktehraph_43f02ea39c,boundary_blurred,1.0,0.9993155002593994
data\processed\crops\held_out\fake\crktehraph_43f02ea39c,boundary_masked,1.0,0.9998480081558228
data\processed\crops\held_out\fake\crktehraph_43f02ea39c,interior_masked,1.0,0.9999696016311646
data\processed\crops\held_out\fake\crktehraph_43f02ea39c,random_masked,1.0,0.9999001026153564
data\processed\crops\held_out\fake\crzfebnfgb_efcf23b1c3,original_reconstructed,1.0,0.9856047034263611
data\processed\crops\held_out\fake\crzfebnfgb_efcf23b1c3,boundary_blurred,1.0,0.9962682127952576
data\processed\crops\held_out\fake\crzfebnfgb_efcf23b1c3,boundary_masked,1.0,0.9963745474815369
data\processed\crops\held_out\fake\crzfebnfgb_efcf23b1c3,interior_masked,1.0,0.9906816482543945
data\processed\crops\held_out\fake\crzfebnfgb_efcf23b1c3,random_masked,1.0,0.9924762845039368
data\processed\crops\held_out\fake\cthdnahrkh_cdb7f02b27,original_reconstructed,1.0,0.999466598033905
data\processed\crops\held_out\fake\cthdnahrkh_cdb7f02b27,boundary_blurred,1.0,0.9999918937683105
data\processed\crops\held_out\fake\cthdnahrkh_cdb7f02b27,boundary_masked,1.0,0.9999932050704956
data\processed\crops\held_out\fake\cthdnahrkh_cdb7f02b27,interior_masked,1.0,0.9999750852584839
data\processed\crops\held_out\fake\cthdnahrkh_cdb7f02b27,random_masked,1.0,0.9999781847000122
data\processed\crops\held_out\fake\ctpqeykqdp_29f1c96520,original_reconstructed,1.0,0.020949257537722588
data\processed\crops\held_out\fake\ctpqeykqdp_29f1c96520,boundary_blurred,1.0,0.44580861926078796
data\processed\crops\held_out\fake\ctpqeykqdp_29f1c96520,boundary_masked,1.0,0.13107408583164215
data\processed\crops\held_out\fake\ctpqeykqdp_29f1c96520,interior_masked,1.0,0.9993000030517578
data\processed\crops\held_out\fake\ctpqeykqdp_29f1c96520,random_masked,1.0,0.9469918608665466
data\processed\crops\held_out\fake\cttqtsjvgn_fe93e5530c,original_reconstructed,1.0,0.00011134560918435454
data\processed\crops\held_out\fake\cttqtsjvgn_fe93e5530c,boundary_blurred,1.0,0.0002723975630942732
data\processed\crops\held_out\fake\cttqtsjvgn_fe93e5530c,boundary_masked,1.0,0.28514230251312256
data\processed\crops\held_out\fake\cttqtsjvgn_fe93e5530c,interior_masked,1.0,0.9996612071990967
data\processed\crops\held_out\fake\cttqtsjvgn_fe93e5530c,random_masked,1.0,0.009141081012785435
data\processed\crops\held_out\fake\ctzmavwror_16dbe1172f,original_reconstructed,1.0,0.9999936819076538
data\processed\crops\held_out\fake\ctzmavwror_16dbe1172f,boundary_blurred,1.0,0.9999972581863403
data\processed\crops\held_out\fake\ctzmavwror_16dbe1172f,boundary_masked,1.0,0.9999953508377075
data\processed\crops\held_out\fake\ctzmavwror_16dbe1172f,interior_masked,1.0,0.9999748468399048
data\processed\crops\held_out\fake\ctzmavwror_16dbe1172f,random_masked,1.0,0.9999964237213135
data\processed\crops\held_out\fake\curpwogllm_052ab5f9eb,original_reconstructed,1.0,3.640885552158579e-05
data\processed\crops\held_out\fake\curpwogllm_052ab5f9eb,boundary_blurred,1.0,5.7762481446843594e-05
data\processed\crops\held_out\fake\curpwogllm_052ab5f9eb,boundary_masked,1.0,0.05235351622104645
data\processed\crops\held_out\fake\curpwogllm_052ab5f9eb,interior_masked,1.0,0.9997358918190002
data\processed\crops\held_out\fake\curpwogllm_052ab5f9eb,random_masked,1.0,0.0008303520153276622
data\processed\crops\held_out\fake\cuzrgrbvil_2f10c098ec,original_reconstructed,1.0,0.9995136260986328
data\processed\crops\held_out\fake\cuzrgrbvil_2f10c098ec,boundary_blurred,1.0,0.9999628067016602
data\processed\crops\held_out\fake\cuzrgrbvil_2f10c098ec,boundary_masked,1.0,0.9995812773704529
data\processed\crops\held_out\fake\cuzrgrbvil_2f10c098ec,interior_masked,1.0,0.9968060255050659
data\processed\crops\held_out\fake\cuzrgrbvil_2f10c098ec,random_masked,1.0,0.9962032437324524
data\processed\crops\held_out\fake\cvaksbpssm_5fcb7d1ec6,original_reconstructed,1.0,0.006032733246684074
data\processed\crops\held_out\fake\cvaksbpssm_5fcb7d1ec6,boundary_blurred,1.0,0.757382333278656
data\processed\crops\held_out\fake\cvaksbpssm_5fcb7d1ec6,boundary_masked,1.0,0.016420789062976837
data\processed\crops\held_out\fake\cvaksbpssm_5fcb7d1ec6,interior_masked,1.0,0.9988634586334229
data\processed\crops\held_out\fake\cvaksbpssm_5fcb7d1ec6,random_masked,1.0,0.6957822442054749
data\processed\crops\held_out\fake\cwbacdwrzo_dbd123a318,original_reconstructed,1.0,0.6796245574951172
data\processed\crops\held_out\fake\cwbacdwrzo_dbd123a318,boundary_blurred,1.0,0.9998881816864014
data\processed\crops\held_out\fake\cwbacdwrzo_dbd123a318,boundary_masked,1.0,0.9999179840087891
data\processed\crops\held_out\fake\cwbacdwrzo_dbd123a318,interior_masked,1.0,0.9997549653053284
data\processed\crops\held_out\fake\cwbacdwrzo_dbd123a318,random_masked,1.0,0.975394606590271
data\processed\crops\held_out\fake\cwqlvzefpg_5ee9794089,original_reconstructed,1.0,0.9999669790267944
data\processed\crops\held_out\fake\cwqlvzefpg_5ee9794089,boundary_blurred,1.0,0.9999669790267944
data\processed\crops\held_out\fake\cwqlvzefpg_5ee9794089,boundary_masked,1.0,0.9999669790267944
data\processed\crops\held_out\fake\cwqlvzefpg_5ee9794089,interior_masked,1.0,0.9999669790267944
data\processed\crops\held_out\fake\cwqlvzefpg_5ee9794089,random_masked,1.0,0.9999669790267944
data\processed\crops\held_out\fake\cwrtyzndpx_c195f2cedf,original_reconstructed,1.0,0.9998288154602051
data\processed\crops\held_out\fake\cwrtyzndpx_c195f2cedf,boundary_blurred,1.0,0.9999535083770752
data\processed\crops\held_out\fake\cwrtyzndpx_c195f2cedf,boundary_masked,1.0,0.9999496936798096
data\processed\crops\held_out\fake\cwrtyzndpx_c195f2cedf,interior_masked,1.0,0.9995325803756714
data\processed\crops\held_out\fake\cwrtyzndpx_c195f2cedf,random_masked,1.0,0.9998660087585449
data\processed\crops\held_out\fake\cwsbspfzck_c824a2a239,original_reconstructed,1.0,0.38613682985305786
data\processed\crops\held_out\fake\cwsbspfzck_c824a2a239,boundary_blurred,1.0,0.9994741082191467
data\processed\crops\held_out\fake\cwsbspfzck_c824a2a239,boundary_masked,1.0,0.9976342916488647
data\processed\crops\held_out\fake\cwsbspfzck_c824a2a239,interior_masked,1.0,0.9998306035995483
data\processed\crops\held_out\fake\cwsbspfzck_c824a2a239,random_masked,1.0,0.8985149264335632
data\processed\crops\held_out\fake\cwwandrkus_1611ad7324,original_reconstructed,1.0,0.9996659755706787
data\processed\crops\held_out\fake\cwwandrkus_1611ad7324,boundary_blurred,1.0,0.9998950958251953
data\processed\crops\held_out\fake\cwwandrkus_1611ad7324,boundary_masked,1.0,0.9999213218688965
data\processed\crops\held_out\fake\cwwandrkus_1611ad7324,interior_masked,1.0,0.9993305206298828
data\processed\crops\held_out\fake\cwwandrkus_1611ad7324,random_masked,1.0,0.9997668862342834
data\processed\crops\held_out\fake\cxfujlvsuw_dae1dc9d5e,original_reconstructed,1.0,0.9999902248382568
data\processed\crops\held_out\fake\cxfujlvsuw_dae1dc9d5e,boundary_blurred,1.0,0.9999959468841553
data\processed\crops\held_out\fake\cxfujlvsuw_dae1dc9d5e,boundary_masked,1.0,0.9999974966049194
data\processed\crops\held_out\fake\cxfujlvsuw_dae1dc9d5e,interior_masked,1.0,0.9999676942825317
data\processed\crops\held_out\fake\cxfujlvsuw_dae1dc9d5e,random_masked,1.0,0.999994158744812
data\processed\crops\held_out\fake\cxrfacemmq_ce32b9cd7f,original_reconstructed,1.0,0.9994416832923889
data\processed\crops\held_out\fake\cxrfacemmq_ce32b9cd7f,boundary_blurred,1.0,0.9993057250976562
data\processed\crops\held_out\fake\cxrfacemmq_ce32b9cd7f,boundary_masked,1.0,0.9992734789848328
data\processed\crops\held_out\fake\cxrfacemmq_ce32b9cd7f,interior_masked,1.0,0.9998908042907715
data\processed\crops\held_out\fake\cxrfacemmq_ce32b9cd7f,random_masked,1.0,0.9998769760131836
data\processed\crops\held_out\fake\cxttmymlbn_52a0f00be4,original_reconstructed,1.0,0.6747131943702698
data\processed\crops\held_out\fake\cxttmymlbn_52a0f00be4,boundary_blurred,1.0,0.05122003331780434
data\processed\crops\held_out\fake\cxttmymlbn_52a0f00be4,boundary_masked,1.0,0.033381953835487366
data\processed\crops\held_out\fake\cxttmymlbn_52a0f00be4,interior_masked,1.0,0.9995384216308594
data\processed\crops\held_out\fake\cxttmymlbn_52a0f00be4,random_masked,1.0,0.99432373046875
data\processed\crops\held_out\fake\cyboodqqyr_496a0e6297,original_reconstructed,1.0,0.9999823570251465
data\processed\crops\held_out\fake\cyboodqqyr_496a0e6297,boundary_blurred,1.0,0.9999704360961914
data\processed\crops\held_out\fake\cyboodqqyr_496a0e6297,boundary_masked,1.0,0.9999594688415527
data\processed\crops\held_out\fake\cyboodqqyr_496a0e6297,interior_masked,1.0,0.9997279047966003
data\processed\crops\held_out\fake\cyboodqqyr_496a0e6297,random_masked,1.0,0.999974250793457
data\processed\crops\held_out\fake\cycacemkmt_1454817094,original_reconstructed,1.0,0.9998482465744019
data\processed\crops\held_out\fake\cycacemkmt_1454817094,boundary_blurred,1.0,0.9999345541000366
data\processed\crops\held_out\fake\cycacemkmt_1454817094,boundary_masked,1.0,0.9999630451202393
data\processed\crops\held_out\fake\cycacemkmt_1454817094,interior_masked,1.0,0.9999127388000488
data\processed\crops\held_out\fake\cycacemkmt_1454817094,random_masked,1.0,0.9999203681945801
data\processed\crops\held_out\fake\cyclgfjdrv_a027bc41fc,original_reconstructed,1.0,0.9999743700027466
data\processed\crops\held_out\fake\cyclgfjdrv_a027bc41fc,boundary_blurred,1.0,0.9999618530273438
data\processed\crops\held_out\fake\cyclgfjdrv_a027bc41fc,boundary_masked,1.0,0.9999351501464844
data\processed\crops\held_out\fake\cyclgfjdrv_a027bc41fc,interior_masked,1.0,0.999579131603241
data\processed\crops\held_out\fake\cyclgfjdrv_a027bc41fc,random_masked,1.0,0.9999538660049438
data\processed\crops\held_out\fake\czfunozvwp_24d78efa34,original_reconstructed,1.0,0.9990861415863037
data\processed\crops\held_out\fake\czfunozvwp_24d78efa34,boundary_blurred,1.0,0.9997665286064148
data\processed\crops\held_out\fake\czfunozvwp_24d78efa34,boundary_masked,1.0,0.9975550770759583
data\processed\crops\held_out\fake\czfunozvwp_24d78efa34,interior_masked,1.0,0.9988068342208862
data\processed\crops\held_out\fake\czfunozvwp_24d78efa34,random_masked,1.0,0.9987524747848511
data\processed\crops\held_out\fake\czkdanyadc_e7a6ea3ed7,original_reconstructed,1.0,0.9984179735183716
data\processed\crops\held_out\fake\czkdanyadc_e7a6ea3ed7,boundary_blurred,1.0,0.9996740818023682
data\processed\crops\held_out\fake\czkdanyadc_e7a6ea3ed7,boundary_masked,1.0,0.9998708963394165
data\processed\crops\held_out\fake\czkdanyadc_e7a6ea3ed7,interior_masked,1.0,0.9991310238838196
data\processed\crops\held_out\fake\czkdanyadc_e7a6ea3ed7,random_masked,1.0,0.9994719624519348
data\processed\crops\held_out\fake\czmqpxrqoh_55e8585a20,original_reconstructed,1.0,0.9999610185623169
data\processed\crops\held_out\fake\czmqpxrqoh_55e8585a20,boundary_blurred,1.0,0.999971866607666
data\processed\crops\held_out\fake\czmqpxrqoh_55e8585a20,boundary_masked,1.0,0.9999755620956421
data\processed\crops\held_out\fake\czmqpxrqoh_55e8585a20,interior_masked,1.0,0.9999734163284302
data\processed\crops\held_out\fake\czmqpxrqoh_55e8585a20,random_masked,1.0,0.9999681711196899
data\processed\crops\held_out\fake\dafhtipaml_ff26d176df,original_reconstructed,1.0,0.9994500279426575
data\processed\crops\held_out\fake\dafhtipaml_ff26d176df,boundary_blurred,1.0,0.9999933242797852
data\processed\crops\held_out\fake\dafhtipaml_ff26d176df,boundary_masked,1.0,0.9999831914901733
data\processed\crops\held_out\fake\dafhtipaml_ff26d176df,interior_masked,1.0,0.9999586343765259
data\processed\crops\held_out\fake\dafhtipaml_ff26d176df,random_masked,1.0,0.9999750852584839
data\processed\crops\held_out\fake\dakqwktlbi_1f80522cd7,original_reconstructed,1.0,0.9999773502349854
data\processed\crops\held_out\fake\dakqwktlbi_1f80522cd7,boundary_blurred,1.0,0.9999663829803467
data\processed\crops\held_out\fake\dakqwktlbi_1f80522cd7,boundary_masked,1.0,0.999968409538269
data\processed\crops\held_out\fake\dakqwktlbi_1f80522cd7,interior_masked,1.0,0.9995638728141785
data\processed\crops\held_out\fake\dakqwktlbi_1f80522cd7,random_masked,1.0,0.999976634979248
data\processed\crops\held_out\fake\dbhoxkblzx_18ff99810e,original_reconstructed,1.0,0.9999912977218628
data\processed\crops\held_out\fake\dbhoxkblzx_18ff99810e,boundary_blurred,1.0,0.9999914169311523
data\processed\crops\held_out\fake\dbhoxkblzx_18ff99810e,boundary_masked,1.0,0.9999934434890747
data\processed\crops\held_out\fake\dbhoxkblzx_18ff99810e,interior_masked,1.0,0.9999711513519287
data\processed\crops\held_out\fake\dbhoxkblzx_18ff99810e,random_masked,1.0,0.9999908208847046
data\processed\crops\held_out\fake\dbhrpizyeq_936a071123,original_reconstructed,1.0,0.8963226079940796
data\processed\crops\held_out\fake\dbhrpizyeq_936a071123,boundary_blurred,1.0,0.9866710305213928
data\processed\crops\held_out\fake\dbhrpizyeq_936a071123,boundary_masked,1.0,0.9984225034713745
data\processed\crops\held_out\fake\dbhrpizyeq_936a071123,interior_masked,1.0,0.9986485838890076
data\processed\crops\held_out\fake\dbhrpizyeq_936a071123,random_masked,1.0,0.995759904384613
data\processed\crops\held_out\fake\dboxtiehng_c92783a9e4,original_reconstructed,1.0,0.026804042980074883
data\processed\crops\held_out\fake\dboxtiehng_c92783a9e4,boundary_blurred,1.0,0.17420411109924316
data\processed\crops\held_out\fake\dboxtiehng_c92783a9e4,boundary_masked,1.0,0.7513868808746338
data\processed\crops\held_out\fake\dboxtiehng_c92783a9e4,interior_masked,1.0,0.9981541037559509
data\processed\crops\held_out\fake\dboxtiehng_c92783a9e4,random_masked,1.0,0.8224655985832214
data\processed\crops\held_out\fake\dbzcqmxzaj_acad7f66db,original_reconstructed,1.0,0.9978851675987244
data\processed\crops\held_out\fake\dbzcqmxzaj_acad7f66db,boundary_blurred,1.0,0.9996229410171509
data\processed\crops\held_out\fake\dbzcqmxzaj_acad7f66db,boundary_masked,1.0,0.9998869895935059
data\processed\crops\held_out\fake\dbzcqmxzaj_acad7f66db,interior_masked,1.0,0.9996199607849121
data\processed\crops\held_out\fake\dbzcqmxzaj_acad7f66db,random_masked,1.0,0.999686598777771
data\processed\crops\held_out\fake\dbzpcjntve_1ee86d0bc0,original_reconstructed,1.0,0.0232534259557724
data\processed\crops\held_out\fake\dbzpcjntve_1ee86d0bc0,boundary_blurred,1.0,0.046268243342638016
data\processed\crops\held_out\fake\dbzpcjntve_1ee86d0bc0,boundary_masked,1.0,0.10577724874019623
data\processed\crops\held_out\fake\dbzpcjntve_1ee86d0bc0,interior_masked,1.0,0.9997233748435974
data\processed\crops\held_out\fake\dbzpcjntve_1ee86d0bc0,random_masked,1.0,0.9139410853385925
data\processed\crops\held_out\fake\dcamvmuors_1da2019caa,original_reconstructed,1.0,0.35264381766319275
data\processed\crops\held_out\fake\dcamvmuors_1da2019caa,boundary_blurred,1.0,0.9449597597122192
data\processed\crops\held_out\fake\dcamvmuors_1da2019caa,boundary_masked,1.0,0.29580429196357727
data\processed\crops\held_out\fake\dcamvmuors_1da2019caa,interior_masked,1.0,0.9992536902427673
data\processed\crops\held_out\fake\dcamvmuors_1da2019caa,random_masked,1.0,0.9983357787132263
data\processed\crops\held_out\fake\dcuiiorugd_99142a2775,original_reconstructed,1.0,0.5525966882705688
data\processed\crops\held_out\fake\dcuiiorugd_99142a2775,boundary_blurred,1.0,0.9999877214431763
data\processed\crops\held_out\fake\dcuiiorugd_99142a2775,boundary_masked,1.0,0.9986440539360046
data\processed\crops\held_out\fake\dcuiiorugd_99142a2775,interior_masked,1.0,0.9987666606903076
data\processed\crops\held_out\fake\dcuiiorugd_99142a2775,random_masked,1.0,0.9997538924217224
data\processed\crops\held_out\fake\ddhfabwpuz_29fbbf5d77,original_reconstructed,1.0,0.9993274211883545
data\processed\crops\held_out\fake\ddhfabwpuz_29fbbf5d77,boundary_blurred,1.0,0.9998568296432495
data\processed\crops\held_out\fake\ddhfabwpuz_29fbbf5d77,boundary_masked,1.0,0.9999001026153564
data\processed\crops\held_out\fake\ddhfabwpuz_29fbbf5d77,interior_masked,1.0,0.9996998310089111
data\processed\crops\held_out\fake\ddhfabwpuz_29fbbf5d77,random_masked,1.0,0.9997875094413757
data\processed\crops\held_out\fake\ddjggcasdw_282c702a15,original_reconstructed,1.0,0.9999982118606567
data\processed\crops\held_out\fake\ddjggcasdw_282c702a15,boundary_blurred,1.0,0.9999985694885254
data\processed\crops\held_out\fake\ddjggcasdw_282c702a15,boundary_masked,1.0,0.9999984502792358
data\processed\crops\held_out\fake\ddjggcasdw_282c702a15,interior_masked,1.0,0.9999676942825317
data\processed\crops\held_out\fake\ddjggcasdw_282c702a15,random_masked,1.0,0.9999969005584717
data\processed\crops\held_out\fake\ddpvuimigj_7ed27cf9d2,original_reconstructed,1.0,0.9998413324356079
data\processed\crops\held_out\fake\ddpvuimigj_7ed27cf9d2,boundary_blurred,1.0,0.9992859959602356
data\processed\crops\held_out\fake\ddpvuimigj_7ed27cf9d2,boundary_masked,1.0,0.9998753070831299
data\processed\crops\held_out\fake\ddpvuimigj_7ed27cf9d2,interior_masked,1.0,0.9998455047607422
data\processed\crops\held_out\fake\ddpvuimigj_7ed27cf9d2,random_masked,1.0,0.9999288320541382
data\processed\crops\held_out\fake\ddqccgmtka_ce08121ffb,original_reconstructed,1.0,0.9063968658447266
data\processed\crops\held_out\fake\ddqccgmtka_ce08121ffb,boundary_blurred,1.0,0.999744713306427
data\processed\crops\held_out\fake\ddqccgmtka_ce08121ffb,boundary_masked,1.0,0.9999731779098511
data\processed\crops\held_out\fake\ddqccgmtka_ce08121ffb,interior_masked,1.0,0.9996291399002075
data\processed\crops\held_out\fake\ddqccgmtka_ce08121ffb,random_masked,1.0,0.9997491240501404
data\processed\crops\held_out\fake\degpbqvcay_9bd3379f3a,original_reconstructed,1.0,0.0015746204880997539
data\processed\crops\held_out\fake\degpbqvcay_9bd3379f3a,boundary_blurred,1.0,0.5195005536079407
data\processed\crops\held_out\fake\degpbqvcay_9bd3379f3a,boundary_masked,1.0,0.9961774349212646
data\processed\crops\held_out\fake\degpbqvcay_9bd3379f3a,interior_masked,1.0,0.999349057674408
data\processed\crops\held_out\fake\degpbqvcay_9bd3379f3a,random_masked,1.0,0.9878851771354675
data\processed\crops\held_out\fake\deywhkarol_b46dfbafdc,original_reconstructed,1.0,0.000262562301941216
data\processed\crops\held_out\fake\deywhkarol_b46dfbafdc,boundary_blurred,1.0,0.3260887563228607
data\processed\crops\held_out\fake\deywhkarol_b46dfbafdc,boundary_masked,1.0,0.6123855113983154
data\processed\crops\held_out\fake\deywhkarol_b46dfbafdc,interior_masked,1.0,0.9993767142295837
data\processed\crops\held_out\fake\deywhkarol_b46dfbafdc,random_masked,1.0,0.9174469113349915
data\processed\crops\held_out\fake\deyyistcrd_a82ed476e9,original_reconstructed,1.0,0.9999911785125732
data\processed\crops\held_out\fake\deyyistcrd_a82ed476e9,boundary_blurred,1.0,0.9999911785125732
data\processed\crops\held_out\fake\deyyistcrd_a82ed476e9,boundary_masked,1.0,0.9999938011169434
data\processed\crops\held_out\fake\deyyistcrd_a82ed476e9,interior_masked,1.0,0.999886155128479
data\processed\crops\held_out\fake\deyyistcrd_a82ed476e9,random_masked,1.0,0.9999901056289673
data\processed\crops\held_out\fake\dfbpceeaox_b785fe8788,original_reconstructed,1.0,0.9479113817214966
data\processed\crops\held_out\fake\dfbpceeaox_b785fe8788,boundary_blurred,1.0,0.999279797077179
data\processed\crops\held_out\fake\dfbpceeaox_b785fe8788,boundary_masked,1.0,0.994857668876648
data\processed\crops\held_out\fake\dfbpceeaox_b785fe8788,interior_masked,1.0,0.9976535439491272
data\processed\crops\held_out\fake\dfbpceeaox_b785fe8788,random_masked,1.0,0.989751935005188
data\processed\crops\held_out\fake\dgmevclvzy_3856ed8983,original_reconstructed,1.0,2.6308347514714114e-05
data\processed\crops\held_out\fake\dgmevclvzy_3856ed8983,boundary_blurred,1.0,4.0567796531831846e-05
data\processed\crops\held_out\fake\dgmevclvzy_3856ed8983,boundary_masked,1.0,0.004471844993531704
data\processed\crops\held_out\fake\dgmevclvzy_3856ed8983,interior_masked,1.0,0.9993810653686523
data\processed\crops\held_out\fake\dgmevclvzy_3856ed8983,random_masked,1.0,0.0002251974365208298
data\processed\crops\held_out\fake\dgxrqjdomn_7fa9b70006,original_reconstructed,1.0,0.0017623762832954526
data\processed\crops\held_out\fake\dgxrqjdomn_7fa9b70006,boundary_blurred,1.0,0.9997689127922058
data\processed\crops\held_out\fake\dgxrqjdomn_7fa9b70006,boundary_masked,1.0,0.9999618530273438
data\processed\crops\held_out\fake\dgxrqjdomn_7fa9b70006,interior_masked,1.0,0.9997833371162415
data\processed\crops\held_out\fake\dgxrqjdomn_7fa9b70006,random_masked,1.0,0.9998403787612915
data\processed\crops\held_out\fake\dgzklxjmix_8e0f2bf8fe,original_reconstructed,1.0,0.002642720937728882
data\processed\crops\held_out\fake\dgzklxjmix_8e0f2bf8fe,boundary_blurred,1.0,0.23314060270786285
data\processed\crops\held_out\fake\dgzklxjmix_8e0f2bf8fe,boundary_masked,1.0,0.9987291693687439
data\processed\crops\held_out\fake\dgzklxjmix_8e0f2bf8fe,interior_masked,1.0,0.9996984004974365
data\processed\crops\held_out\fake\dgzklxjmix_8e0f2bf8fe,random_masked,1.0,0.759998083114624
data\processed\crops\held_out\fake\dhcselezer_a55215fc1d,original_reconstructed,1.0,0.9614529609680176
data\processed\crops\held_out\fake\dhcselezer_a55215fc1d,boundary_blurred,1.0,0.9836390018463135
data\processed\crops\held_out\fake\dhcselezer_a55215fc1d,boundary_masked,1.0,0.9991753697395325
data\processed\crops\held_out\fake\dhcselezer_a55215fc1d,interior_masked,1.0,0.9993815422058105
data\processed\crops\held_out\fake\dhcselezer_a55215fc1d,random_masked,1.0,0.9954394698143005
data\processed\crops\held_out\fake\dhevettufk_8241dc8d1a,original_reconstructed,1.0,0.9940748810768127
data\processed\crops\held_out\fake\dhevettufk_8241dc8d1a,boundary_blurred,1.0,0.9998487234115601
data\processed\crops\held_out\fake\dhevettufk_8241dc8d1a,boundary_masked,1.0,0.9987220168113708
data\processed\crops\held_out\fake\dhevettufk_8241dc8d1a,interior_masked,1.0,0.998393714427948
data\processed\crops\held_out\fake\dhevettufk_8241dc8d1a,random_masked,1.0,0.9994845390319824
data\processed\crops\held_out\fake\dhjmzhrcav_ac10f75979,original_reconstructed,1.0,0.9999111890792847
data\processed\crops\held_out\fake\dhjmzhrcav_ac10f75979,boundary_blurred,1.0,0.9998929500579834
data\processed\crops\held_out\fake\dhjmzhrcav_ac10f75979,boundary_masked,1.0,0.965511679649353
data\processed\crops\held_out\fake\dhjmzhrcav_ac10f75979,interior_masked,1.0,0.9999333620071411
data\processed\crops\held_out\fake\dhjmzhrcav_ac10f75979,random_masked,1.0,0.9999817609786987
data\processed\crops\held_out\fake\dhkwmjxwrn_dcddd25742,original_reconstructed,1.0,0.9228432178497314
data\processed\crops\held_out\fake\dhkwmjxwrn_dcddd25742,boundary_blurred,1.0,0.9870298504829407
data\processed\crops\held_out\fake\dhkwmjxwrn_dcddd25742,boundary_masked,1.0,0.997262716293335
data\processed\crops\held_out\fake\dhkwmjxwrn_dcddd25742,interior_masked,1.0,0.9990198612213135
data\processed\crops\held_out\fake\dhkwmjxwrn_dcddd25742,random_masked,1.0,0.9944124817848206
data\processed\crops\held_out\fake\dhoqofwoxa_8a5181497b,original_reconstructed,1.0,0.9999709129333496
data\processed\crops\held_out\fake\dhoqofwoxa_8a5181497b,boundary_blurred,1.0,0.9999709129333496
data\processed\crops\held_out\fake\dhoqofwoxa_8a5181497b,boundary_masked,1.0,0.9999709129333496
data\processed\crops\held_out\fake\dhoqofwoxa_8a5181497b,interior_masked,1.0,0.9999709129333496
data\processed\crops\held_out\fake\dhoqofwoxa_8a5181497b,random_masked,1.0,0.9999709129333496
data\processed\crops\held_out\fake\diomeixhrg_940eae4f20,original_reconstructed,1.0,0.08021637052297592
data\processed\crops\held_out\fake\diomeixhrg_940eae4f20,boundary_blurred,1.0,0.9866573214530945
data\processed\crops\held_out\fake\diomeixhrg_940eae4f20,boundary_masked,1.0,0.9939115047454834
data\processed\crops\held_out\fake\diomeixhrg_940eae4f20,interior_masked,1.0,0.9996799230575562
data\processed\crops\held_out\fake\diomeixhrg_940eae4f20,random_masked,1.0,0.9942124485969543
data\processed\crops\held_out\fake\diopzaywor_a74ab24940,original_reconstructed,1.0,0.9983055591583252
data\processed\crops\held_out\fake\diopzaywor_a74ab24940,boundary_blurred,1.0,0.9998059868812561
data\processed\crops\held_out\fake\diopzaywor_a74ab24940,boundary_masked,1.0,0.9998441934585571
data\processed\crops\held_out\fake\diopzaywor_a74ab24940,interior_masked,1.0,0.9995980858802795
data\processed\crops\held_out\fake\diopzaywor_a74ab24940,random_masked,1.0,0.9996755123138428
data\processed\crops\held_out\fake\diqraixiov_06d479f6f6,original_reconstructed,1.0,0.00011215813719900325
data\processed\crops\held_out\fake\diqraixiov_06d479f6f6,boundary_blurred,1.0,0.00298287277109921
data\processed\crops\held_out\fake\diqraixiov_06d479f6f6,boundary_masked,1.0,0.00047382607590407133
data\processed\crops\held_out\fake\diqraixiov_06d479f6f6,interior_masked,1.0,0.9985694885253906
data\processed\crops\held_out\fake\diqraixiov_06d479f6f6,random_masked,1.0,0.46599236130714417
data\processed\crops\held_out\fake\diuzrpqjli_98225376e6,original_reconstructed,1.0,0.00023151903587859124
data\processed\crops\held_out\fake\diuzrpqjli_98225376e6,boundary_blurred,1.0,0.006296933628618717
data\processed\crops\held_out\fake\diuzrpqjli_98225376e6,boundary_masked,1.0,0.9985153079032898
data\processed\crops\held_out\fake\diuzrpqjli_98225376e6,interior_masked,1.0,0.9983528852462769
data\processed\crops\held_out\fake\diuzrpqjli_98225376e6,random_masked,1.0,0.38203951716423035
data\processed\crops\held_out\fake\djvtbgwdcc_3a919aedbd,original_reconstructed,1.0,3.81078316422645e-05
data\processed\crops\held_out\fake\djvtbgwdcc_3a919aedbd,boundary_blurred,1.0,4.206895027891733e-05
data\processed\crops\held_out\fake\djvtbgwdcc_3a919aedbd,boundary_masked,1.0,0.0013403542106971145
data\processed\crops\held_out\fake\djvtbgwdcc_3a919aedbd,interior_masked,1.0,0.9996224641799927
data\processed\crops\held_out\fake\djvtbgwdcc_3a919aedbd,random_masked,1.0,0.000179081063834019
data\processed\crops\held_out\fake\djvutyvaio_83f73a3d8d,original_reconstructed,1.0,0.9999592304229736
data\processed\crops\held_out\fake\djvutyvaio_83f73a3d8d,boundary_blurred,1.0,0.9999606609344482
data\processed\crops\held_out\fake\djvutyvaio_83f73a3d8d,boundary_masked,1.0,0.9999575614929199
data\processed\crops\held_out\fake\djvutyvaio_83f73a3d8d,interior_masked,1.0,0.9999610185623169
data\processed\crops\held_out\fake\djvutyvaio_83f73a3d8d,random_masked,1.0,0.9999606609344482
data\processed\crops\held_out\fake\dkdwxmtpuo_42e1650e2c,original_reconstructed,1.0,0.0010491627035662532
data\processed\crops\held_out\fake\dkdwxmtpuo_42e1650e2c,boundary_blurred,1.0,0.9549443125724792
data\processed\crops\held_out\fake\dkdwxmtpuo_42e1650e2c,boundary_masked,1.0,0.5367588400840759
data\processed\crops\held_out\fake\dkdwxmtpuo_42e1650e2c,interior_masked,1.0,0.999560534954071
data\processed\crops\held_out\fake\dkdwxmtpuo_42e1650e2c,random_masked,1.0,0.7097510695457458
data\processed\crops\held_out\fake\dkhlttuvmx_2cca1f6a81,original_reconstructed,1.0,0.9999580383300781
data\processed\crops\held_out\fake\dkhlttuvmx_2cca1f6a81,boundary_blurred,1.0,0.9999580383300781
data\processed\crops\held_out\fake\dkhlttuvmx_2cca1f6a81,boundary_masked,1.0,0.9999580383300781
data\processed\crops\held_out\fake\dkhlttuvmx_2cca1f6a81,interior_masked,1.0,0.9999580383300781
data\processed\crops\held_out\fake\dkhlttuvmx_2cca1f6a81,random_masked,1.0,0.9999580383300781
data\processed\crops\held_out\fake\dkrvorliqc_a4602f793f,original_reconstructed,1.0,0.7265977263450623
data\processed\crops\held_out\fake\dkrvorliqc_a4602f793f,boundary_blurred,1.0,0.9993810653686523
data\processed\crops\held_out\fake\dkrvorliqc_a4602f793f,boundary_masked,1.0,0.9999731779098511
data\processed\crops\held_out\fake\dkrvorliqc_a4602f793f,interior_masked,1.0,0.9996685981750488
data\processed\crops\held_out\fake\dkrvorliqc_a4602f793f,random_masked,1.0,0.9978126287460327
data\processed\crops\held_out\fake\dkwjwbwgey_577d174fa3,original_reconstructed,1.0,0.16267286241054535
data\processed\crops\held_out\fake\dkwjwbwgey_577d174fa3,boundary_blurred,1.0,0.9100881218910217
data\processed\crops\held_out\fake\dkwjwbwgey_577d174fa3,boundary_masked,1.0,0.9958696961402893
data\processed\crops\held_out\fake\dkwjwbwgey_577d174fa3,interior_masked,1.0,0.9996340274810791
data\processed\crops\held_out\fake\dkwjwbwgey_577d174fa3,random_masked,1.0,0.9471833109855652
data\processed\crops\held_out\fake\dlrsbscitn_4bb2f64c12,original_reconstructed,1.0,0.09581976383924484
data\processed\crops\held_out\fake\dlrsbscitn_4bb2f64c12,boundary_blurred,1.0,0.7132968902587891
data\processed\crops\held_out\fake\dlrsbscitn_4bb2f64c12,boundary_masked,1.0,0.8006522059440613
data\processed\crops\held_out\fake\dlrsbscitn_4bb2f64c12,interior_masked,1.0,0.9971621632575989
data\processed\crops\held_out\fake\dlrsbscitn_4bb2f64c12,random_masked,1.0,0.9144431948661804
data\processed\crops\held_out\fake\dnexlwbcxq_b252a35a2a,original_reconstructed,1.0,0.9960101842880249
data\processed\crops\held_out\fake\dnexlwbcxq_b252a35a2a,boundary_blurred,1.0,0.9990414977073669
data\processed\crops\held_out\fake\dnexlwbcxq_b252a35a2a,boundary_masked,1.0,0.9997187256813049
data\processed\crops\held_out\fake\dnexlwbcxq_b252a35a2a,interior_masked,1.0,0.9995162487030029
data\processed\crops\held_out\fake\dnexlwbcxq_b252a35a2a,random_masked,1.0,0.9993836879730225
data\processed\crops\held_out\fake\dnhvalzvrt_e3fca94364,original_reconstructed,1.0,0.9995309114456177
data\processed\crops\held_out\fake\dnhvalzvrt_e3fca94364,boundary_blurred,1.0,0.9997069239616394
data\processed\crops\held_out\fake\dnhvalzvrt_e3fca94364,boundary_masked,1.0,0.9996522665023804
data\processed\crops\held_out\fake\dnhvalzvrt_e3fca94364,interior_masked,1.0,0.9994327425956726
data\processed\crops\held_out\fake\dnhvalzvrt_e3fca94364,random_masked,1.0,0.9997542500495911
data\processed\crops\held_out\fake\dntkzzzcdh_3bf60acf8a,original_reconstructed,1.0,0.9948057532310486
data\processed\crops\held_out\fake\dntkzzzcdh_3bf60acf8a,boundary_blurred,1.0,0.9984838366508484
data\processed\crops\held_out\fake\dntkzzzcdh_3bf60acf8a,boundary_masked,1.0,0.9998144507408142
data\processed\crops\held_out\fake\dntkzzzcdh_3bf60acf8a,interior_masked,1.0,0.999631404876709
data\processed\crops\held_out\fake\dntkzzzcdh_3bf60acf8a,random_masked,1.0,0.9988118410110474
data\processed\crops\held_out\fake\dnyvfblxpm_39bdf16df5,original_reconstructed,1.0,0.8148512244224548
data\processed\crops\held_out\fake\dnyvfblxpm_39bdf16df5,boundary_blurred,1.0,0.9947432279586792
data\processed\crops\held_out\fake\dnyvfblxpm_39bdf16df5,boundary_masked,1.0,0.9973184466362
data\processed\crops\held_out\fake\dnyvfblxpm_39bdf16df5,interior_masked,1.0,0.998945415019989
data\processed\crops\held_out\fake\dnyvfblxpm_39bdf16df5,random_masked,1.0,0.995510458946228
data\processed\crops\held_out\fake\doanjploai_b67891756b,original_reconstructed,1.0,0.0004204501456115395
data\processed\crops\held_out\fake\doanjploai_b67891756b,boundary_blurred,1.0,0.12025971710681915
data\processed\crops\held_out\fake\doanjploai_b67891756b,boundary_masked,1.0,0.99152010679245
data\processed\crops\held_out\fake\doanjploai_b67891756b,interior_masked,1.0,0.9996798038482666
data\processed\crops\held_out\fake\doanjploai_b67891756b,random_masked,1.0,0.9719993472099304
data\processed\crops\held_out\fake\dofusvhnib_60084103b7,original_reconstructed,1.0,0.0010056683095172048
data\processed\crops\held_out\fake\dofusvhnib_60084103b7,boundary_blurred,1.0,0.8533613085746765
data\processed\crops\held_out\fake\dofusvhnib_60084103b7,boundary_masked,1.0,0.5473147630691528
data\processed\crops\held_out\fake\dofusvhnib_60084103b7,interior_masked,1.0,0.9996211528778076
data\processed\crops\held_out\fake\dofusvhnib_60084103b7,random_masked,1.0,0.49418479204177856
data\processed\crops\held_out\fake\dozyddhild_fe5414c613,original_reconstructed,1.0,0.9751230478286743
data\processed\crops\held_out\fake\dozyddhild_fe5414c613,boundary_blurred,1.0,0.9997187256813049
data\processed\crops\held_out\fake\dozyddhild_fe5414c613,boundary_masked,1.0,0.9997187256813049
data\processed\crops\held_out\fake\dozyddhild_fe5414c613,interior_masked,1.0,0.9969642758369446
data\processed\crops\held_out\fake\dozyddhild_fe5414c613,random_masked,1.0,0.9995007514953613
data\processed\crops\held_out\fake\dptbnjnkdg_0e97a2ff09,original_reconstructed,1.0,0.9557094573974609
data\processed\crops\held_out\fake\dptbnjnkdg_0e97a2ff09,boundary_blurred,1.0,0.9988112449645996
data\processed\crops\held_out\fake\dptbnjnkdg_0e97a2ff09,boundary_masked,1.0,0.9906467199325562
data\processed\crops\held_out\fake\dptbnjnkdg_0e97a2ff09,interior_masked,1.0,0.9983047246932983
data\processed\crops\held_out\fake\dptbnjnkdg_0e97a2ff09,random_masked,1.0,0.9818648099899292
data\processed\crops\held_out\fake\dptrzdvwpg_bbd91e497a,original_reconstructed,1.0,0.9991496801376343
data\processed\crops\held_out\fake\dptrzdvwpg_bbd91e497a,boundary_blurred,1.0,0.9999532699584961
data\processed\crops\held_out\fake\dptrzdvwpg_bbd91e497a,boundary_masked,1.0,0.9997443556785583
data\processed\crops\held_out\fake\dptrzdvwpg_bbd91e497a,interior_masked,1.0,0.9956417083740234
data\processed\crops\held_out\fake\dptrzdvwpg_bbd91e497a,random_masked,1.0,0.9983994364738464
data\processed\crops\held_out\fake\dqnyszdong_fc534a3eff,original_reconstructed,1.0,0.99996018409729
data\processed\crops\held_out\fake\dqnyszdong_fc534a3eff,boundary_blurred,1.0,0.99996018409729
data\processed\crops\held_out\fake\dqnyszdong_fc534a3eff,boundary_masked,1.0,0.99996018409729
data\processed\crops\held_out\fake\dqnyszdong_fc534a3eff,interior_masked,1.0,0.99996018409729
data\processed\crops\held_out\fake\dqnyszdong_fc534a3eff,random_masked,1.0,0.99996018409729
data\processed\crops\held_out\fake\dqppxmoqdl_2b631ac762,original_reconstructed,1.0,0.9850336909294128
data\processed\crops\held_out\fake\dqppxmoqdl_2b631ac762,boundary_blurred,1.0,0.998908281326294
data\processed\crops\held_out\fake\dqppxmoqdl_2b631ac762,boundary_masked,1.0,0.997018575668335
data\processed\crops\held_out\fake\dqppxmoqdl_2b631ac762,interior_masked,1.0,0.9784802198410034
data\processed\crops\held_out\fake\dqppxmoqdl_2b631ac762,random_masked,1.0,0.9891625642776489
data\processed\crops\held_out\fake\dqqtjcryjv_9218a3e755,original_reconstructed,1.0,0.014612956903874874
data\processed\crops\held_out\fake\dqqtjcryjv_9218a3e755,boundary_blurred,1.0,0.9514211416244507
data\processed\crops\held_out\fake\dqqtjcryjv_9218a3e755,boundary_masked,1.0,0.9250577688217163
data\processed\crops\held_out\fake\dqqtjcryjv_9218a3e755,interior_masked,1.0,0.9986339211463928
data\processed\crops\held_out\fake\dqqtjcryjv_9218a3e755,random_masked,1.0,0.9875690340995789
data\processed\crops\held_out\fake\dqswpjoepo_c6134ff59e,original_reconstructed,1.0,0.9999403953552246
data\processed\crops\held_out\fake\dqswpjoepo_c6134ff59e,boundary_blurred,1.0,0.9999896287918091
data\processed\crops\held_out\fake\dqswpjoepo_c6134ff59e,boundary_masked,1.0,0.9999579191207886
data\processed\crops\held_out\fake\dqswpjoepo_c6134ff59e,interior_masked,1.0,0.9998700618743896
data\processed\crops\held_out\fake\dqswpjoepo_c6134ff59e,random_masked,1.0,0.9999356269836426
data\processed\crops\held_out\fake\dqzreruvje_d21083574e,original_reconstructed,1.0,0.014774235896766186
data\processed\crops\held_out\fake\dqzreruvje_d21083574e,boundary_blurred,1.0,0.1911010593175888
data\processed\crops\held_out\fake\dqzreruvje_d21083574e,boundary_masked,1.0,0.1339503824710846
data\processed\crops\held_out\fake\dqzreruvje_d21083574e,interior_masked,1.0,0.9990002512931824
data\processed\crops\held_out\fake\dqzreruvje_d21083574e,random_masked,1.0,0.4720286428928375
data\processed\crops\held_out\fake\drgjzlxzxj_04beab9555,original_reconstructed,1.0,0.01056542806327343
data\processed\crops\held_out\fake\drgjzlxzxj_04beab9555,boundary_blurred,1.0,0.8834664821624756
data\processed\crops\held_out\fake\drgjzlxzxj_04beab9555,boundary_masked,1.0,0.20956720411777496
data\processed\crops\held_out\fake\drgjzlxzxj_04beab9555,interior_masked,1.0,0.9987756609916687
data\processed\crops\held_out\fake\drgjzlxzxj_04beab9555,random_masked,1.0,0.9627522826194763
data\processed\crops\held_out\fake\drsakwyvqv_24f8010378,original_reconstructed,1.0,0.0005431328318081796
data\processed\crops\held_out\fake\drsakwyvqv_24f8010378,boundary_blurred,1.0,0.03158953785896301
data\processed\crops\held_out\fake\drsakwyvqv_24f8010378,boundary_masked,1.0,0.010046092793345451
data\processed\crops\held_out\fake\drsakwyvqv_24f8010378,interior_masked,1.0,0.9990963935852051
data\processed\crops\held_out\fake\drsakwyvqv_24f8010378,random_masked,1.0,0.9974226951599121
data\processed\crops\held_out\fake\drtbksnpol_e6be925829,original_reconstructed,1.0,0.9993023872375488
data\processed\crops\held_out\fake\drtbksnpol_e6be925829,boundary_blurred,1.0,0.9997106194496155
data\processed\crops\held_out\fake\drtbksnpol_e6be925829,boundary_masked,1.0,0.9996833801269531
data\processed\crops\held_out\fake\drtbksnpol_e6be925829,interior_masked,1.0,0.9980675578117371
data\processed\crops\held_out\fake\drtbksnpol_e6be925829,random_masked,1.0,0.9993854761123657
data\processed\crops\held_out\fake\dsdoseflas_c8d1561dcb,original_reconstructed,1.0,0.9998582601547241
data\processed\crops\held_out\fake\dsdoseflas_c8d1561dcb,boundary_blurred,1.0,0.999975323677063
data\processed\crops\held_out\fake\dsdoseflas_c8d1561dcb,boundary_masked,1.0,0.9998966455459595
data\processed\crops\held_out\fake\dsdoseflas_c8d1561dcb,interior_masked,1.0,0.9967355132102966
data\processed\crops\held_out\fake\dsdoseflas_c8d1561dcb,random_masked,1.0,0.999498724937439
data\processed\crops\held_out\fake\dsgpbgsrdm_53834d155b,original_reconstructed,1.0,0.07452516257762909
data\processed\crops\held_out\fake\dsgpbgsrdm_53834d155b,boundary_blurred,1.0,0.31287333369255066
data\processed\crops\held_out\fake\dsgpbgsrdm_53834d155b,boundary_masked,1.0,0.03184233605861664
data\processed\crops\held_out\fake\dsgpbgsrdm_53834d155b,interior_masked,1.0,0.999275267124176
data\processed\crops\held_out\fake\dsgpbgsrdm_53834d155b,random_masked,1.0,0.9782226085662842
data\processed\crops\held_out\fake\dsndhujjjb_28e476fe1d,original_reconstructed,1.0,0.0131315803155303
data\processed\crops\held_out\fake\dsndhujjjb_28e476fe1d,boundary_blurred,1.0,0.016086125746369362
data\processed\crops\held_out\fake\dsndhujjjb_28e476fe1d,boundary_masked,1.0,0.9452735781669617
data\processed\crops\held_out\fake\dsndhujjjb_28e476fe1d,interior_masked,1.0,0.9999240636825562
data\processed\crops\held_out\fake\dsndhujjjb_28e476fe1d,random_masked,1.0,0.8662527799606323
data\processed\crops\held_out\fake\dtbpmdqvao_67dc7c468a,original_reconstructed,1.0,0.9982209801673889
data\processed\crops\held_out\fake\dtbpmdqvao_67dc7c468a,boundary_blurred,1.0,0.9995430707931519
data\processed\crops\held_out\fake\dtbpmdqvao_67dc7c468a,boundary_masked,1.0,0.9994524121284485
data\processed\crops\held_out\fake\dtbpmdqvao_67dc7c468a,interior_masked,1.0,0.9987908005714417
data\processed\crops\held_out\fake\dtbpmdqvao_67dc7c468a,random_masked,1.0,0.9991267323493958
data\processed\crops\held_out\fake\dtocdfbwca_59c908477a,original_reconstructed,1.0,0.8696457147598267
data\processed\crops\held_out\fake\dtocdfbwca_59c908477a,boundary_blurred,1.0,0.9983683228492737
data\processed\crops\held_out\fake\dtocdfbwca_59c908477a,boundary_masked,1.0,0.9998175501823425
data\processed\crops\held_out\fake\dtocdfbwca_59c908477a,interior_masked,1.0,0.9990869760513306
data\processed\crops\held_out\fake\dtocdfbwca_59c908477a,random_masked,1.0,0.9977082014083862
data\processed\crops\held_out\fake\dubiroskqn_e9bad2fecf,original_reconstructed,1.0,0.00018770484894048423
data\processed\crops\held_out\fake\dubiroskqn_e9bad2fecf,boundary_blurred,1.0,0.00031313780345954
data\processed\crops\held_out\fake\dubiroskqn_e9bad2fecf,boundary_masked,1.0,0.10354214161634445
data\processed\crops\held_out\fake\dubiroskqn_e9bad2fecf,interior_masked,1.0,0.9994848966598511
data\processed\crops\held_out\fake\dubiroskqn_e9bad2fecf,random_masked,1.0,0.0011511665070429444
data\processed\crops\held_out\fake\dulanfulol_72f674b490,original_reconstructed,1.0,0.9999740123748779
data\processed\crops\held_out\fake\dulanfulol_72f674b490,boundary_blurred,1.0,0.9999946355819702
data\processed\crops\held_out\fake\dulanfulol_72f674b490,boundary_masked,1.0,0.999993085861206
data\processed\crops\held_out\fake\dulanfulol_72f674b490,interior_masked,1.0,0.9999421834945679
data\processed\crops\held_out\fake\dulanfulol_72f674b490,random_masked,1.0,0.9999788999557495
data\processed\crops\held_out\fake\duvyaxbzvp_931f575bc2,original_reconstructed,1.0,0.9978750944137573
data\processed\crops\held_out\fake\duvyaxbzvp_931f575bc2,boundary_blurred,1.0,0.9998181462287903
data\processed\crops\held_out\fake\duvyaxbzvp_931f575bc2,boundary_masked,1.0,0.9997822642326355
data\processed\crops\held_out\fake\duvyaxbzvp_931f575bc2,interior_masked,1.0,0.9995744824409485
data\processed\crops\held_out\fake\duvyaxbzvp_931f575bc2,random_masked,1.0,0.999690055847168
data\processed\crops\held_out\fake\duzuusuajr_238f48bc37,original_reconstructed,1.0,0.9978001713752747
data\processed\crops\held_out\fake\duzuusuajr_238f48bc37,boundary_blurred,1.0,0.9995973706245422
data\processed\crops\held_out\fake\duzuusuajr_238f48bc37,boundary_masked,1.0,0.9995288848876953
data\processed\crops\held_out\fake\duzuusuajr_238f48bc37,interior_masked,1.0,0.9995927214622498
data\processed\crops\held_out\fake\duzuusuajr_238f48bc37,random_masked,1.0,0.999716579914093
data\processed\crops\held_out\fake\dvakowbgbt_565de4aaf3,original_reconstructed,1.0,0.00025699884281493723
data\processed\crops\held_out\fake\dvakowbgbt_565de4aaf3,boundary_blurred,1.0,0.8292109370231628
data\processed\crops\held_out\fake\dvakowbgbt_565de4aaf3,boundary_masked,1.0,0.9910156726837158
data\processed\crops\held_out\fake\dvakowbgbt_565de4aaf3,interior_masked,1.0,0.9995949864387512
data\processed\crops\held_out\fake\dvakowbgbt_565de4aaf3,random_masked,1.0,0.8946452140808105
data\processed\crops\held_out\fake\dvumqqhoac_2797fb9557,original_reconstructed,1.0,0.9999102354049683
data\processed\crops\held_out\fake\dvumqqhoac_2797fb9557,boundary_blurred,1.0,0.9999579191207886
data\processed\crops\held_out\fake\dvumqqhoac_2797fb9557,boundary_masked,1.0,0.9999476671218872
data\processed\crops\held_out\fake\dvumqqhoac_2797fb9557,interior_masked,1.0,0.9997788071632385
data\processed\crops\held_out\fake\dvumqqhoac_2797fb9557,random_masked,1.0,0.9998356103897095
data\processed\crops\held_out\fake\dwediigjit_45f0b60e87,original_reconstructed,1.0,0.0008831770974211395
data\processed\crops\held_out\fake\dwediigjit_45f0b60e87,boundary_blurred,1.0,0.03810344636440277
data\processed\crops\held_out\fake\dwediigjit_45f0b60e87,boundary_masked,1.0,0.8984766006469727
data\processed\crops\held_out\fake\dwediigjit_45f0b60e87,interior_masked,1.0,0.9995166063308716
data\processed\crops\held_out\fake\dwediigjit_45f0b60e87,random_masked,1.0,0.22461672127246857
data\processed\crops\held_out\fake\dxuliowugt_f1a81f0b2e,original_reconstructed,1.0,0.8257395625114441
data\processed\crops\held_out\fake\dxuliowugt_f1a81f0b2e,boundary_blurred,1.0,0.9946721196174622
data\processed\crops\held_out\fake\dxuliowugt_f1a81f0b2e,boundary_masked,1.0,0.9849388599395752
data\processed\crops\held_out\fake\dxuliowugt_f1a81f0b2e,interior_masked,1.0,0.9970467686653137
data\processed\crops\held_out\fake\dxuliowugt_f1a81f0b2e,random_masked,1.0,0.9948058724403381
data\processed\crops\held_out\fake\dxuplhwvig_f786bea881,original_reconstructed,1.0,0.9887266755104065
data\processed\crops\held_out\fake\dxuplhwvig_f786bea881,boundary_blurred,1.0,0.9994038343429565
data\processed\crops\held_out\fake\dxuplhwvig_f786bea881,boundary_masked,1.0,0.999290943145752
data\processed\crops\held_out\fake\dxuplhwvig_f786bea881,interior_masked,1.0,0.9993441700935364
data\processed\crops\held_out\fake\dxuplhwvig_f786bea881,random_masked,1.0,0.9974900484085083
data\processed\crops\held_out\fake\dzieklokdr_2c9fc6cbc1,original_reconstructed,1.0,3.749980533029884e-05
data\processed\crops\held_out\fake\dzieklokdr_2c9fc6cbc1,boundary_blurred,1.0,0.0001252498186659068
data\processed\crops\held_out\fake\dzieklokdr_2c9fc6cbc1,boundary_masked,1.0,0.3426322638988495
data\processed\crops\held_out\fake\dzieklokdr_2c9fc6cbc1,interior_masked,1.0,0.9996473789215088
data\processed\crops\held_out\fake\dzieklokdr_2c9fc6cbc1,random_masked,1.0,0.0007147020078264177
data\processed\crops\held_out\fake\dzqwgqewhu_1547a45649,original_reconstructed,1.0,0.9789732098579407
data\processed\crops\held_out\fake\dzqwgqewhu_1547a45649,boundary_blurred,1.0,0.9989668130874634
data\processed\crops\held_out\fake\dzqwgqewhu_1547a45649,boundary_masked,1.0,0.999447762966156
data\processed\crops\held_out\fake\dzqwgqewhu_1547a45649,interior_masked,1.0,0.9996236562728882
data\processed\crops\held_out\fake\dzqwgqewhu_1547a45649,random_masked,1.0,0.9997132420539856
data\processed\crops\held_out\fake\dzvyfiarrq_5301a79f3f,original_reconstructed,1.0,0.26650118827819824
data\processed\crops\held_out\fake\dzvyfiarrq_5301a79f3f,boundary_blurred,1.0,0.8356358408927917
data\processed\crops\held_out\fake\dzvyfiarrq_5301a79f3f,boundary_masked,1.0,0.9852301478385925
data\processed\crops\held_out\fake\dzvyfiarrq_5301a79f3f,interior_masked,1.0,0.9983373880386353
data\processed\crops\held_out\fake\dzvyfiarrq_5301a79f3f,random_masked,1.0,0.9012908935546875
data\processed\crops\held_out\fake\dzwkmcwkwl_8c9d85702b,original_reconstructed,1.0,0.8937082290649414
data\processed\crops\held_out\fake\dzwkmcwkwl_8c9d85702b,boundary_blurred,1.0,0.9971977472305298
data\processed\crops\held_out\fake\dzwkmcwkwl_8c9d85702b,boundary_masked,1.0,0.9990660548210144
data\processed\crops\held_out\fake\dzwkmcwkwl_8c9d85702b,interior_masked,1.0,0.9995331764221191
data\processed\crops\held_out\fake\dzwkmcwkwl_8c9d85702b,random_masked,1.0,0.9954555034637451
data\processed\crops\held_out\fake\eahlqmfvtj_326698e6d8,original_reconstructed,1.0,0.9999816417694092
data\processed\crops\held_out\fake\eahlqmfvtj_326698e6d8,boundary_blurred,1.0,0.9999914169311523
data\processed\crops\held_out\fake\eahlqmfvtj_326698e6d8,boundary_masked,1.0,0.9999940395355225
data\processed\crops\held_out\fake\eahlqmfvtj_326698e6d8,interior_masked,1.0,0.9999587535858154
data\processed\crops\held_out\fake\eahlqmfvtj_326698e6d8,random_masked,1.0,0.9999446868896484
data\processed\crops\held_out\fake\eajlrktemq_f4bfcb4810,original_reconstructed,1.0,8.79220460774377e-05
data\processed\crops\held_out\fake\eajlrktemq_f4bfcb4810,boundary_blurred,1.0,0.0019390436355024576
data\processed\crops\held_out\fake\eajlrktemq_f4bfcb4810,boundary_masked,1.0,0.9951367974281311
data\processed\crops\held_out\fake\eajlrktemq_f4bfcb4810,interior_masked,1.0,0.9994698166847229
data\processed\crops\held_out\fake\eajlrktemq_f4bfcb4810,random_masked,1.0,0.08722284436225891
data\processed\crops\held_out\fake\ebchwmwayp_d62178fcfe,original_reconstructed,1.0,0.9585867524147034
data\processed\crops\held_out\fake\ebchwmwayp_d62178fcfe,boundary_blurred,1.0,0.9894999861717224
data\processed\crops\held_out\fake\ebchwmwayp_d62178fcfe,boundary_masked,1.0,0.9988400340080261
data\processed\crops\held_out\fake\ebchwmwayp_d62178fcfe,interior_masked,1.0,0.9994692206382751
data\processed\crops\held_out\fake\ebchwmwayp_d62178fcfe,random_masked,1.0,0.9985200762748718
data\processed\crops\held_out\fake\ebebgmtlcu_f6d2ca1010,original_reconstructed,1.0,0.9999953508377075
data\processed\crops\held_out\fake\ebebgmtlcu_f6d2ca1010,boundary_blurred,1.0,0.9999945163726807
data\processed\crops\held_out\fake\ebebgmtlcu_f6d2ca1010,boundary_masked,1.0,0.999995231628418
data\processed\crops\held_out\fake\ebebgmtlcu_f6d2ca1010,interior_masked,1.0,0.9999899864196777
data\processed\crops\held_out\fake\ebebgmtlcu_f6d2ca1010,random_masked,1.0,0.9999942779541016
data\processed\crops\held_out\fake\ebeknhudxq_ef693863d8,original_reconstructed,1.0,0.9996582269668579
data\processed\crops\held_out\fake\ebeknhudxq_ef693863d8,boundary_blurred,1.0,0.9999147653579712
data\processed\crops\held_out\fake\ebeknhudxq_ef693863d8,boundary_masked,1.0,0.9999525547027588
data\processed\crops\held_out\fake\ebeknhudxq_ef693863d8,interior_masked,1.0,0.9998443126678467
data\processed\crops\held_out\fake\ebeknhudxq_ef693863d8,random_masked,1.0,0.9997597336769104
data\processed\crops\held_out\fake\ebkzwjgjhq_917d26a8ec,original_reconstructed,1.0,0.07978662848472595
data\processed\crops\held_out\fake\ebkzwjgjhq_917d26a8ec,boundary_blurred,1.0,0.9982786178588867
data\processed\crops\held_out\fake\ebkzwjgjhq_917d26a8ec,boundary_masked,1.0,0.9996134638786316
data\processed\crops\held_out\fake\ebkzwjgjhq_917d26a8ec,interior_masked,1.0,0.9994774460792542
data\processed\crops\held_out\fake\ebkzwjgjhq_917d26a8ec,random_masked,1.0,0.9984930753707886
data\processed\crops\held_out\fake\ebywfrmhtd_15471d06dd,original_reconstructed,1.0,0.006974765099585056
data\processed\crops\held_out\fake\ebywfrmhtd_15471d06dd,boundary_blurred,1.0,0.16050788760185242
data\processed\crops\held_out\fake\ebywfrmhtd_15471d06dd,boundary_masked,1.0,0.6859573125839233
data\processed\crops\held_out\fake\ebywfrmhtd_15471d06dd,interior_masked,1.0,0.9995570778846741
data\processed\crops\held_out\fake\ebywfrmhtd_15471d06dd,random_masked,1.0,0.7341495752334595
data\processed\crops\held_out\fake\ecnihjlfyt_e28d1dbaef,original_reconstructed,1.0,0.9976217150688171
data\processed\crops\held_out\fake\ecnihjlfyt_e28d1dbaef,boundary_blurred,1.0,0.9997064471244812
data\processed\crops\held_out\fake\ecnihjlfyt_e28d1dbaef,boundary_masked,1.0,0.9997164607048035
data\processed\crops\held_out\fake\ecnihjlfyt_e28d1dbaef,interior_masked,1.0,0.999550998210907
data\processed\crops\held_out\fake\ecnihjlfyt_e28d1dbaef,random_masked,1.0,0.9996009469032288
data\processed\crops\held_out\fake\ecuvtoltue_6a5d3d7705,original_reconstructed,1.0,0.7979497313499451
data\processed\crops\held_out\fake\ecuvtoltue_6a5d3d7705,boundary_blurred,1.0,0.9917370676994324
data\processed\crops\held_out\fake\ecuvtoltue_6a5d3d7705,boundary_masked,1.0,0.9951946139335632
data\processed\crops\held_out\fake\ecuvtoltue_6a5d3d7705,interior_masked,1.0,0.9992535710334778
data\processed\crops\held_out\fake\ecuvtoltue_6a5d3d7705,random_masked,1.0,0.9797168374061584
data\processed\crops\held_out\fake\ecwaxgutkc_950ac7c0ba,original_reconstructed,1.0,0.9743285179138184
data\processed\crops\held_out\fake\ecwaxgutkc_950ac7c0ba,boundary_blurred,1.0,0.9992850422859192
data\processed\crops\held_out\fake\ecwaxgutkc_950ac7c0ba,boundary_masked,1.0,0.999267041683197
data\processed\crops\held_out\fake\ecwaxgutkc_950ac7c0ba,interior_masked,1.0,0.9980271458625793
data\processed\crops\held_out\fake\ecwaxgutkc_950ac7c0ba,random_masked,1.0,0.9963546991348267
data\processed\crops\held_out\fake\eczrseixwq_2f16fad242,original_reconstructed,1.0,0.9999881982803345
data\processed\crops\held_out\fake\eczrseixwq_2f16fad242,boundary_blurred,1.0,0.999995231628418
data\processed\crops\held_out\fake\eczrseixwq_2f16fad242,boundary_masked,1.0,0.9999949932098389
data\processed\crops\held_out\fake\eczrseixwq_2f16fad242,interior_masked,1.0,0.999941349029541
data\processed\crops\held_out\fake\eczrseixwq_2f16fad242,random_masked,1.0,0.9999902248382568
data\processed\crops\held_out\fake\eebrkicpry_a6650d25f5,original_reconstructed,1.0,0.8336895704269409
data\processed\crops\held_out\fake\eebrkicpry_a6650d25f5,boundary_blurred,1.0,0.9986349940299988
data\processed\crops\held_out\fake\eebrkicpry_a6650d25f5,boundary_masked,1.0,0.9969449639320374
data\processed\crops\held_out\fake\eebrkicpry_a6650d25f5,interior_masked,1.0,0.9995822310447693
data\processed\crops\held_out\fake\eebrkicpry_a6650d25f5,random_masked,1.0,0.9997010827064514
data\processed\crops\held_out\fake\eebserckhh_ecd096ac5f,original_reconstructed,1.0,0.999998927116394
data\processed\crops\held_out\fake\eebserckhh_ecd096ac5f,boundary_blurred,1.0,0.9999991655349731
data\processed\crops\held_out\fake\eebserckhh_ecd096ac5f,boundary_masked,1.0,0.9999977350234985
data\processed\crops\held_out\fake\eebserckhh_ecd096ac5f,interior_masked,1.0,0.9999774694442749
data\processed\crops\held_out\fake\eebserckhh_ecd096ac5f,random_masked,1.0,0.9999978542327881
data\processed\crops\held_out\fake\eejswgycjc_0923ea0b52,original_reconstructed,1.0,0.9999833106994629
data\processed\crops\held_out\fake\eejswgycjc_0923ea0b52,boundary_blurred,1.0,0.9999915361404419
data\processed\crops\held_out\fake\eejswgycjc_0923ea0b52,boundary_masked,1.0,0.9999951124191284
data\processed\crops\held_out\fake\eejswgycjc_0923ea0b52,interior_masked,1.0,0.9999778270721436
data\processed\crops\held_out\fake\eejswgycjc_0923ea0b52,random_masked,1.0,0.9999874830245972
data\processed\crops\held_out\fake\eekozbeafq_8b5facf770,original_reconstructed,1.0,0.9624994397163391
data\processed\crops\held_out\fake\eekozbeafq_8b5facf770,boundary_blurred,1.0,0.9972864389419556
data\processed\crops\held_out\fake\eekozbeafq_8b5facf770,boundary_masked,1.0,0.9970787763595581
data\processed\crops\held_out\fake\eekozbeafq_8b5facf770,interior_masked,1.0,0.9986819624900818
data\processed\crops\held_out\fake\eekozbeafq_8b5facf770,random_masked,1.0,0.9865837693214417
data\processed\crops\held_out\fake\eepezmygaq_66929a4864,original_reconstructed,1.0,0.2244119793176651
data\processed\crops\held_out\fake\eepezmygaq_66929a4864,boundary_blurred,1.0,0.9789971709251404
data\processed\crops\held_out\fake\eepezmygaq_66929a4864,boundary_masked,1.0,0.35655391216278076
data\processed\crops\held_out\fake\eepezmygaq_66929a4864,interior_masked,1.0,0.998171329498291
data\processed\crops\held_out\fake\eepezmygaq_66929a4864,random_masked,1.0,0.31555333733558655
data\processed\crops\held_out\fake\eeyhxisdfh_94e7734ac1,original_reconstructed,1.0,0.9999855756759644
data\processed\crops\held_out\fake\eeyhxisdfh_94e7734ac1,boundary_blurred,1.0,0.9999914169311523
data\processed\crops\held_out\fake\eeyhxisdfh_94e7734ac1,boundary_masked,1.0,0.9999910593032837
data\processed\crops\held_out\fake\eeyhxisdfh_94e7734ac1,interior_masked,1.0,0.9999587535858154
data\processed\crops\held_out\fake\eeyhxisdfh_94e7734ac1,random_masked,1.0,0.9999685287475586
data\processed\crops\held_out\fake\efdyrflcpg_8b86c5ff0e,original_reconstructed,1.0,0.007324307691305876
data\processed\crops\held_out\fake\efdyrflcpg_8b86c5ff0e,boundary_blurred,1.0,0.30097195506095886
data\processed\crops\held_out\fake\efdyrflcpg_8b86c5ff0e,boundary_masked,1.0,0.2832982838153839
data\processed\crops\held_out\fake\efdyrflcpg_8b86c5ff0e,interior_masked,1.0,0.9992641806602478
data\processed\crops\held_out\fake\efdyrflcpg_8b86c5ff0e,random_masked,1.0,0.06635738164186478
data\processed\crops\held_out\fake\egbbcxcuqy_10f856a9b7,original_reconstructed,1.0,0.999618649482727
data\processed\crops\held_out\fake\egbbcxcuqy_10f856a9b7,boundary_blurred,1.0,0.9999023675918579
data\processed\crops\held_out\fake\egbbcxcuqy_10f856a9b7,boundary_masked,1.0,0.9999246597290039
data\processed\crops\held_out\fake\egbbcxcuqy_10f856a9b7,interior_masked,1.0,0.9996299743652344
data\processed\crops\held_out\fake\egbbcxcuqy_10f856a9b7,random_masked,1.0,0.9996229410171509
data\processed\crops\held_out\fake\ehbnclaukr_00cccad34e,original_reconstructed,1.0,0.9584205150604248
data\processed\crops\held_out\fake\ehbnclaukr_00cccad34e,boundary_blurred,1.0,0.967348575592041
data\processed\crops\held_out\fake\ehbnclaukr_00cccad34e,boundary_masked,1.0,0.9804344773292542
data\processed\crops\held_out\fake\ehbnclaukr_00cccad34e,interior_masked,1.0,0.998814582824707
data\processed\crops\held_out\fake\ehbnclaukr_00cccad34e,random_masked,1.0,0.9566921591758728
data\processed\crops\held_out\fake\ehdkmxgtxh_72f80b05b1,original_reconstructed,1.0,0.996512234210968
data\processed\crops\held_out\fake\ehdkmxgtxh_72f80b05b1,boundary_blurred,1.0,0.9990737438201904
data\processed\crops\held_out\fake\ehdkmxgtxh_72f80b05b1,boundary_masked,1.0,0.9992824196815491
data\processed\crops\held_out\fake\ehdkmxgtxh_72f80b05b1,interior_masked,1.0,0.9996403455734253
data\processed\crops\held_out\fake\ehdkmxgtxh_72f80b05b1,random_masked,1.0,0.9986730813980103
data\processed\crops\held_out\fake\ehevsxtecd_3a48b7c1cd,original_reconstructed,1.0,0.9999818801879883
data\processed\crops\held_out\fake\ehevsxtecd_3a48b7c1cd,boundary_blurred,1.0,0.9999926090240479
data\processed\crops\held_out\fake\ehevsxtecd_3a48b7c1cd,boundary_masked,1.0,0.9999610185623169
data\processed\crops\held_out\fake\ehevsxtecd_3a48b7c1cd,interior_masked,1.0,0.9999653100967407
data\processed\crops\held_out\fake\ehevsxtecd_3a48b7c1cd,random_masked,1.0,0.9999890327453613
data\processed\crops\held_out\fake\ehfiekigla_79a53c2cbd,original_reconstructed,1.0,0.9998049139976501
data\processed\crops\held_out\fake\ehfiekigla_79a53c2cbd,boundary_blurred,1.0,0.9999022483825684
data\processed\crops\held_out\fake\ehfiekigla_79a53c2cbd,boundary_masked,1.0,0.9998593330383301
data\processed\crops\held_out\fake\ehfiekigla_79a53c2cbd,interior_masked,1.0,0.999491810798645
data\processed\crops\held_out\fake\ehfiekigla_79a53c2cbd,random_masked,1.0,0.9997408986091614
data\processed\crops\held_out\fake\ehieahnhte_46c30f9a24,original_reconstructed,1.0,0.9999473094940186
data\processed\crops\held_out\fake\ehieahnhte_46c30f9a24,boundary_blurred,1.0,0.9999840259552002
data\processed\crops\held_out\fake\ehieahnhte_46c30f9a24,boundary_masked,1.0,0.9999270439147949
data\processed\crops\held_out\fake\ehieahnhte_46c30f9a24,interior_masked,1.0,0.9998138546943665
data\processed\crops\held_out\fake\ehieahnhte_46c30f9a24,random_masked,1.0,0.9998406171798706
data\processed\crops\held_out\fake\eiriyukqqy_320eb97ab7,original_reconstructed,1.0,0.9984726309776306
data\processed\crops\held_out\fake\eiriyukqqy_320eb97ab7,boundary_blurred,1.0,0.9997500777244568
data\processed\crops\held_out\fake\eiriyukqqy_320eb97ab7,boundary_masked,1.0,0.9999269247055054
data\processed\crops\held_out\fake\eiriyukqqy_320eb97ab7,interior_masked,1.0,0.9995977282524109
data\processed\crops\held_out\fake\eiriyukqqy_320eb97ab7,random_masked,1.0,0.9996882677078247
data\processed\crops\held_out\fake\eivxffliio_db4de0db01,original_reconstructed,1.0,6.943153130123392e-05
data\processed\crops\held_out\fake\eivxffliio_db4de0db01,boundary_blurred,1.0,0.00013990049774292856
data\processed\crops\held_out\fake\eivxffliio_db4de0db01,boundary_masked,1.0,0.011441473849117756
data\processed\crops\held_out\fake\eivxffliio_db4de0db01,interior_masked,1.0,0.9994231462478638
data\processed\crops\held_out\fake\eivxffliio_db4de0db01,random_masked,1.0,0.000743410550057888
data\processed\crops\held_out\fake\eiwopxzjfn_12ead2265e,original_reconstructed,1.0,0.9998189806938171
data\processed\crops\held_out\fake\eiwopxzjfn_12ead2265e,boundary_blurred,1.0,0.9999855756759644
data\processed\crops\held_out\fake\eiwopxzjfn_12ead2265e,boundary_masked,1.0,0.9998462200164795
data\processed\crops\held_out\fake\eiwopxzjfn_12ead2265e,interior_masked,1.0,0.9984233379364014
data\processed\crops\held_out\fake\eiwopxzjfn_12ead2265e,random_masked,1.0,0.9996090531349182
data\processed\crops\held_out\fake\eixwxvxbbn_16acc1bfba,original_reconstructed,1.0,0.9999827146530151
data\processed\crops\held_out\fake\eixwxvxbbn_16acc1bfba,boundary_blurred,1.0,0.9999915361404419
data\processed\crops\held_out\fake\eixwxvxbbn_16acc1bfba,boundary_masked,1.0,0.9999902248382568
data\processed\crops\held_out\fake\eixwxvxbbn_16acc1bfba,interior_masked,1.0,0.999923586845398
data\processed\crops\held_out\fake\eixwxvxbbn_16acc1bfba,random_masked,1.0,0.9999709129333496
data\processed\crops\held_out\fake\ejkqesyvam_d1a900f452,original_reconstructed,1.0,0.004904509522020817
data\processed\crops\held_out\fake\ejkqesyvam_d1a900f452,boundary_blurred,1.0,0.9834375381469727
data\processed\crops\held_out\fake\ejkqesyvam_d1a900f452,boundary_masked,1.0,0.9998238682746887
data\processed\crops\held_out\fake\ejkqesyvam_d1a900f452,interior_masked,1.0,0.9994317889213562
data\processed\crops\held_out\fake\ejkqesyvam_d1a900f452,random_masked,1.0,0.9677324891090393
data\processed\crops\held_out\fake\ekhacizpah_d851bfb459,original_reconstructed,1.0,3.61774509656243e-05
data\processed\crops\held_out\fake\ekhacizpah_d851bfb459,boundary_blurred,1.0,0.0009572792914696038
data\processed\crops\held_out\fake\ekhacizpah_d851bfb459,boundary_masked,1.0,0.32431700825691223
data\processed\crops\held_out\fake\ekhacizpah_d851bfb459,interior_masked,1.0,0.9996943473815918
data\processed\crops\held_out\fake\ekhacizpah_d851bfb459,random_masked,1.0,0.00014745201042387635
data\processed\crops\held_out\fake\ekkdjkirzq_116da905c3,original_reconstructed,1.0,0.15526418387889862
data\processed\crops\held_out\fake\ekkdjkirzq_116da905c3,boundary_blurred,1.0,0.9997001886367798
data\processed\crops\held_out\fake\ekkdjkirzq_116da905c3,boundary_masked,1.0,0.9992751479148865
data\processed\crops\held_out\fake\ekkdjkirzq_116da905c3,interior_masked,1.0,0.9992650151252747
data\processed\crops\held_out\fake\ekkdjkirzq_116da905c3,random_masked,1.0,0.9946434497833252
data\processed\crops\held_out\fake\elginszwtk_7edd555b1b,original_reconstructed,1.0,0.9649366140365601
data\processed\crops\held_out\fake\elginszwtk_7edd555b1b,boundary_blurred,1.0,0.9587109684944153
data\processed\crops\held_out\fake\elginszwtk_7edd555b1b,boundary_masked,1.0,0.9933712482452393
data\processed\crops\held_out\fake\elginszwtk_7edd555b1b,interior_masked,1.0,0.9976814985275269
data\processed\crops\held_out\fake\elginszwtk_7edd555b1b,random_masked,1.0,0.9798837304115295
data\processed\crops\held_out\fake\elvvackpjh_233620b83d,original_reconstructed,1.0,0.9987640380859375
data\processed\crops\held_out\fake\elvvackpjh_233620b83d,boundary_blurred,1.0,0.9992334842681885
data\processed\crops\held_out\fake\elvvackpjh_233620b83d,boundary_masked,1.0,0.9998225569725037
data\processed\crops\held_out\fake\elvvackpjh_233620b83d,interior_masked,1.0,0.9995027780532837
data\processed\crops\held_out\fake\elvvackpjh_233620b83d,random_masked,1.0,0.9995895028114319
data\processed\crops\held_out\fake\emaalmsonj_5cfa08a081,original_reconstructed,1.0,0.9984076619148254
data\processed\crops\held_out\fake\emaalmsonj_5cfa08a081,boundary_blurred,1.0,0.9994271993637085
data\processed\crops\held_out\fake\emaalmsonj_5cfa08a081,boundary_masked,1.0,0.9995748400688171
data\processed\crops\held_out\fake\emaalmsonj_5cfa08a081,interior_masked,1.0,0.9982068538665771
data\processed\crops\held_out\fake\emaalmsonj_5cfa08a081,random_masked,1.0,0.9991182684898376
data\processed\crops\held_out\fake\emfbhytfhc_cb1d988375,original_reconstructed,1.0,0.9980553388595581
data\processed\crops\held_out\fake\emfbhytfhc_cb1d988375,boundary_blurred,1.0,0.9994619488716125
data\processed\crops\held_out\fake\emfbhytfhc_cb1d988375,boundary_masked,1.0,0.9998811483383179
data\processed\crops\held_out\fake\emfbhytfhc_cb1d988375,interior_masked,1.0,0.999653697013855
data\processed\crops\held_out\fake\emfbhytfhc_cb1d988375,random_masked,1.0,0.9997394680976868
data\processed\crops\held_out\fake\emgjphonqb_c386051db2,original_reconstructed,1.0,0.0173483956605196
data\processed\crops\held_out\fake\emgjphonqb_c386051db2,boundary_blurred,1.0,0.9977007508277893
data\processed\crops\held_out\fake\emgjphonqb_c386051db2,boundary_masked,1.0,0.9936901330947876
data\processed\crops\held_out\fake\emgjphonqb_c386051db2,interior_masked,1.0,0.9991968274116516
data\processed\crops\held_out\fake\emgjphonqb_c386051db2,random_masked,1.0,0.9980083107948303
data\processed\crops\held_out\fake\ensyyivobf_b22b6e9389,original_reconstructed,1.0,0.08512462675571442
data\processed\crops\held_out\fake\ensyyivobf_b22b6e9389,boundary_blurred,1.0,0.9261230826377869
data\processed\crops\held_out\fake\ensyyivobf_b22b6e9389,boundary_masked,1.0,0.9848568439483643
data\processed\crops\held_out\fake\ensyyivobf_b22b6e9389,interior_masked,1.0,0.9987220168113708
data\processed\crops\held_out\fake\ensyyivobf_b22b6e9389,random_masked,1.0,0.9702824354171753
data\processed\crops\held_out\fake\eoewqcpbgt_251e10963b,original_reconstructed,1.0,0.9999667406082153
data\processed\crops\held_out\fake\eoewqcpbgt_251e10963b,boundary_blurred,1.0,0.9999667406082153
data\processed\crops\held_out\fake\eoewqcpbgt_251e10963b,boundary_masked,1.0,0.9999667406082153
data\processed\crops\held_out\fake\eoewqcpbgt_251e10963b,interior_masked,1.0,0.9999667406082153
data\processed\crops\held_out\fake\eoewqcpbgt_251e10963b,random_masked,1.0,0.9999667406082153
data\processed\crops\held_out\fake\eprybmbpba_ed0217512d,original_reconstructed,1.0,0.9999518394470215
data\processed\crops\held_out\fake\eprybmbpba_ed0217512d,boundary_blurred,1.0,0.9999682903289795
data\processed\crops\held_out\fake\eprybmbpba_ed0217512d,boundary_masked,1.0,0.9999775886535645
data\processed\crops\held_out\fake\eprybmbpba_ed0217512d,interior_masked,1.0,0.999828577041626
data\processed\crops\held_out\fake\eprybmbpba_ed0217512d,random_masked,1.0,0.9999377727508545
data\processed\crops\held_out\fake\epymyyiblu_29bccd136b,original_reconstructed,1.0,0.9999691247940063
data\processed\crops\held_out\fake\epymyyiblu_29bccd136b,boundary_blurred,1.0,0.9999749660491943
data\processed\crops\held_out\fake\epymyyiblu_29bccd136b,boundary_masked,1.0,0.9999642372131348
data\processed\crops\held_out\fake\epymyyiblu_29bccd136b,interior_masked,1.0,0.9999449253082275
data\processed\crops\held_out\fake\epymyyiblu_29bccd136b,random_masked,1.0,0.9999591112136841
data\processed\crops\held_out\fake\eqjscdagiv_2a069282df,original_reconstructed,1.0,0.8001599907875061
data\processed\crops\held_out\fake\eqjscdagiv_2a069282df,boundary_blurred,1.0,0.992313802242279
data\processed\crops\held_out\fake\eqjscdagiv_2a069282df,boundary_masked,1.0,0.9986457228660583
data\processed\crops\held_out\fake\eqjscdagiv_2a069282df,interior_masked,1.0,0.9992638230323792
data\processed\crops\held_out\fake\eqjscdagiv_2a069282df,random_masked,1.0,0.9918755292892456
data\processed\crops\held_out\fake\eqvuznuwsa_e491223e1f,original_reconstructed,1.0,0.5508073568344116
data\processed\crops\held_out\fake\eqvuznuwsa_e491223e1f,boundary_blurred,1.0,0.1713092178106308
data\processed\crops\held_out\fake\eqvuznuwsa_e491223e1f,boundary_masked,1.0,0.6398236751556396
data\processed\crops\held_out\fake\eqvuznuwsa_e491223e1f,interior_masked,1.0,0.9991024732589722
data\processed\crops\held_out\fake\eqvuznuwsa_e491223e1f,random_masked,1.0,0.9992654919624329
data\processed\crops\held_out\fake\erqgqacbqe_5f9c2ba634,original_reconstructed,1.0,0.9995245933532715
data\processed\crops\held_out\fake\erqgqacbqe_5f9c2ba634,boundary_blurred,1.0,0.9999417066574097
data\processed\crops\held_out\fake\erqgqacbqe_5f9c2ba634,boundary_masked,1.0,0.9999598264694214
data\processed\crops\held_out\fake\erqgqacbqe_5f9c2ba634,interior_masked,1.0,0.9999357461929321
data\processed\crops\held_out\fake\erqgqacbqe_5f9c2ba634,random_masked,1.0,0.9999489784240723
data\processed\crops\held_out\fake\errocgcham_5e11577b11,original_reconstructed,1.0,0.13660675287246704
data\processed\crops\held_out\fake\errocgcham_5e11577b11,boundary_blurred,1.0,0.8938869833946228
data\processed\crops\held_out\fake\errocgcham_5e11577b11,boundary_masked,1.0,0.9988289475440979
data\processed\crops\held_out\fake\errocgcham_5e11577b11,interior_masked,1.0,0.9995293617248535
data\processed\crops\held_out\fake\errocgcham_5e11577b11,random_masked,1.0,0.9495086669921875
data\processed\crops\held_out\fake\esckbnkkvb_01034948b3,original_reconstructed,1.0,0.016928087919950485
data\processed\crops\held_out\fake\esckbnkkvb_01034948b3,boundary_blurred,1.0,0.9966277480125427
data\processed\crops\held_out\fake\esckbnkkvb_01034948b3,boundary_masked,1.0,0.2549542188644409
data\processed\crops\held_out\fake\esckbnkkvb_01034948b3,interior_masked,1.0,0.999212384223938
data\processed\crops\held_out\fake\esckbnkkvb_01034948b3,random_masked,1.0,0.9053276777267456
data\processed\crops\held_out\fake\esgftaficx_30cffd868b,original_reconstructed,1.0,0.02784097008407116
data\processed\crops\held_out\fake\esgftaficx_30cffd868b,boundary_blurred,1.0,0.9840278625488281
data\processed\crops\held_out\fake\esgftaficx_30cffd868b,boundary_masked,1.0,0.9961825013160706
data\processed\crops\held_out\fake\esgftaficx_30cffd868b,interior_masked,1.0,0.9994114637374878
data\processed\crops\held_out\fake\esgftaficx_30cffd868b,random_masked,1.0,0.9951997995376587
data\processed\crops\held_out\fake\esnntzzajv_c4566d7a9f,original_reconstructed,1.0,0.9958217144012451
data\processed\crops\held_out\fake\esnntzzajv_c4566d7a9f,boundary_blurred,1.0,0.9997223019599915
data\processed\crops\held_out\fake\esnntzzajv_c4566d7a9f,boundary_masked,1.0,0.9994807839393616
data\processed\crops\held_out\fake\esnntzzajv_c4566d7a9f,interior_masked,1.0,0.9983376264572144
data\processed\crops\held_out\fake\esnntzzajv_c4566d7a9f,random_masked,1.0,0.9980508089065552
data\processed\crops\held_out\fake\esxrvsgpvb_1e883a4c9f,original_reconstructed,1.0,0.004139167722314596
data\processed\crops\held_out\fake\esxrvsgpvb_1e883a4c9f,boundary_blurred,1.0,0.8865752816200256
data\processed\crops\held_out\fake\esxrvsgpvb_1e883a4c9f,boundary_masked,1.0,0.9782000184059143
data\processed\crops\held_out\fake\esxrvsgpvb_1e883a4c9f,interior_masked,1.0,0.9996427297592163
data\processed\crops\held_out\fake\esxrvsgpvb_1e883a4c9f,random_masked,1.0,0.9845230579376221
data\processed\crops\held_out\fake\esyhwdfnxs_31f229d131,original_reconstructed,1.0,0.999966025352478
data\processed\crops\held_out\fake\esyhwdfnxs_31f229d131,boundary_blurred,1.0,0.999966025352478
data\processed\crops\held_out\fake\esyhwdfnxs_31f229d131,boundary_masked,1.0,0.999966025352478
data\processed\crops\held_out\fake\esyhwdfnxs_31f229d131,interior_masked,1.0,0.999966025352478
data\processed\crops\held_out\fake\esyhwdfnxs_31f229d131,random_masked,1.0,0.999966025352478
data\processed\crops\held_out\fake\esyrimvzsa_3bd1b8d0a4,original_reconstructed,1.0,0.9999938011169434
data\processed\crops\held_out\fake\esyrimvzsa_3bd1b8d0a4,boundary_blurred,1.0,0.9999960660934448
data\processed\crops\held_out\fake\esyrimvzsa_3bd1b8d0a4,boundary_masked,1.0,0.9999958276748657
data\processed\crops\held_out\fake\esyrimvzsa_3bd1b8d0a4,interior_masked,1.0,0.999988317489624
data\processed\crops\held_out\fake\esyrimvzsa_3bd1b8d0a4,random_masked,1.0,0.9999922513961792
data\processed\crops\held_out\fake\etdcqxabww_596d32c15f,original_reconstructed,1.0,0.9521793723106384
data\processed\crops\held_out\fake\etdcqxabww_596d32c15f,boundary_blurred,1.0,0.965251088142395
data\processed\crops\held_out\fake\etdcqxabww_596d32c15f,boundary_masked,1.0,0.9989175796508789
data\processed\crops\held_out\fake\etdcqxabww_596d32c15f,interior_masked,1.0,0.9984959363937378
data\processed\crops\held_out\fake\etdcqxabww_596d32c15f,random_masked,1.0,0.9583352208137512
data\processed\crops\held_out\fake\etejaapnxh_7784381f5f,original_reconstructed,1.0,0.8117098212242126
data\processed\crops\held_out\fake\etejaapnxh_7784381f5f,boundary_blurred,1.0,0.9995831847190857
data\processed\crops\held_out\fake\etejaapnxh_7784381f5f,boundary_masked,1.0,0.9985906481742859
data\processed\crops\held_out\fake\etejaapnxh_7784381f5f,interior_masked,1.0,0.9998629093170166
data\processed\crops\held_out\fake\etejaapnxh_7784381f5f,random_masked,1.0,0.9932924509048462
data\processed\crops\held_out\fake\etmcruaihe_97cf45cf77,original_reconstructed,1.0,0.0009290198213420808
data\processed\crops\held_out\fake\etmcruaihe_97cf45cf77,boundary_blurred,1.0,0.0012213668087497354
data\processed\crops\held_out\fake\etmcruaihe_97cf45cf77,boundary_masked,1.0,0.0012601796770468354
data\processed\crops\held_out\fake\etmcruaihe_97cf45cf77,interior_masked,1.0,0.999757707118988
data\processed\crops\held_out\fake\etmcruaihe_97cf45cf77,random_masked,1.0,0.139774888753891
data\processed\crops\held_out\fake\etohcvnzbj_ba283bd24a,original_reconstructed,1.0,8.586814510636032e-05
data\processed\crops\held_out\fake\etohcvnzbj_ba283bd24a,boundary_blurred,1.0,0.0054978192783892155
data\processed\crops\held_out\fake\etohcvnzbj_ba283bd24a,boundary_masked,1.0,0.9944189786911011
data\processed\crops\held_out\fake\etohcvnzbj_ba283bd24a,interior_masked,1.0,0.9997852444648743
data\processed\crops\held_out\fake\etohcvnzbj_ba283bd24a,random_masked,1.0,0.028139181435108185
data\processed\crops\held_out\fake\eukvucdetx_77dabf4ec9,original_reconstructed,1.0,0.9999852180480957
data\processed\crops\held_out\fake\eukvucdetx_77dabf4ec9,boundary_blurred,1.0,0.9999754428863525
data\processed\crops\held_out\fake\eukvucdetx_77dabf4ec9,boundary_masked,1.0,0.9999771118164062
data\processed\crops\held_out\fake\eukvucdetx_77dabf4ec9,interior_masked,1.0,0.9990750551223755
data\processed\crops\held_out\fake\eukvucdetx_77dabf4ec9,random_masked,1.0,0.9999692440032959
