Using device: cuda

[Data Distribution] Real: 2786  Fake: 8358  Total: 11144
[Val set] 10786 videos
[Manipulation types] ['real', 'faceswap', 'faceswap-wav2lip', 'fsgan', 'fsgan-wav2lip', 'rtvc', 'wav2lip', 'video_retalking', 'unknown_fake']

[DataLoader] batch_size=8 num_workers=4
Starting Stage A Training (frozen backbone, cached features)...
  Batch 10/1393 | Loss: 1.5267 (bce=1.1060 aux_ce=1.0519)
  Batch 20/1393 | Loss: 1.5235 (bce=0.8804 aux_ce=1.6077)
  Batch 30/1393 | Loss: 1.3697 (bce=0.7897 aux_ce=1.4500)
  Batch 40/1393 | Loss: 1.4685 (bce=0.8981 aux_ce=1.4261)
  Batch 50/1393 | Loss: 1.7247 (bce=1.3348 aux_ce=0.9749)
  Batch 60/1393 | Loss: 1.0478 (bce=0.7613 aux_ce=0.7164)
  Batch 70/1393 | Loss: 1.6632 (bce=1.0941 aux_ce=1.4228)
  Batch 80/1393 | Loss: 1.0944 (bce=0.7504 aux_ce=0.8600)
  Batch 90/1393 | Loss: 1.4092 (bce=1.0192 aux_ce=0.9750)
  Batch 100/1393 | Loss: 1.2581 (bce=0.8434 aux_ce=1.0368)
  Batch 110/1393 | Loss: 1.2315 (bce=0.7444 aux_ce=1.2176)
  Batch 120/1393 | Loss: 1.5374 (bce=0.9545 aux_ce=1.4572)
  Batch 130/1393 | Loss: 0.8270 (bce=0.5945 aux_ce=0.5813)
  Batch 140/1393 | Loss: 0.5656 (bce=0.3113 aux_ce=0.6356)
  Batch 150/1393 | Loss: 1.5688 (bce=1.0744 aux_ce=1.2361)
  Batch 160/1393 | Loss: 1.4759 (bce=1.0672 aux_ce=1.0218)
  Batch 170/1393 | Loss: 1.6392 (bce=1.1188 aux_ce=1.3012)
  Batch 180/1393 | Loss: 0.5754 (bce=0.3202 aux_ce=0.6380)
  Batch 190/1393 | Loss: 0.8538 (bce=0.5184 aux_ce=0.8384)
  Batch 200/1393 | Loss: 1.6938 (bce=1.2171 aux_ce=1.1918)
  Batch 210/1393 | Loss: 0.6774 (bce=0.2554 aux_ce=1.0549)
  Batch 220/1393 | Loss: 0.9953 (bce=0.7103 aux_ce=0.7124)
  Batch 230/1393 | Loss: 0.8657 (bce=0.5687 aux_ce=0.7423)
  Batch 240/1393 | Loss: 0.9074 (bce=0.6892 aux_ce=0.5456)
  Batch 250/1393 | Loss: 0.3206 (bce=0.1871 aux_ce=0.3337)
  Batch 260/1393 | Loss: 0.7705 (bce=0.4750 aux_ce=0.7388)
  Batch 270/1393 | Loss: 0.6007 (bce=0.4311 aux_ce=0.4242)
  Batch 280/1393 | Loss: 0.4827 (bce=0.2479 aux_ce=0.5871)
  Batch 290/1393 | Loss: 1.4987 (bce=1.0110 aux_ce=1.2194)
  Batch 300/1393 | Loss: 1.0559 (bce=0.7306 aux_ce=0.8132)
  Batch 310/1393 | Loss: 0.9078 (bce=0.6544 aux_ce=0.6337)
  Batch 320/1393 | Loss: 2.1177 (bce=1.6057 aux_ce=1.2801)
  Batch 330/1393 | Loss: 0.9789 (bce=0.7215 aux_ce=0.6436)
  Batch 340/1393 | Loss: 0.3207 (bce=0.2089 aux_ce=0.2796)
  Batch 350/1393 | Loss: 0.6046 (bce=0.3514 aux_ce=0.6330)
  Batch 360/1393 | Loss: 0.3745 (bce=0.2361 aux_ce=0.3460)
  Batch 370/1393 | Loss: 0.3220 (bce=0.1872 aux_ce=0.3368)
  Batch 380/1393 | Loss: 0.7021 (bce=0.3485 aux_ce=0.8838)
  Batch 390/1393 | Loss: 0.7819 (bce=0.3601 aux_ce=1.0545)
  Batch 400/1393 | Loss: 0.9550 (bce=0.5080 aux_ce=1.1176)
  Batch 410/1393 | Loss: 0.5151 (bce=0.2984 aux_ce=0.5418)
  Batch 420/1393 | Loss: 0.5585 (bce=0.2343 aux_ce=0.8105)
  Batch 430/1393 | Loss: 0.6831 (bce=0.5486 aux_ce=0.3363)
  Batch 440/1393 | Loss: 1.0707 (bce=0.7617 aux_ce=0.7727)
  Batch 450/1393 | Loss: 0.3080 (bce=0.2304 aux_ce=0.1941)
  Batch 460/1393 | Loss: 0.3526 (bce=0.1630 aux_ce=0.4740)
  Batch 470/1393 | Loss: 0.4934 (bce=0.2598 aux_ce=0.5841)
  Batch 480/1393 | Loss: 0.5864 (bce=0.3768 aux_ce=0.5239)
  Batch 490/1393 | Loss: 0.8865 (bce=0.4923 aux_ce=0.9855)
  Batch 500/1393 | Loss: 0.4543 (bce=0.2982 aux_ce=0.3902)
  Batch 510/1393 | Loss: 0.8677 (bce=0.4778 aux_ce=0.9746)
  Batch 520/1393 | Loss: 0.6010 (bce=0.4912 aux_ce=0.2744)
  Batch 530/1393 | Loss: 0.4284 (bce=0.3005 aux_ce=0.3197)
  Batch 540/1393 | Loss: 0.8539 (bce=0.4760 aux_ce=0.9446)
  Batch 550/1393 | Loss: 0.4004 (bce=0.2848 aux_ce=0.2890)
  Batch 560/1393 | Loss: 0.5230 (bce=0.3047 aux_ce=0.5457)
  Batch 570/1393 | Loss: 0.8007 (bce=0.5728 aux_ce=0.5697)
  Batch 580/1393 | Loss: 0.7022 (bce=0.4503 aux_ce=0.6300)
  Batch 590/1393 | Loss: 0.3299 (bce=0.1654 aux_ce=0.4113)
  Batch 600/1393 | Loss: 0.1925 (bce=0.0744 aux_ce=0.2953)
  Batch 610/1393 | Loss: 1.7529 (bce=1.2229 aux_ce=1.3249)
  Batch 620/1393 | Loss: 0.7544 (bce=0.5528 aux_ce=0.5040)
  Batch 630/1393 | Loss: 0.6045 (bce=0.4747 aux_ce=0.3246)
  Batch 640/1393 | Loss: 1.1890 (bce=0.9291 aux_ce=0.6497)
  Batch 650/1393 | Loss: 0.6108 (bce=0.3202 aux_ce=0.7266)
  Batch 660/1393 | Loss: 0.8319 (bce=0.5085 aux_ce=0.8085)
  Batch 670/1393 | Loss: 0.8100 (bce=0.5433 aux_ce=0.6668)
  Batch 680/1393 | Loss: 0.5127 (bce=0.2947 aux_ce=0.5449)
  Batch 690/1393 | Loss: 0.9834 (bce=0.5486 aux_ce=1.0872)
  Batch 700/1393 | Loss: 1.9419 (bce=1.5841 aux_ce=0.8947)
  Batch 710/1393 | Loss: 0.8419 (bce=0.3388 aux_ce=1.2576)
  Batch 720/1393 | Loss: 0.8848 (bce=0.6750 aux_ce=0.5247)
  Batch 730/1393 | Loss: 1.3336 (bce=1.0000 aux_ce=0.8342)
  Batch 740/1393 | Loss: 0.7059 (bce=0.5163 aux_ce=0.4740)
  Batch 750/1393 | Loss: 0.3065 (bce=0.1119 aux_ce=0.4863)
  Batch 760/1393 | Loss: 0.4657 (bce=0.1774 aux_ce=0.7207)
  Batch 770/1393 | Loss: 0.4090 (bce=0.1405 aux_ce=0.6711)
  Batch 780/1393 | Loss: 0.5193 (bce=0.3908 aux_ce=0.3211)
  Batch 790/1393 | Loss: 0.4288 (bce=0.2832 aux_ce=0.3640)
  Batch 800/1393 | Loss: 0.4010 (bce=0.2634 aux_ce=0.3441)
  Batch 810/1393 | Loss: 1.4170 (bce=0.8971 aux_ce=1.2997)
  Batch 820/1393 | Loss: 0.3813 (bce=0.1043 aux_ce=0.6925)
  Batch 830/1393 | Loss: 0.6409 (bce=0.3174 aux_ce=0.8089)
  Batch 840/1393 | Loss: 0.5590 (bce=0.3292 aux_ce=0.5743)
  Batch 850/1393 | Loss: 0.1849 (bce=0.0951 aux_ce=0.2243)
  Batch 860/1393 | Loss: 0.2004 (bce=0.1062 aux_ce=0.2355)
  Batch 870/1393 | Loss: 1.0827 (bce=0.6513 aux_ce=1.0786)
  Batch 880/1393 | Loss: 0.8949 (bce=0.6569 aux_ce=0.5952)
  Batch 890/1393 | Loss: 0.4648 (bce=0.2347 aux_ce=0.5754)
  Batch 900/1393 | Loss: 0.7616 (bce=0.4287 aux_ce=0.8323)
  Batch 910/1393 | Loss: 0.5414 (bce=0.3556 aux_ce=0.4643)
  Batch 920/1393 | Loss: 1.2762 (bce=0.8495 aux_ce=1.0669)
  Batch 930/1393 | Loss: 0.7767 (bce=0.5024 aux_ce=0.6858)
  Batch 940/1393 | Loss: 0.3668 (bce=0.2683 aux_ce=0.2463)
  Batch 950/1393 | Loss: 1.6767 (bce=1.2716 aux_ce=1.0126)
  Batch 960/1393 | Loss: 0.5886 (bce=0.4110 aux_ce=0.4440)
  Batch 970/1393 | Loss: 0.9021 (bce=0.6150 aux_ce=0.7176)
  Batch 980/1393 | Loss: 0.8907 (bce=0.6616 aux_ce=0.5726)
  Batch 990/1393 | Loss: 0.7144 (bce=0.3692 aux_ce=0.8632)
  Batch 1000/1393 | Loss: 1.1270 (bce=0.8219 aux_ce=0.7627)
  Batch 1010/1393 | Loss: 1.1476 (bce=0.6949 aux_ce=1.1316)
  Batch 1020/1393 | Loss: 0.4574 (bce=0.2165 aux_ce=0.6022)
  Batch 1030/1393 | Loss: 0.3235 (bce=0.0623 aux_ce=0.6531)
  Batch 1040/1393 | Loss: 0.7588 (bce=0.5754 aux_ce=0.4586)
  Batch 1050/1393 | Loss: 0.7266 (bce=0.3118 aux_ce=1.0371)
  Batch 1060/1393 | Loss: 0.6772 (bce=0.4149 aux_ce=0.6556)
  Batch 1070/1393 | Loss: 0.4140 (bce=0.3164 aux_ce=0.2442)
  Batch 1080/1393 | Loss: 0.3834 (bce=0.1825 aux_ce=0.5024)
  Batch 1090/1393 | Loss: 1.2462 (bce=0.9498 aux_ce=0.7411)
  Batch 1100/1393 | Loss: 0.8573 (bce=0.6668 aux_ce=0.4761)
  Batch 1110/1393 | Loss: 0.4686 (bce=0.2322 aux_ce=0.5910)
  Batch 1120/1393 | Loss: 0.9267 (bce=0.5441 aux_ce=0.9564)
  Batch 1130/1393 | Loss: 0.4567 (bce=0.2907 aux_ce=0.4151)
  Batch 1140/1393 | Loss: 1.4905 (bce=1.1032 aux_ce=0.9681)
  Batch 1150/1393 | Loss: 0.7366 (bce=0.5428 aux_ce=0.4845)
  Batch 1160/1393 | Loss: 0.6054 (bce=0.3998 aux_ce=0.5141)
  Batch 1170/1393 | Loss: 0.3591 (bce=0.2226 aux_ce=0.3411)
  Batch 1180/1393 | Loss: 0.3443 (bce=0.1575 aux_ce=0.4671)
  Batch 1190/1393 | Loss: 0.2759 (bce=0.1376 aux_ce=0.3456)
  Batch 1200/1393 | Loss: 0.3693 (bce=0.1948 aux_ce=0.4361)
  Batch 1210/1393 | Loss: 0.7867 (bce=0.5264 aux_ce=0.6509)
  Batch 1220/1393 | Loss: 0.3202 (bce=0.2432 aux_ce=0.1925)
  Batch 1230/1393 | Loss: 0.1218 (bce=0.0771 aux_ce=0.1116)
  Batch 1240/1393 | Loss: 1.3604 (bce=0.9532 aux_ce=1.0180)
  Batch 1250/1393 | Loss: 0.1296 (bce=0.0891 aux_ce=0.1014)
  Batch 1260/1393 | Loss: 0.3341 (bce=0.1156 aux_ce=0.5462)
  Batch 1270/1393 | Loss: 0.4895 (bce=0.2294 aux_ce=0.6503)
  Batch 1280/1393 | Loss: 0.1703 (bce=0.0848 aux_ce=0.2139)
  Batch 1290/1393 | Loss: 0.7998 (bce=0.6138 aux_ce=0.4649)
  Batch 1300/1393 | Loss: 0.6999 (bce=0.5067 aux_ce=0.4830)
  Batch 1310/1393 | Loss: 0.2424 (bce=0.0873 aux_ce=0.3877)
  Batch 1320/1393 | Loss: 0.5024 (bce=0.2360 aux_ce=0.6660)
  Batch 1330/1393 | Loss: 0.4145 (bce=0.2351 aux_ce=0.4486)
  Batch 1340/1393 | Loss: 0.3171 (bce=0.1112 aux_ce=0.5146)
  Batch 1350/1393 | Loss: 0.1861 (bce=0.1215 aux_ce=0.1617)
  Batch 1360/1393 | Loss: 1.7238 (bce=1.1233 aux_ce=1.5012)
  Batch 1370/1393 | Loss: 0.5921 (bce=0.2479 aux_ce=0.8605)
  Batch 1380/1393 | Loss: 0.6864 (bce=0.4786 aux_ce=0.5196)
  Batch 1390/1393 | Loss: 0.9238 (bce=0.7076 aux_ce=0.5403)
Epoch 1 | Train Loss: 0.8460 | Train Acc: 0.8358 | Val AUC: 0.9846
Saved checkpoint: models\stageA_checkpoint_epoch1.pth
  New best val AUC: 0.9846 - saved stageA_best_model.pth
  Batch 10/1393 | Loss: 0.5808 (bce=0.4554 aux_ce=0.3135)
  Batch 20/1393 | Loss: 0.5414 (bce=0.2852 aux_ce=0.6404)
  Batch 30/1393 | Loss: 0.5573 (bce=0.4123 aux_ce=0.3626)
  Batch 40/1393 | Loss: 0.6432 (bce=0.3833 aux_ce=0.6496)
  Batch 50/1393 | Loss: 0.5138 (bce=0.3479 aux_ce=0.4149)
  Batch 60/1393 | Loss: 0.2890 (bce=0.0610 aux_ce=0.5701)
  Batch 70/1393 | Loss: 1.4693 (bce=1.1894 aux_ce=0.6999)
  Batch 80/1393 | Loss: 0.5114 (bce=0.3841 aux_ce=0.3183)
  Batch 90/1393 | Loss: 2.0721 (bce=1.4959 aux_ce=1.4405)
  Batch 100/1393 | Loss: 0.2706 (bce=0.1419 aux_ce=0.3219)
  Batch 110/1393 | Loss: 0.3267 (bce=0.2790 aux_ce=0.1192)
  Batch 120/1393 | Loss: 0.3073 (bce=0.2130 aux_ce=0.2357)
  Batch 130/1393 | Loss: 0.5092 (bce=0.1945 aux_ce=0.7865)
  Batch 140/1393 | Loss: 0.4136 (bce=0.2787 aux_ce=0.3373)
  Batch 150/1393 | Loss: 0.3316 (bce=0.1682 aux_ce=0.4085)
  Batch 160/1393 | Loss: 0.1950 (bce=0.0328 aux_ce=0.4056)
  Batch 170/1393 | Loss: 0.3634 (bce=0.2618 aux_ce=0.2540)
  Batch 180/1393 | Loss: 0.2857 (bce=0.1266 aux_ce=0.3977)
  Batch 190/1393 | Loss: 0.3389 (bce=0.1815 aux_ce=0.3935)
  Batch 200/1393 | Loss: 0.4783 (bce=0.1951 aux_ce=0.7081)
  Batch 210/1393 | Loss: 0.7200 (bce=0.6003 aux_ce=0.2993)
  Batch 220/1393 | Loss: 0.4328 (bce=0.2350 aux_ce=0.4945)
  Batch 230/1393 | Loss: 0.4357 (bce=0.3246 aux_ce=0.2778)
  Batch 240/1393 | Loss: 0.7854 (bce=0.4334 aux_ce=0.8800)
  Batch 250/1393 | Loss: 0.1846 (bce=0.0689 aux_ce=0.2892)
  Batch 260/1393 | Loss: 0.4732 (bce=0.3826 aux_ce=0.2264)
  Batch 270/1393 | Loss: 0.3755 (bce=0.1686 aux_ce=0.5172)
  Batch 280/1393 | Loss: 0.5171 (bce=0.3908 aux_ce=0.3158)
  Batch 290/1393 | Loss: 0.3247 (bce=0.0653 aux_ce=0.6484)
  Batch 300/1393 | Loss: 0.2774 (bce=0.1893 aux_ce=0.2202)
  Batch 310/1393 | Loss: 1.2884 (bce=1.0263 aux_ce=0.6552)
  Batch 320/1393 | Loss: 0.3617 (bce=0.1651 aux_ce=0.4916)
  Batch 330/1393 | Loss: 0.3440 (bce=0.1108 aux_ce=0.5831)
  Batch 340/1393 | Loss: 0.9377 (bce=0.6227 aux_ce=0.7874)
  Batch 350/1393 | Loss: 0.4653 (bce=0.2552 aux_ce=0.5255)
  Batch 360/1393 | Loss: 0.7253 (bce=0.4644 aux_ce=0.6521)
  Batch 370/1393 | Loss: 1.3755 (bce=1.0784 aux_ce=0.7428)
  Batch 380/1393 | Loss: 0.2715 (bce=0.0921 aux_ce=0.4484)
  Batch 390/1393 | Loss: 0.4161 (bce=0.0374 aux_ce=0.9466)
  Batch 400/1393 | Loss: 0.5429 (bce=0.3647 aux_ce=0.4454)
  Batch 410/1393 | Loss: 0.1178 (bce=0.0458 aux_ce=0.1801)
  Batch 420/1393 | Loss: 0.0903 (bce=0.0490 aux_ce=0.1034)
  Batch 430/1393 | Loss: 0.2905 (bce=0.2330 aux_ce=0.1436)
  Batch 440/1393 | Loss: 0.2507 (bce=0.1416 aux_ce=0.2726)
  Batch 450/1393 | Loss: 0.3147 (bce=0.2265 aux_ce=0.2205)
  Batch 460/1393 | Loss: 0.1810 (bce=0.1529 aux_ce=0.0703)
  Batch 470/1393 | Loss: 1.1884 (bce=0.8905 aux_ce=0.7449)
  Batch 480/1393 | Loss: 0.3881 (bce=0.2924 aux_ce=0.2394)
  Batch 490/1393 | Loss: 0.4951 (bce=0.2525 aux_ce=0.6065)
  Batch 500/1393 | Loss: 0.4581 (bce=0.2730 aux_ce=0.4627)
  Batch 510/1393 | Loss: 0.0749 (bce=0.0236 aux_ce=0.1281)
  Batch 520/1393 | Loss: 1.2385 (bce=0.8197 aux_ce=1.0468)
  Batch 530/1393 | Loss: 0.8881 (bce=0.4230 aux_ce=1.1630)
  Batch 540/1393 | Loss: 0.5803 (bce=0.4282 aux_ce=0.3802)
  Batch 550/1393 | Loss: 0.5236 (bce=0.4172 aux_ce=0.2661)
  Batch 560/1393 | Loss: 0.2756 (bce=0.0756 aux_ce=0.4999)
  Batch 570/1393 | Loss: 0.2947 (bce=0.1910 aux_ce=0.2590)
  Batch 580/1393 | Loss: 0.5460 (bce=0.3698 aux_ce=0.4407)
  Batch 590/1393 | Loss: 0.2408 (bce=0.1804 aux_ce=0.1509)
  Batch 600/1393 | Loss: 0.9761 (bce=0.7584 aux_ce=0.5443)
  Batch 610/1393 | Loss: 0.6294 (bce=0.4490 aux_ce=0.4510)
  Batch 620/1393 | Loss: 0.1150 (bce=0.0801 aux_ce=0.0873)
  Batch 630/1393 | Loss: 0.4372 (bce=0.2779 aux_ce=0.3984)
  Batch 640/1393 | Loss: 0.3643 (bce=0.2238 aux_ce=0.3514)
  Batch 650/1393 | Loss: 0.2435 (bce=0.1253 aux_ce=0.2954)
  Batch 660/1393 | Loss: 0.2344 (bce=0.0372 aux_ce=0.4930)
  Batch 670/1393 | Loss: 0.1385 (bce=0.0224 aux_ce=0.2902)
  Batch 680/1393 | Loss: 0.2747 (bce=0.2180 aux_ce=0.1416)
  Batch 690/1393 | Loss: 0.7675 (bce=0.6019 aux_ce=0.4141)
  Batch 700/1393 | Loss: 0.2357 (bce=0.1330 aux_ce=0.2569)
  Batch 710/1393 | Loss: 0.5232 (bce=0.4130 aux_ce=0.2754)
  Batch 720/1393 | Loss: 0.4778 (bce=0.2786 aux_ce=0.4981)
  Batch 730/1393 | Loss: 0.6667 (bce=0.4492 aux_ce=0.5436)
  Batch 740/1393 | Loss: 0.1928 (bce=0.0747 aux_ce=0.2953)
  Batch 750/1393 | Loss: 0.2198 (bce=0.1730 aux_ce=0.1168)
  Batch 760/1393 | Loss: 0.4778 (bce=0.2924 aux_ce=0.4636)
  Batch 770/1393 | Loss: 0.5858 (bce=0.3339 aux_ce=0.6296)
  Batch 780/1393 | Loss: 0.1649 (bce=0.1254 aux_ce=0.0987)
  Batch 790/1393 | Loss: 0.5410 (bce=0.2012 aux_ce=0.8495)
  Batch 800/1393 | Loss: 0.0963 (bce=0.0676 aux_ce=0.0718)
  Batch 810/1393 | Loss: 0.6431 (bce=0.4762 aux_ce=0.4174)
  Batch 820/1393 | Loss: 0.2801 (bce=0.0769 aux_ce=0.5078)
  Batch 830/1393 | Loss: 0.2166 (bce=0.1164 aux_ce=0.2505)
  Batch 840/1393 | Loss: 0.1388 (bce=0.1016 aux_ce=0.0931)
  Batch 850/1393 | Loss: 0.1060 (bce=0.0172 aux_ce=0.2221)
  Batch 860/1393 | Loss: 0.3495 (bce=0.2200 aux_ce=0.3239)
  Batch 870/1393 | Loss: 0.4725 (bce=0.2318 aux_ce=0.6019)
  Batch 880/1393 | Loss: 0.3315 (bce=0.2444 aux_ce=0.2176)
  Batch 890/1393 | Loss: 0.3914 (bce=0.2869 aux_ce=0.2612)
  Batch 900/1393 | Loss: 0.2091 (bce=0.0353 aux_ce=0.4345)
  Batch 910/1393 | Loss: 0.1920 (bce=0.0300 aux_ce=0.4050)
  Batch 920/1393 | Loss: 0.1169 (bce=0.0175 aux_ce=0.2484)
  Batch 930/1393 | Loss: 0.1716 (bce=0.1120 aux_ce=0.1492)
  Batch 940/1393 | Loss: 0.6616 (bce=0.3895 aux_ce=0.6803)
  Batch 950/1393 | Loss: 0.5614 (bce=0.4252 aux_ce=0.3404)
  Batch 960/1393 | Loss: 0.3171 (bce=0.1830 aux_ce=0.3353)
  Batch 970/1393 | Loss: 0.4292 (bce=0.3151 aux_ce=0.2853)
  Batch 980/1393 | Loss: 0.1086 (bce=0.0776 aux_ce=0.0775)
  Batch 990/1393 | Loss: 0.3495 (bce=0.1529 aux_ce=0.4916)
  Batch 1000/1393 | Loss: 0.2051 (bce=0.1324 aux_ce=0.1817)
  Batch 1010/1393 | Loss: 0.1078 (bce=0.0310 aux_ce=0.1920)
  Batch 1020/1393 | Loss: 0.0611 (bce=0.0394 aux_ce=0.0544)
  Batch 1030/1393 | Loss: 0.8181 (bce=0.6808 aux_ce=0.3433)
  Batch 1040/1393 | Loss: 0.8372 (bce=0.7307 aux_ce=0.2664)
  Batch 1050/1393 | Loss: 0.2900 (bce=0.1954 aux_ce=0.2366)
  Batch 1060/1393 | Loss: 1.4571 (bce=1.2126 aux_ce=0.6112)
  Batch 1070/1393 | Loss: 0.3239 (bce=0.0533 aux_ce=0.6766)
  Batch 1080/1393 | Loss: 1.5706 (bce=1.1338 aux_ce=1.0920)
  Batch 1090/1393 | Loss: 0.4654 (bce=0.3644 aux_ce=0.2524)
  Batch 1100/1393 | Loss: 0.1384 (bce=0.0676 aux_ce=0.1770)
  Batch 1110/1393 | Loss: 0.0792 (bce=0.0296 aux_ce=0.1241)
  Batch 1120/1393 | Loss: 0.3209 (bce=0.0472 aux_ce=0.6843)
  Batch 1130/1393 | Loss: 0.1591 (bce=0.1097 aux_ce=0.1236)
  Batch 1140/1393 | Loss: 0.3541 (bce=0.1980 aux_ce=0.3901)
  Batch 1150/1393 | Loss: 0.6997 (bce=0.4953 aux_ce=0.5110)
  Batch 1160/1393 | Loss: 1.0415 (bce=0.7996 aux_ce=0.6046)
  Batch 1170/1393 | Loss: 0.7378 (bce=0.5658 aux_ce=0.4299)
  Batch 1180/1393 | Loss: 0.1339 (bce=0.1099 aux_ce=0.0601)
  Batch 1190/1393 | Loss: 0.7106 (bce=0.4649 aux_ce=0.6141)
  Batch 1200/1393 | Loss: 0.4052 (bce=0.2071 aux_ce=0.4953)
  Batch 1210/1393 | Loss: 0.3445 (bce=0.2120 aux_ce=0.3314)
  Batch 1220/1393 | Loss: 0.2022 (bce=0.0568 aux_ce=0.3635)
  Batch 1230/1393 | Loss: 0.1729 (bce=0.0576 aux_ce=0.2883)
  Batch 1240/1393 | Loss: 0.1165 (bce=0.0883 aux_ce=0.0704)
  Batch 1250/1393 | Loss: 0.1160 (bce=0.0484 aux_ce=0.1689)
  Batch 1260/1393 | Loss: 0.4567 (bce=0.3878 aux_ce=0.1721)
  Batch 1270/1393 | Loss: 0.4967 (bce=0.2897 aux_ce=0.5174)
  Batch 1280/1393 | Loss: 0.3014 (bce=0.2522 aux_ce=0.1232)
  Batch 1290/1393 | Loss: 0.2815 (bce=0.1216 aux_ce=0.3998)
  Batch 1300/1393 | Loss: 0.4885 (bce=0.4260 aux_ce=0.1561)
  Batch 1310/1393 | Loss: 0.1686 (bce=0.0904 aux_ce=0.1956)
  Batch 1320/1393 | Loss: 0.2831 (bce=0.0657 aux_ce=0.5436)
  Batch 1330/1393 | Loss: 1.4878 (bce=1.1292 aux_ce=0.8965)
  Batch 1340/1393 | Loss: 1.4891 (bce=1.0696 aux_ce=1.0486)
  Batch 1350/1393 | Loss: 0.2990 (bce=0.1906 aux_ce=0.2710)
  Batch 1360/1393 | Loss: 0.3239 (bce=0.2344 aux_ce=0.2239)
  Batch 1370/1393 | Loss: 0.0828 (bce=0.0250 aux_ce=0.1446)
  Batch 1380/1393 | Loss: 0.9843 (bce=0.6200 aux_ce=0.9108)
  Batch 1390/1393 | Loss: 0.7819 (bce=0.6988 aux_ce=0.2078)
Epoch 2 | Train Loss: 0.4951 | Train Acc: 0.9167 | Val AUC: 0.9874
Saved checkpoint: models\stageA_checkpoint_epoch2.pth
  New best val AUC: 0.9874 - saved stageA_best_model.pth
  Batch 10/1393 | Loss: 0.2057 (bce=0.1654 aux_ce=0.1008)
  Batch 20/1393 | Loss: 0.1820 (bce=0.1274 aux_ce=0.1365)
  Batch 30/1393 | Loss: 0.1386 (bce=0.0353 aux_ce=0.2582)
  Batch 40/1393 | Loss: 0.2019 (bce=0.1319 aux_ce=0.1750)
  Batch 50/1393 | Loss: 1.2550 (bce=1.0217 aux_ce=0.5834)
  Batch 60/1393 | Loss: 0.1586 (bce=0.1250 aux_ce=0.0840)
  Batch 70/1393 | Loss: 0.8135 (bce=0.6217 aux_ce=0.4795)
  Batch 80/1393 | Loss: 1.1488 (bce=0.8894 aux_ce=0.6484)
  Batch 90/1393 | Loss: 0.1673 (bce=0.1310 aux_ce=0.0907)
  Batch 100/1393 | Loss: 0.2585 (bce=0.1357 aux_ce=0.3069)
  Batch 110/1393 | Loss: 0.5615 (bce=0.3573 aux_ce=0.5106)
  Batch 120/1393 | Loss: 1.1188 (bce=0.8264 aux_ce=0.7310)
  Batch 130/1393 | Loss: 0.5368 (bce=0.2918 aux_ce=0.6125)
  Batch 140/1393 | Loss: 0.3453 (bce=0.1452 aux_ce=0.5004)
  Batch 150/1393 | Loss: 0.4438 (bce=0.3561 aux_ce=0.2192)
  Batch 160/1393 | Loss: 0.3903 (bce=0.1774 aux_ce=0.5322)
  Batch 170/1393 | Loss: 0.5225 (bce=0.3992 aux_ce=0.3081)
  Batch 180/1393 | Loss: 0.3344 (bce=0.2570 aux_ce=0.1934)
  Batch 190/1393 | Loss: 0.1565 (bce=0.0618 aux_ce=0.2366)
  Batch 200/1393 | Loss: 0.4314 (bce=0.3633 aux_ce=0.1702)
  Batch 210/1393 | Loss: 0.7297 (bce=0.4970 aux_ce=0.5818)
  Batch 220/1393 | Loss: 0.1398 (bce=0.0816 aux_ce=0.1457)
  Batch 230/1393 | Loss: 0.2707 (bce=0.1155 aux_ce=0.3881)
  Batch 240/1393 | Loss: 0.2144 (bce=0.0383 aux_ce=0.4401)
  Batch 250/1393 | Loss: 0.2480 (bce=0.0103 aux_ce=0.5942)
  Batch 260/1393 | Loss: 0.3260 (bce=0.2848 aux_ce=0.1030)
  Batch 270/1393 | Loss: 0.1761 (bce=0.1011 aux_ce=0.1874)
  Batch 280/1393 | Loss: 0.1113 (bce=0.0848 aux_ce=0.0663)
  Batch 290/1393 | Loss: 0.2224 (bce=0.0787 aux_ce=0.3593)
  Batch 300/1393 | Loss: 1.6475 (bce=1.3010 aux_ce=0.8661)
  Batch 310/1393 | Loss: 0.1420 (bce=0.1003 aux_ce=0.1043)
  Batch 320/1393 | Loss: 0.0682 (bce=0.0410 aux_ce=0.0678)
  Batch 330/1393 | Loss: 0.2646 (bce=0.0880 aux_ce=0.4415)
  Batch 340/1393 | Loss: 0.1746 (bce=0.1016 aux_ce=0.1826)
  Batch 350/1393 | Loss: 0.7738 (bce=0.0309 aux_ce=1.8574)
  Batch 360/1393 | Loss: 0.1019 (bce=0.0848 aux_ce=0.0427)
  Batch 370/1393 | Loss: 0.0443 (bce=0.0394 aux_ce=0.0122)
  Batch 380/1393 | Loss: 0.1589 (bce=0.1058 aux_ce=0.1327)
  Batch 390/1393 | Loss: 0.2512 (bce=0.1164 aux_ce=0.3369)
  Batch 400/1393 | Loss: 0.2848 (bce=0.0222 aux_ce=0.6566)
  Batch 410/1393 | Loss: 0.5656 (bce=0.3068 aux_ce=0.6471)
  Batch 420/1393 | Loss: 0.6422 (bce=0.5156 aux_ce=0.3167)
  Batch 430/1393 | Loss: 0.4641 (bce=0.3026 aux_ce=0.4038)
  Batch 440/1393 | Loss: 0.5954 (bce=0.4107 aux_ce=0.4616)
  Batch 450/1393 | Loss: 0.0394 (bce=0.0136 aux_ce=0.0646)
  Batch 460/1393 | Loss: 0.1397 (bce=0.0418 aux_ce=0.2447)
  Batch 470/1393 | Loss: 0.3689 (bce=0.2499 aux_ce=0.2976)
  Batch 480/1393 | Loss: 0.0831 (bce=0.0628 aux_ce=0.0508)
  Batch 490/1393 | Loss: 0.5246 (bce=0.4104 aux_ce=0.2854)
  Batch 500/1393 | Loss: 0.3436 (bce=0.3023 aux_ce=0.1033)
  Batch 510/1393 | Loss: 0.3178 (bce=0.0179 aux_ce=0.7498)
  Batch 520/1393 | Loss: 0.0809 (bce=0.0391 aux_ce=0.1047)
  Batch 530/1393 | Loss: 0.5244 (bce=0.3157 aux_ce=0.5217)
  Batch 540/1393 | Loss: 0.1004 (bce=0.0681 aux_ce=0.0807)
  Batch 550/1393 | Loss: 0.1050 (bce=0.0791 aux_ce=0.0648)
  Batch 560/1393 | Loss: 0.6959 (bce=0.5180 aux_ce=0.4448)
  Batch 570/1393 | Loss: 0.1808 (bce=0.0957 aux_ce=0.2127)
  Batch 580/1393 | Loss: 0.8353 (bce=0.5224 aux_ce=0.7822)
  Batch 590/1393 | Loss: 0.1740 (bce=0.0276 aux_ce=0.3659)
  Batch 600/1393 | Loss: 0.0586 (bce=0.0455 aux_ce=0.0327)
  Batch 610/1393 | Loss: 0.0891 (bce=0.0275 aux_ce=0.1541)
  Batch 620/1393 | Loss: 0.1668 (bce=0.0203 aux_ce=0.3665)
  Batch 630/1393 | Loss: 0.3709 (bce=0.2914 aux_ce=0.1988)
  Batch 640/1393 | Loss: 0.0397 (bce=0.0081 aux_ce=0.0788)
  Batch 650/1393 | Loss: 0.0810 (bce=0.0167 aux_ce=0.1606)
  Batch 660/1393 | Loss: 0.0907 (bce=0.0611 aux_ce=0.0739)
  Batch 670/1393 | Loss: 0.7571 (bce=0.5666 aux_ce=0.4762)
  Batch 680/1393 | Loss: 0.4914 (bce=0.3437 aux_ce=0.3694)
  Batch 690/1393 | Loss: 1.2597 (bce=0.9943 aux_ce=0.6636)
  Batch 700/1393 | Loss: 0.8231 (bce=0.5961 aux_ce=0.5674)
  Batch 710/1393 | Loss: 0.3561 (bce=0.1649 aux_ce=0.4780)
  Batch 720/1393 | Loss: 0.1878 (bce=0.1622 aux_ce=0.0640)
  Batch 730/1393 | Loss: 0.7693 (bce=0.3669 aux_ce=1.0061)
  Batch 740/1393 | Loss: 0.1303 (bce=0.0834 aux_ce=0.1172)
  Batch 750/1393 | Loss: 0.3968 (bce=0.2998 aux_ce=0.2426)
  Batch 760/1393 | Loss: 0.1129 (bce=0.0832 aux_ce=0.0741)
  Batch 770/1393 | Loss: 0.0740 (bce=0.0423 aux_ce=0.0792)
  Batch 780/1393 | Loss: 0.4447 (bce=0.2309 aux_ce=0.5345)
  Batch 790/1393 | Loss: 0.3582 (bce=0.1865 aux_ce=0.4293)
  Batch 800/1393 | Loss: 0.4140 (bce=0.2514 aux_ce=0.4064)
  Batch 810/1393 | Loss: 0.2328 (bce=0.0388 aux_ce=0.4849)
  Batch 820/1393 | Loss: 0.1900 (bce=0.1362 aux_ce=0.1343)
  Batch 830/1393 | Loss: 0.2498 (bce=0.1762 aux_ce=0.1840)
  Batch 840/1393 | Loss: 1.2510 (bce=1.0637 aux_ce=0.4683)
  Batch 850/1393 | Loss: 0.1123 (bce=0.0880 aux_ce=0.0608)
  Batch 860/1393 | Loss: 0.4039 (bce=0.2872 aux_ce=0.2919)
  Batch 870/1393 | Loss: 0.0629 (bce=0.0495 aux_ce=0.0335)
  Batch 880/1393 | Loss: 0.8935 (bce=0.7008 aux_ce=0.4818)
  Batch 890/1393 | Loss: 0.0805 (bce=0.0196 aux_ce=0.1521)
  Batch 900/1393 | Loss: 0.1132 (bce=0.0757 aux_ce=0.0938)
  Batch 910/1393 | Loss: 0.4541 (bce=0.2980 aux_ce=0.3903)
  Batch 920/1393 | Loss: 0.0478 (bce=0.0220 aux_ce=0.0644)
  Batch 930/1393 | Loss: 0.3761 (bce=0.2815 aux_ce=0.2367)
  Batch 940/1393 | Loss: 0.4287 (bce=0.0294 aux_ce=0.9982)
  Batch 950/1393 | Loss: 0.2471 (bce=0.0672 aux_ce=0.4496)
  Batch 960/1393 | Loss: 0.4088 (bce=0.2776 aux_ce=0.3281)
  Batch 970/1393 | Loss: 0.0963 (bce=0.0241 aux_ce=0.1807)
  Batch 980/1393 | Loss: 1.1881 (bce=0.9540 aux_ce=0.5853)
  Batch 990/1393 | Loss: 0.2923 (bce=0.1557 aux_ce=0.3415)
  Batch 1000/1393 | Loss: 0.0280 (bce=0.0071 aux_ce=0.0524)
  Batch 1010/1393 | Loss: 0.3237 (bce=0.2469 aux_ce=0.1919)
  Batch 1020/1393 | Loss: 0.3518 (bce=0.2238 aux_ce=0.3200)
  Batch 1030/1393 | Loss: 0.0691 (bce=0.0205 aux_ce=0.1217)
  Batch 1040/1393 | Loss: 0.0529 (bce=0.0403 aux_ce=0.0314)
  Batch 1050/1393 | Loss: 0.0994 (bce=0.0502 aux_ce=0.1231)
  Batch 1060/1393 | Loss: 0.4614 (bce=0.3569 aux_ce=0.2613)
  Batch 1070/1393 | Loss: 0.0789 (bce=0.0293 aux_ce=0.1242)
  Batch 1080/1393 | Loss: 0.0683 (bce=0.0372 aux_ce=0.0778)
  Batch 1090/1393 | Loss: 0.2748 (bce=0.0403 aux_ce=0.5861)
  Batch 1100/1393 | Loss: 0.1134 (bce=0.0243 aux_ce=0.2228)
  Batch 1110/1393 | Loss: 0.2902 (bce=0.2016 aux_ce=0.2216)
  Batch 1120/1393 | Loss: 0.3289 (bce=0.2663 aux_ce=0.1564)
  Batch 1130/1393 | Loss: 0.1782 (bce=0.1506 aux_ce=0.0690)
  Batch 1140/1393 | Loss: 0.4180 (bce=0.3157 aux_ce=0.2559)
  Batch 1150/1393 | Loss: 0.3182 (bce=0.2145 aux_ce=0.2594)
  Batch 1160/1393 | Loss: 0.2230 (bce=0.0684 aux_ce=0.3867)
  Batch 1170/1393 | Loss: 0.0869 (bce=0.0716 aux_ce=0.0383)
  Batch 1180/1393 | Loss: 0.2806 (bce=0.1756 aux_ce=0.2625)
  Batch 1190/1393 | Loss: 0.6704 (bce=0.5271 aux_ce=0.3582)
  Batch 1200/1393 | Loss: 0.1115 (bce=0.0218 aux_ce=0.2242)
  Batch 1210/1393 | Loss: 0.1782 (bce=0.0113 aux_ce=0.4171)
  Batch 1220/1393 | Loss: 1.8064 (bce=1.4759 aux_ce=0.8261)
  Batch 1230/1393 | Loss: 1.6413 (bce=1.2415 aux_ce=0.9994)
  Batch 1240/1393 | Loss: 0.0626 (bce=0.0217 aux_ce=0.1023)
  Batch 1250/1393 | Loss: 0.1731 (bce=0.1019 aux_ce=0.1781)
  Batch 1260/1393 | Loss: 0.4476 (bce=0.3291 aux_ce=0.2962)
  Batch 1270/1393 | Loss: 0.1747 (bce=0.0626 aux_ce=0.2803)
  Batch 1280/1393 | Loss: 0.0940 (bce=0.0150 aux_ce=0.1973)
  Batch 1290/1393 | Loss: 0.5639 (bce=0.2976 aux_ce=0.6659)
  Batch 1300/1393 | Loss: 0.1512 (bce=0.0093 aux_ce=0.3549)
  Batch 1310/1393 | Loss: 0.4980 (bce=0.3871 aux_ce=0.2773)
  Batch 1320/1393 | Loss: 0.3249 (bce=0.2453 aux_ce=0.1989)
  Batch 1330/1393 | Loss: 1.2402 (bce=1.0070 aux_ce=0.5831)
  Batch 1340/1393 | Loss: 0.1312 (bce=0.0266 aux_ce=0.2616)
  Batch 1350/1393 | Loss: 0.0871 (bce=0.0374 aux_ce=0.1242)
  Batch 1360/1393 | Loss: 0.1709 (bce=0.0461 aux_ce=0.3121)
  Batch 1370/1393 | Loss: 0.9976 (bce=0.8098 aux_ce=0.4695)
  Batch 1380/1393 | Loss: 0.2193 (bce=0.1227 aux_ce=0.2415)
  Batch 1390/1393 | Loss: 0.1440 (bce=0.0696 aux_ce=0.1860)
Epoch 3 | Train Loss: 0.3644 | Train Acc: 0.9401 | Val AUC: 0.9943
Saved checkpoint: models\stageA_checkpoint_epoch3.pth
  New best val AUC: 0.9943 - saved stageA_best_model.pth
  Batch 10/1393 | Loss: 0.1802 (bce=0.0921 aux_ce=0.2200)
  Batch 20/1393 | Loss: 0.1192 (bce=0.1022 aux_ce=0.0425)
  Batch 30/1393 | Loss: 0.0806 (bce=0.0128 aux_ce=0.1695)
  Batch 40/1393 | Loss: 0.5408 (bce=0.4447 aux_ce=0.2402)
  Batch 50/1393 | Loss: 0.1065 (bce=0.0760 aux_ce=0.0762)
  Batch 60/1393 | Loss: 0.1587 (bce=0.0762 aux_ce=0.2063)
  Batch 70/1393 | Loss: 0.4234 (bce=0.2678 aux_ce=0.3892)
  Batch 80/1393 | Loss: 0.0752 (bce=0.0408 aux_ce=0.0862)
  Batch 90/1393 | Loss: 0.0245 (bce=0.0199 aux_ce=0.0115)
  Batch 100/1393 | Loss: 0.1949 (bce=0.1675 aux_ce=0.0686)
  Batch 110/1393 | Loss: 1.4196 (bce=1.1057 aux_ce=0.7847)
  Batch 120/1393 | Loss: 0.7018 (bce=0.3297 aux_ce=0.9303)
  Batch 130/1393 | Loss: 1.3385 (bce=0.8921 aux_ce=1.1159)
  Batch 140/1393 | Loss: 0.8655 (bce=0.5931 aux_ce=0.6810)
  Batch 150/1393 | Loss: 0.3309 (bce=0.0416 aux_ce=0.7232)
  Batch 160/1393 | Loss: 0.6593 (bce=0.4635 aux_ce=0.4896)
  Batch 170/1393 | Loss: 0.1489 (bce=0.1218 aux_ce=0.0678)
  Batch 180/1393 | Loss: 0.0701 (bce=0.0359 aux_ce=0.0857)
  Batch 190/1393 | Loss: 0.5959 (bce=0.3347 aux_ce=0.6531)
  Batch 200/1393 | Loss: 0.4335 (bce=0.2445 aux_ce=0.4725)
  Batch 210/1393 | Loss: 0.1436 (bce=0.0295 aux_ce=0.2853)
  Batch 220/1393 | Loss: 0.4127 (bce=0.3187 aux_ce=0.2350)
  Batch 230/1393 | Loss: 0.1406 (bce=0.0239 aux_ce=0.2920)
  Batch 240/1393 | Loss: 0.0748 (bce=0.0281 aux_ce=0.1168)
  Batch 250/1393 | Loss: 0.0832 (bce=0.0558 aux_ce=0.0684)
  Batch 260/1393 | Loss: 0.2953 (bce=0.2183 aux_ce=0.1924)
  Batch 270/1393 | Loss: 0.2594 (bce=0.2203 aux_ce=0.0977)
  Batch 280/1393 | Loss: 0.0864 (bce=0.0225 aux_ce=0.1596)
  Batch 290/1393 | Loss: 0.0466 (bce=0.0246 aux_ce=0.0549)
  Batch 300/1393 | Loss: 0.3111 (bce=0.2469 aux_ce=0.1604)
  Batch 310/1393 | Loss: 0.2034 (bce=0.0732 aux_ce=0.3254)
  Batch 320/1393 | Loss: 0.0303 (bce=0.0161 aux_ce=0.0354)
  Batch 330/1393 | Loss: 0.0351 (bce=0.0073 aux_ce=0.0694)
  Batch 340/1393 | Loss: 0.2451 (bce=0.2042 aux_ce=0.1022)
  Batch 350/1393 | Loss: 0.3395 (bce=0.0373 aux_ce=0.7555)
  Batch 360/1393 | Loss: 0.1291 (bce=0.0146 aux_ce=0.2861)
  Batch 370/1393 | Loss: 0.0675 (bce=0.0459 aux_ce=0.0541)
  Batch 380/1393 | Loss: 0.0788 (bce=0.0607 aux_ce=0.0454)
  Batch 390/1393 | Loss: 0.4163 (bce=0.3284 aux_ce=0.2197)
  Batch 400/1393 | Loss: 0.3426 (bce=0.1508 aux_ce=0.4797)
  Batch 410/1393 | Loss: 0.1330 (bce=0.1008 aux_ce=0.0807)
  Batch 420/1393 | Loss: 0.3908 (bce=0.2686 aux_ce=0.3054)
  Batch 430/1393 | Loss: 0.0896 (bce=0.0156 aux_ce=0.1851)
  Batch 440/1393 | Loss: 0.0589 (bce=0.0403 aux_ce=0.0464)
  Batch 450/1393 | Loss: 0.4013 (bce=0.2525 aux_ce=0.3718)
  Batch 460/1393 | Loss: 0.8192 (bce=0.5758 aux_ce=0.6084)
  Batch 470/1393 | Loss: 0.7033 (bce=0.5490 aux_ce=0.3858)
  Batch 480/1393 | Loss: 0.0941 (bce=0.0325 aux_ce=0.1540)
  Batch 490/1393 | Loss: 0.4822 (bce=0.3541 aux_ce=0.3201)
  Batch 500/1393 | Loss: 0.4796 (bce=0.3604 aux_ce=0.2981)
  Batch 510/1393 | Loss: 0.2719 (bce=0.2266 aux_ce=0.1132)
  Batch 520/1393 | Loss: 0.1082 (bce=0.0186 aux_ce=0.2240)
  Batch 530/1393 | Loss: 0.5758 (bce=0.4140 aux_ce=0.4045)
  Batch 540/1393 | Loss: 0.0970 (bce=0.0855 aux_ce=0.0287)
  Batch 550/1393 | Loss: 0.4892 (bce=0.2112 aux_ce=0.6952)
  Batch 560/1393 | Loss: 0.0432 (bce=0.0228 aux_ce=0.0510)
  Batch 570/1393 | Loss: 0.1445 (bce=0.1155 aux_ce=0.0723)
  Batch 580/1393 | Loss: 1.1484 (bce=0.9506 aux_ce=0.4945)
  Batch 590/1393 | Loss: 0.0668 (bce=0.0246 aux_ce=0.1053)
  Batch 600/1393 | Loss: 0.8568 (bce=0.5761 aux_ce=0.7017)
  Batch 610/1393 | Loss: 0.1695 (bce=0.0872 aux_ce=0.2059)
  Batch 620/1393 | Loss: 0.0382 (bce=0.0068 aux_ce=0.0784)
  Batch 630/1393 | Loss: 0.0822 (bce=0.0684 aux_ce=0.0347)
  Batch 640/1393 | Loss: 0.0532 (bce=0.0180 aux_ce=0.0879)
  Batch 650/1393 | Loss: 0.0288 (bce=0.0228 aux_ce=0.0149)
  Batch 660/1393 | Loss: 0.2859 (bce=0.2064 aux_ce=0.1986)
  Batch 670/1393 | Loss: 0.1669 (bce=0.1030 aux_ce=0.1598)
  Batch 680/1393 | Loss: 0.0899 (bce=0.0207 aux_ce=0.1730)
  Batch 690/1393 | Loss: 0.2616 (bce=0.0757 aux_ce=0.4649)
  Batch 700/1393 | Loss: 0.0698 (bce=0.0264 aux_ce=0.1085)
  Batch 710/1393 | Loss: 0.1029 (bce=0.0698 aux_ce=0.0828)
  Batch 720/1393 | Loss: 0.1262 (bce=0.1057 aux_ce=0.0511)
  Batch 730/1393 | Loss: 0.2352 (bce=0.0077 aux_ce=0.5687)
  Batch 740/1393 | Loss: 0.4670 (bce=0.3589 aux_ce=0.2703)
  Batch 750/1393 | Loss: 0.0622 (bce=0.0450 aux_ce=0.0431)
  Batch 760/1393 | Loss: 1.1578 (bce=0.8627 aux_ce=0.7376)
  Batch 770/1393 | Loss: 0.8353 (bce=0.6636 aux_ce=0.4291)
  Batch 780/1393 | Loss: 0.3138 (bce=0.2666 aux_ce=0.1181)
  Batch 790/1393 | Loss: 0.0727 (bce=0.0290 aux_ce=0.1094)
  Batch 800/1393 | Loss: 0.2797 (bce=0.0362 aux_ce=0.6086)
  Batch 810/1393 | Loss: 0.0373 (bce=0.0168 aux_ce=0.0512)
  Batch 820/1393 | Loss: 0.1741 (bce=0.1166 aux_ce=0.1438)
  Batch 830/1393 | Loss: 0.3086 (bce=0.2368 aux_ce=0.1795)
  Batch 840/1393 | Loss: 0.0250 (bce=0.0215 aux_ce=0.0086)
  Batch 850/1393 | Loss: 0.1431 (bce=0.0473 aux_ce=0.2395)
  Batch 860/1393 | Loss: 0.7201 (bce=0.5703 aux_ce=0.3744)
  Batch 870/1393 | Loss: 0.9189 (bce=0.7435 aux_ce=0.4385)
  Batch 880/1393 | Loss: 0.0640 (bce=0.0475 aux_ce=0.0410)
  Batch 890/1393 | Loss: 0.2389 (bce=0.0750 aux_ce=0.4097)
  Batch 900/1393 | Loss: 0.3980 (bce=0.3098 aux_ce=0.2204)
  Batch 910/1393 | Loss: 0.2939 (bce=0.2178 aux_ce=0.1904)
  Batch 920/1393 | Loss: 0.5347 (bce=0.3189 aux_ce=0.5395)
  Batch 930/1393 | Loss: 0.0650 (bce=0.0520 aux_ce=0.0325)
  Batch 940/1393 | Loss: 0.0269 (bce=0.0180 aux_ce=0.0225)
  Batch 950/1393 | Loss: 0.1051 (bce=0.0724 aux_ce=0.0818)
  Batch 960/1393 | Loss: 0.1905 (bce=0.1620 aux_ce=0.0712)
  Batch 970/1393 | Loss: 0.2833 (bce=0.1688 aux_ce=0.2862)
  Batch 980/1393 | Loss: 0.3423 (bce=0.2206 aux_ce=0.3043)
  Batch 990/1393 | Loss: 0.3152 (bce=0.1913 aux_ce=0.3097)
  Batch 1000/1393 | Loss: 0.2331 (bce=0.0087 aux_ce=0.5610)
  Batch 1010/1393 | Loss: 0.0508 (bce=0.0411 aux_ce=0.0242)
  Batch 1020/1393 | Loss: 0.7701 (bce=0.6374 aux_ce=0.3317)
  Batch 1030/1393 | Loss: 0.1445 (bce=0.0777 aux_ce=0.1671)
  Batch 1040/1393 | Loss: 0.0312 (bce=0.0257 aux_ce=0.0137)
  Batch 1050/1393 | Loss: 0.2023 (bce=0.0600 aux_ce=0.3557)
  Batch 1060/1393 | Loss: 0.1450 (bce=0.1090 aux_ce=0.0902)
  Batch 1070/1393 | Loss: 0.0777 (bce=0.0397 aux_ce=0.0949)
  Batch 1080/1393 | Loss: 0.0799 (bce=0.0110 aux_ce=0.1723)
  Batch 1090/1393 | Loss: 0.3270 (bce=0.2572 aux_ce=0.1745)
  Batch 1100/1393 | Loss: 0.0501 (bce=0.0198 aux_ce=0.0757)
  Batch 1110/1393 | Loss: 0.1943 (bce=0.1634 aux_ce=0.0772)
  Batch 1120/1393 | Loss: 0.0743 (bce=0.0422 aux_ce=0.0801)
  Batch 1130/1393 | Loss: 0.2962 (bce=0.0410 aux_ce=0.6379)
  Batch 1140/1393 | Loss: 0.1334 (bce=0.1136 aux_ce=0.0495)
  Batch 1150/1393 | Loss: 0.3302 (bce=0.2746 aux_ce=0.1390)
  Batch 1160/1393 | Loss: 0.0857 (bce=0.0638 aux_ce=0.0546)
  Batch 1170/1393 | Loss: 0.0196 (bce=0.0114 aux_ce=0.0204)
  Batch 1180/1393 | Loss: 0.0865 (bce=0.0399 aux_ce=0.1165)
  Batch 1190/1393 | Loss: 0.5082 (bce=0.4059 aux_ce=0.2556)
  Batch 1200/1393 | Loss: 0.1271 (bce=0.1026 aux_ce=0.0612)
  Batch 1210/1393 | Loss: 0.4611 (bce=0.2502 aux_ce=0.5272)
  Batch 1220/1393 | Loss: 1.1859 (bce=0.7953 aux_ce=0.9765)
  Batch 1230/1393 | Loss: 0.3709 (bce=0.1781 aux_ce=0.4819)
  Batch 1240/1393 | Loss: 1.5440 (bce=1.1732 aux_ce=0.9270)
  Batch 1250/1393 | Loss: 0.1883 (bce=0.0676 aux_ce=0.3018)
  Batch 1260/1393 | Loss: 0.1210 (bce=0.1011 aux_ce=0.0497)
  Batch 1270/1393 | Loss: 0.3248 (bce=0.2201 aux_ce=0.2617)
  Batch 1280/1393 | Loss: 0.2851 (bce=0.0335 aux_ce=0.6289)
  Batch 1290/1393 | Loss: 0.1498 (bce=0.0865 aux_ce=0.1581)
  Batch 1300/1393 | Loss: 0.2490 (bce=0.1940 aux_ce=0.1376)
  Batch 1310/1393 | Loss: 0.2437 (bce=0.2127 aux_ce=0.0774)
  Batch 1320/1393 | Loss: 0.3894 (bce=0.2769 aux_ce=0.2812)
  Batch 1330/1393 | Loss: 1.1945 (bce=0.9150 aux_ce=0.6988)
  Batch 1340/1393 | Loss: 0.2638 (bce=0.2014 aux_ce=0.1560)
  Batch 1350/1393 | Loss: 0.0988 (bce=0.0798 aux_ce=0.0473)
  Batch 1360/1393 | Loss: 0.1397 (bce=0.0806 aux_ce=0.1478)
  Batch 1370/1393 | Loss: 0.1167 (bce=0.0527 aux_ce=0.1601)
  Batch 1380/1393 | Loss: 0.0959 (bce=0.0652 aux_ce=0.0768)
  Batch 1390/1393 | Loss: 0.1665 (bce=0.1007 aux_ce=0.1645)
Epoch 4 | Train Loss: 0.3136 | Train Acc: 0.9511 | Val AUC: 0.9945
Saved checkpoint: models\stageA_checkpoint_epoch4.pth
  New best val AUC: 0.9945 - saved stageA_best_model.pth
  Batch 10/1393 | Loss: 0.1585 (bce=0.0638 aux_ce=0.2368)
  Batch 20/1393 | Loss: 0.3324 (bce=0.2033 aux_ce=0.3226)
  Batch 30/1393 | Loss: 0.2380 (bce=0.1842 aux_ce=0.1344)
  Batch 40/1393 | Loss: 0.0915 (bce=0.0835 aux_ce=0.0202)
  Batch 50/1393 | Loss: 0.0240 (bce=0.0189 aux_ce=0.0127)
  Batch 60/1393 | Loss: 0.0785 (bce=0.0185 aux_ce=0.1501)
  Batch 70/1393 | Loss: 0.8125 (bce=0.6222 aux_ce=0.4757)
  Batch 80/1393 | Loss: 0.1483 (bce=0.1050 aux_ce=0.1082)
  Batch 90/1393 | Loss: 0.0677 (bce=0.0394 aux_ce=0.0706)
  Batch 100/1393 | Loss: 0.0578 (bce=0.0121 aux_ce=0.1142)
  Batch 110/1393 | Loss: 0.0738 (bce=0.0399 aux_ce=0.0847)
  Batch 120/1393 | Loss: 0.0437 (bce=0.0190 aux_ce=0.0617)
  Batch 130/1393 | Loss: 0.2220 (bce=0.1505 aux_ce=0.1786)
  Batch 140/1393 | Loss: 0.1088 (bce=0.0393 aux_ce=0.1737)
  Batch 150/1393 | Loss: 0.0664 (bce=0.0419 aux_ce=0.0612)
  Batch 160/1393 | Loss: 0.3780 (bce=0.3002 aux_ce=0.1946)
  Batch 170/1393 | Loss: 0.8802 (bce=0.7213 aux_ce=0.3972)
  Batch 180/1393 | Loss: 1.1796 (bce=1.0078 aux_ce=0.4296)
  Batch 190/1393 | Loss: 0.3536 (bce=0.1102 aux_ce=0.6087)
  Batch 200/1393 | Loss: 0.1136 (bce=0.0414 aux_ce=0.1806)
  Batch 210/1393 | Loss: 0.0719 (bce=0.0600 aux_ce=0.0299)
  Batch 220/1393 | Loss: 1.0164 (bce=0.8338 aux_ce=0.4567)
  Batch 230/1393 | Loss: 0.0804 (bce=0.0307 aux_ce=0.1243)
  Batch 240/1393 | Loss: 0.1158 (bce=0.0739 aux_ce=0.1048)
  Batch 250/1393 | Loss: 0.0703 (bce=0.0528 aux_ce=0.0436)
  Batch 260/1393 | Loss: 0.0973 (bce=0.0725 aux_ce=0.0621)
  Batch 270/1393 | Loss: 0.2762 (bce=0.2017 aux_ce=0.1861)
  Batch 280/1393 | Loss: 1.1483 (bce=0.7968 aux_ce=0.8789)
  Batch 290/1393 | Loss: 0.0639 (bce=0.0358 aux_ce=0.0702)
  Batch 300/1393 | Loss: 0.2198 (bce=0.0823 aux_ce=0.3438)
  Batch 310/1393 | Loss: 0.1466 (bce=0.1177 aux_ce=0.0721)
  Batch 320/1393 | Loss: 0.1102 (bce=0.0966 aux_ce=0.0341)
  Batch 330/1393 | Loss: 0.0218 (bce=0.0091 aux_ce=0.0318)
  Batch 340/1393 | Loss: 0.0438 (bce=0.0355 aux_ce=0.0208)
  Batch 350/1393 | Loss: 0.4415 (bce=0.2193 aux_ce=0.5554)
  Batch 360/1393 | Loss: 0.0752 (bce=0.0527 aux_ce=0.0562)
  Batch 370/1393 | Loss: 0.2376 (bce=0.1945 aux_ce=0.1078)
  Batch 380/1393 | Loss: 0.0298 (bce=0.0208 aux_ce=0.0223)
  Batch 390/1393 | Loss: 0.5651 (bce=0.3780 aux_ce=0.4677)
  Batch 400/1393 | Loss: 0.8595 (bce=0.6811 aux_ce=0.4461)
  Batch 410/1393 | Loss: 0.0947 (bce=0.0729 aux_ce=0.0543)
  Batch 420/1393 | Loss: 0.1937 (bce=0.1557 aux_ce=0.0949)
  Batch 430/1393 | Loss: 0.4573 (bce=0.3701 aux_ce=0.2180)
  Batch 440/1393 | Loss: 0.1152 (bce=0.0427 aux_ce=0.1812)
  Batch 450/1393 | Loss: 0.1279 (bce=0.0407 aux_ce=0.2181)
  Batch 460/1393 | Loss: 0.7110 (bce=0.5669 aux_ce=0.3603)
  Batch 470/1393 | Loss: 0.1061 (bce=0.0876 aux_ce=0.0463)
  Batch 480/1393 | Loss: 0.0948 (bce=0.0347 aux_ce=0.1502)
  Batch 490/1393 | Loss: 1.1849 (bce=0.9742 aux_ce=0.5268)
  Batch 500/1393 | Loss: 0.0931 (bce=0.0563 aux_ce=0.0920)
  Batch 510/1393 | Loss: 0.0360 (bce=0.0320 aux_ce=0.0100)
  Batch 520/1393 | Loss: 0.0230 (bce=0.0120 aux_ce=0.0275)
  Batch 530/1393 | Loss: 0.1222 (bce=0.1013 aux_ce=0.0521)
  Batch 540/1393 | Loss: 0.1995 (bce=0.1675 aux_ce=0.0801)
  Batch 550/1393 | Loss: 0.0907 (bce=0.0675 aux_ce=0.0579)
  Batch 560/1393 | Loss: 2.8919 (bce=2.4191 aux_ce=1.1822)
  Batch 570/1393 | Loss: 1.2551 (bce=1.0020 aux_ce=0.6328)
  Batch 580/1393 | Loss: 0.1942 (bce=0.1787 aux_ce=0.0387)
  Batch 590/1393 | Loss: 0.2498 (bce=0.2229 aux_ce=0.0672)
  Batch 600/1393 | Loss: 0.2488 (bce=0.0258 aux_ce=0.5575)
  Batch 610/1393 | Loss: 0.1702 (bce=0.0282 aux_ce=0.3552)
  Batch 620/1393 | Loss: 0.0612 (bce=0.0283 aux_ce=0.0823)
  Batch 630/1393 | Loss: 0.0520 (bce=0.0134 aux_ce=0.0966)
  Batch 640/1393 | Loss: 0.0413 (bce=0.0287 aux_ce=0.0314)
  Batch 650/1393 | Loss: 0.1764 (bce=0.0088 aux_ce=0.4189)
  Batch 660/1393 | Loss: 0.0522 (bce=0.0275 aux_ce=0.0616)
  Batch 670/1393 | Loss: 0.4990 (bce=0.3516 aux_ce=0.3683)
  Batch 680/1393 | Loss: 0.0208 (bce=0.0129 aux_ce=0.0195)
  Batch 690/1393 | Loss: 0.2791 (bce=0.2248 aux_ce=0.1357)
  Batch 700/1393 | Loss: 0.1700 (bce=0.1223 aux_ce=0.1193)
  Batch 710/1393 | Loss: 0.0425 (bce=0.0173 aux_ce=0.0630)
  Batch 720/1393 | Loss: 0.4304 (bce=0.2687 aux_ce=0.4041)
  Batch 730/1393 | Loss: 0.3684 (bce=0.2592 aux_ce=0.2729)
  Batch 740/1393 | Loss: 0.4750 (bce=0.3703 aux_ce=0.2618)
  Batch 750/1393 | Loss: 0.4672 (bce=0.3282 aux_ce=0.3474)
  Batch 760/1393 | Loss: 0.3753 (bce=0.2635 aux_ce=0.2795)
  Batch 770/1393 | Loss: 0.1109 (bce=0.0212 aux_ce=0.2242)
  Batch 780/1393 | Loss: 0.0892 (bce=0.0089 aux_ce=0.2008)
  Batch 790/1393 | Loss: 0.1444 (bce=0.1289 aux_ce=0.0387)
  Batch 800/1393 | Loss: 0.0368 (bce=0.0270 aux_ce=0.0244)
  Batch 810/1393 | Loss: 0.4369 (bce=0.3259 aux_ce=0.2775)
  Batch 820/1393 | Loss: 0.0635 (bce=0.0449 aux_ce=0.0466)
  Batch 830/1393 | Loss: 0.1151 (bce=0.0313 aux_ce=0.2094)
  Batch 840/1393 | Loss: 0.2154 (bce=0.0948 aux_ce=0.3014)
  Batch 850/1393 | Loss: 0.0975 (bce=0.0729 aux_ce=0.0615)
  Batch 860/1393 | Loss: 0.1783 (bce=0.1235 aux_ce=0.1370)
  Batch 870/1393 | Loss: 0.0230 (bce=0.0109 aux_ce=0.0302)
  Batch 880/1393 | Loss: 0.0301 (bce=0.0046 aux_ce=0.0635)
  Batch 890/1393 | Loss: 0.0048 (bce=0.0035 aux_ce=0.0032)
  Batch 900/1393 | Loss: 0.0181 (bce=0.0112 aux_ce=0.0174)
  Batch 910/1393 | Loss: 0.2380 (bce=0.1756 aux_ce=0.1560)
  Batch 920/1393 | Loss: 0.0651 (bce=0.0531 aux_ce=0.0298)
  Batch 930/1393 | Loss: 0.2075 (bce=0.1543 aux_ce=0.1330)
  Batch 940/1393 | Loss: 0.1913 (bce=0.1552 aux_ce=0.0902)
  Batch 950/1393 | Loss: 0.0300 (bce=0.0131 aux_ce=0.0423)
  Batch 960/1393 | Loss: 0.0471 (bce=0.0288 aux_ce=0.0457)
  Batch 970/1393 | Loss: 0.0530 (bce=0.0274 aux_ce=0.0642)
  Batch 980/1393 | Loss: 0.0948 (bce=0.0100 aux_ce=0.2119)
  Batch 990/1393 | Loss: 0.1666 (bce=0.1466 aux_ce=0.0501)
  Batch 1000/1393 | Loss: 0.1709 (bce=0.1326 aux_ce=0.0959)
  Batch 1010/1393 | Loss: 0.2952 (bce=0.1716 aux_ce=0.3090)
  Batch 1020/1393 | Loss: 0.0384 (bce=0.0149 aux_ce=0.0588)
  Batch 1030/1393 | Loss: 0.5108 (bce=0.4214 aux_ce=0.2235)
  Batch 1040/1393 | Loss: 0.0128 (bce=0.0033 aux_ce=0.0238)
  Batch 1050/1393 | Loss: 1.3895 (bce=1.0913 aux_ce=0.7454)
  Batch 1060/1393 | Loss: 0.0316 (bce=0.0172 aux_ce=0.0361)
  Batch 1070/1393 | Loss: 0.4432 (bce=0.3720 aux_ce=0.1781)
  Batch 1080/1393 | Loss: 0.3580 (bce=0.2892 aux_ce=0.1718)
  Batch 1090/1393 | Loss: 0.1648 (bce=0.0959 aux_ce=0.1722)
  Batch 1100/1393 | Loss: 0.3884 (bce=0.3168 aux_ce=0.1789)
  Batch 1110/1393 | Loss: 0.0320 (bce=0.0217 aux_ce=0.0259)
  Batch 1120/1393 | Loss: 0.0406 (bce=0.0268 aux_ce=0.0346)
  Batch 1130/1393 | Loss: 0.1249 (bce=0.0896 aux_ce=0.0882)
  Batch 1140/1393 | Loss: 0.3649 (bce=0.2752 aux_ce=0.2240)
  Batch 1150/1393 | Loss: 0.1056 (bce=0.0453 aux_ce=0.1507)
  Batch 1160/1393 | Loss: 0.9388 (bce=0.7714 aux_ce=0.4184)
  Batch 1170/1393 | Loss: 0.8062 (bce=0.5868 aux_ce=0.5484)
  Batch 1180/1393 | Loss: 0.1098 (bce=0.0391 aux_ce=0.1769)
  Batch 1190/1393 | Loss: 0.0239 (bce=0.0202 aux_ce=0.0094)
  Batch 1200/1393 | Loss: 0.4041 (bce=0.1769 aux_ce=0.5679)
  Batch 1210/1393 | Loss: 1.3762 (bce=1.0734 aux_ce=0.7570)
  Batch 1220/1393 | Loss: 1.4232 (bce=1.1322 aux_ce=0.7276)
  Batch 1230/1393 | Loss: 0.2961 (bce=0.0148 aux_ce=0.7033)
  Batch 1240/1393 | Loss: 0.0157 (bce=0.0129 aux_ce=0.0069)
  Batch 1250/1393 | Loss: 0.1238 (bce=0.0860 aux_ce=0.0944)
  Batch 1260/1393 | Loss: 0.1563 (bce=0.1361 aux_ce=0.0504)
  Batch 1270/1393 | Loss: 0.2154 (bce=0.1855 aux_ce=0.0746)
  Batch 1280/1393 | Loss: 0.1021 (bce=0.0836 aux_ce=0.0462)
  Batch 1290/1393 | Loss: 0.0825 (bce=0.0584 aux_ce=0.0602)
  Batch 1300/1393 | Loss: 0.1949 (bce=0.1314 aux_ce=0.1588)
  Batch 1310/1393 | Loss: 0.1005 (bce=0.0514 aux_ce=0.1229)
  Batch 1320/1393 | Loss: 0.1232 (bce=0.0160 aux_ce=0.2678)
  Batch 1330/1393 | Loss: 0.0830 (bce=0.0615 aux_ce=0.0537)
  Batch 1340/1393 | Loss: 0.0887 (bce=0.0697 aux_ce=0.0474)
  Batch 1350/1393 | Loss: 0.0477 (bce=0.0056 aux_ce=0.1051)
  Batch 1360/1393 | Loss: 0.1941 (bce=0.0867 aux_ce=0.2684)
  Batch 1370/1393 | Loss: 0.1480 (bce=0.0339 aux_ce=0.2852)
  Batch 1380/1393 | Loss: 0.8787 (bce=0.7023 aux_ce=0.4411)
  Batch 1390/1393 | Loss: 0.0554 (bce=0.0264 aux_ce=0.0725)
Epoch 5 | Train Loss: 0.2714 | Train Acc: 0.9564 | Val AUC: 0.9950
Saved checkpoint: models\stageA_checkpoint_epoch5.pth
  New best val AUC: 0.9950 - saved stageA_best_model.pth
  Batch 10/1393 | Loss: 0.0743 (bce=0.0641 aux_ce=0.0255)
  Batch 20/1393 | Loss: 0.0237 (bce=0.0122 aux_ce=0.0288)
  Batch 30/1393 | Loss: 0.0935 (bce=0.0416 aux_ce=0.1297)
  Batch 40/1393 | Loss: 0.0556 (bce=0.0387 aux_ce=0.0423)
  Batch 50/1393 | Loss: 0.0190 (bce=0.0170 aux_ce=0.0050)
  Batch 60/1393 | Loss: 0.0849 (bce=0.0606 aux_ce=0.0609)
  Batch 70/1393 | Loss: 0.4651 (bce=0.3614 aux_ce=0.2591)
  Batch 80/1393 | Loss: 0.0774 (bce=0.0525 aux_ce=0.0623)
  Batch 90/1393 | Loss: 0.1294 (bce=0.0423 aux_ce=0.2177)
  Batch 100/1393 | Loss: 0.0743 (bce=0.0121 aux_ce=0.1557)
  Batch 110/1393 | Loss: 0.4605 (bce=0.3638 aux_ce=0.2417)
  Batch 120/1393 | Loss: 0.1297 (bce=0.0380 aux_ce=0.2293)
  Batch 130/1393 | Loss: 0.0272 (bce=0.0165 aux_ce=0.0268)
  Batch 140/1393 | Loss: 0.1174 (bce=0.1058 aux_ce=0.0289)
  Batch 150/1393 | Loss: 0.0686 (bce=0.0566 aux_ce=0.0300)
  Batch 160/1393 | Loss: 0.1203 (bce=0.0158 aux_ce=0.2613)
  Batch 170/1393 | Loss: 0.0282 (bce=0.0097 aux_ce=0.0461)
  Batch 180/1393 | Loss: 0.0133 (bce=0.0104 aux_ce=0.0073)
  Batch 190/1393 | Loss: 0.4416 (bce=0.3631 aux_ce=0.1962)
  Batch 200/1393 | Loss: 0.3274 (bce=0.2589 aux_ce=0.1712)
  Batch 210/1393 | Loss: 0.0988 (bce=0.0288 aux_ce=0.1750)
  Batch 220/1393 | Loss: 0.2997 (bce=0.2547 aux_ce=0.1126)
  Batch 230/1393 | Loss: 0.0184 (bce=0.0083 aux_ce=0.0253)
  Batch 240/1393 | Loss: 0.6262 (bce=0.5035 aux_ce=0.3066)
  Batch 250/1393 | Loss: 0.0188 (bce=0.0140 aux_ce=0.0118)
  Batch 260/1393 | Loss: 0.0329 (bce=0.0199 aux_ce=0.0324)
  Batch 270/1393 | Loss: 0.3233 (bce=0.0775 aux_ce=0.6145)
  Batch 280/1393 | Loss: 0.0393 (bce=0.0335 aux_ce=0.0146)
  Batch 290/1393 | Loss: 0.0357 (bce=0.0150 aux_ce=0.0519)
  Batch 300/1393 | Loss: 0.5051 (bce=0.4077 aux_ce=0.2435)
  Batch 310/1393 | Loss: 0.1200 (bce=0.0168 aux_ce=0.2580)
  Batch 320/1393 | Loss: 1.5847 (bce=1.1458 aux_ce=1.0973)
  Batch 330/1393 | Loss: 0.0651 (bce=0.0337 aux_ce=0.0786)
  Batch 340/1393 | Loss: 0.1258 (bce=0.0447 aux_ce=0.2028)
  Batch 350/1393 | Loss: 0.0142 (bce=0.0113 aux_ce=0.0072)
  Batch 360/1393 | Loss: 0.1349 (bce=0.0047 aux_ce=0.3255)
  Batch 370/1393 | Loss: 0.0413 (bce=0.0310 aux_ce=0.0258)
  Batch 380/1393 | Loss: 0.0565 (bce=0.0145 aux_ce=0.1050)
  Batch 390/1393 | Loss: 0.1577 (bce=0.1166 aux_ce=0.1029)
  Batch 400/1393 | Loss: 0.0370 (bce=0.0272 aux_ce=0.0244)
  Batch 410/1393 | Loss: 0.2390 (bce=0.0301 aux_ce=0.5223)
  Batch 420/1393 | Loss: 0.1897 (bce=0.0725 aux_ce=0.2930)
  Batch 430/1393 | Loss: 0.0628 (bce=0.0306 aux_ce=0.0805)
  Batch 440/1393 | Loss: 0.0891 (bce=0.0608 aux_ce=0.0709)
  Batch 450/1393 | Loss: 0.1926 (bce=0.1605 aux_ce=0.0801)
  Batch 460/1393 | Loss: 0.0387 (bce=0.0149 aux_ce=0.0597)
  Batch 470/1393 | Loss: 0.6143 (bce=0.4295 aux_ce=0.4618)
  Batch 480/1393 | Loss: 0.0214 (bce=0.0094 aux_ce=0.0299)
  Batch 490/1393 | Loss: 0.0721 (bce=0.0545 aux_ce=0.0439)
  Batch 500/1393 | Loss: 0.0280 (bce=0.0233 aux_ce=0.0117)
  Batch 510/1393 | Loss: 1.9354 (bce=1.5854 aux_ce=0.8750)
  Batch 520/1393 | Loss: 0.1295 (bce=0.1066 aux_ce=0.0572)
  Batch 530/1393 | Loss: 1.9781 (bce=1.7304 aux_ce=0.6191)
  Batch 540/1393 | Loss: 0.7494 (bce=0.5507 aux_ce=0.4967)
  Batch 550/1393 | Loss: 0.3688 (bce=0.3010 aux_ce=0.1693)
  Batch 560/1393 | Loss: 0.0619 (bce=0.0273 aux_ce=0.0867)
  Batch 570/1393 | Loss: 0.1048 (bce=0.0233 aux_ce=0.2036)
  Batch 580/1393 | Loss: 0.1116 (bce=0.0952 aux_ce=0.0409)
  Batch 590/1393 | Loss: 0.1986 (bce=0.0142 aux_ce=0.4611)
  Batch 600/1393 | Loss: 0.0138 (bce=0.0089 aux_ce=0.0122)
  Batch 610/1393 | Loss: 0.2391 (bce=0.1868 aux_ce=0.1308)
  Batch 620/1393 | Loss: 0.1151 (bce=0.0790 aux_ce=0.0902)
  Batch 630/1393 | Loss: 0.2255 (bce=0.0830 aux_ce=0.3562)
  Batch 640/1393 | Loss: 0.2442 (bce=0.1808 aux_ce=0.1586)
  Batch 650/1393 | Loss: 0.1410 (bce=0.0144 aux_ce=0.3165)
  Batch 660/1393 | Loss: 0.0677 (bce=0.0044 aux_ce=0.1583)
  Batch 670/1393 | Loss: 1.2350 (bce=0.9668 aux_ce=0.6705)
  Batch 680/1393 | Loss: 0.0944 (bce=0.0633 aux_ce=0.0777)
  Batch 690/1393 | Loss: 0.1004 (bce=0.0688 aux_ce=0.0792)
  Batch 700/1393 | Loss: 0.0886 (bce=0.0654 aux_ce=0.0580)
  Batch 710/1393 | Loss: 1.0282 (bce=0.8089 aux_ce=0.5482)
  Batch 720/1393 | Loss: 0.0118 (bce=0.0086 aux_ce=0.0081)
  Batch 730/1393 | Loss: 0.2925 (bce=0.2095 aux_ce=0.2076)
  Batch 740/1393 | Loss: 0.0699 (bce=0.0361 aux_ce=0.0846)
  Batch 750/1393 | Loss: 0.0475 (bce=0.0410 aux_ce=0.0162)
  Batch 760/1393 | Loss: 0.1476 (bce=0.0970 aux_ce=0.1264)
  Batch 770/1393 | Loss: 0.0247 (bce=0.0200 aux_ce=0.0116)
  Batch 780/1393 | Loss: 0.0523 (bce=0.0469 aux_ce=0.0135)
  Batch 790/1393 | Loss: 0.1067 (bce=0.0872 aux_ce=0.0485)
  Batch 800/1393 | Loss: 0.0701 (bce=0.0452 aux_ce=0.0622)
  Batch 810/1393 | Loss: 0.0176 (bce=0.0150 aux_ce=0.0065)
  Batch 820/1393 | Loss: 0.1368 (bce=0.1134 aux_ce=0.0583)
  Batch 830/1393 | Loss: 0.0780 (bce=0.0543 aux_ce=0.0594)
  Batch 840/1393 | Loss: 0.0382 (bce=0.0193 aux_ce=0.0471)
  Batch 850/1393 | Loss: 0.0972 (bce=0.0022 aux_ce=0.2374)
  Batch 860/1393 | Loss: 0.0906 (bce=0.0759 aux_ce=0.0367)
  Batch 870/1393 | Loss: 0.1320 (bce=0.0873 aux_ce=0.1117)
  Batch 880/1393 | Loss: 0.0897 (bce=0.0048 aux_ce=0.2121)
  Batch 890/1393 | Loss: 0.0314 (bce=0.0280 aux_ce=0.0083)
  Batch 900/1393 | Loss: 0.0389 (bce=0.0152 aux_ce=0.0593)
  Batch 910/1393 | Loss: 0.2330 (bce=0.1325 aux_ce=0.2512)
  Batch 920/1393 | Loss: 0.1557 (bce=0.1316 aux_ce=0.0602)
  Batch 930/1393 | Loss: 0.0221 (bce=0.0062 aux_ce=0.0397)
  Batch 940/1393 | Loss: 0.0994 (bce=0.0883 aux_ce=0.0277)
  Batch 950/1393 | Loss: 0.5145 (bce=0.3894 aux_ce=0.3128)
  Batch 960/1393 | Loss: 0.0904 (bce=0.0764 aux_ce=0.0350)
  Batch 970/1393 | Loss: 0.0237 (bce=0.0057 aux_ce=0.0452)
  Batch 980/1393 | Loss: 0.0135 (bce=0.0094 aux_ce=0.0102)
  Batch 990/1393 | Loss: 0.0388 (bce=0.0086 aux_ce=0.0755)
  Batch 1000/1393 | Loss: 0.0117 (bce=0.0098 aux_ce=0.0048)
  Batch 1010/1393 | Loss: 0.0382 (bce=0.0311 aux_ce=0.0178)
  Batch 1020/1393 | Loss: 0.5562 (bce=0.1865 aux_ce=0.9241)
  Batch 1030/1393 | Loss: 0.0383 (bce=0.0340 aux_ce=0.0108)
  Batch 1040/1393 | Loss: 0.0618 (bce=0.0258 aux_ce=0.0900)
  Batch 1050/1393 | Loss: 0.4272 (bce=0.2678 aux_ce=0.3983)
  Batch 1060/1393 | Loss: 0.2967 (bce=0.2394 aux_ce=0.1433)
  Batch 1070/1393 | Loss: 0.0249 (bce=0.0168 aux_ce=0.0202)
  Batch 1080/1393 | Loss: 0.0927 (bce=0.0531 aux_ce=0.0991)
  Batch 1090/1393 | Loss: 0.0674 (bce=0.0431 aux_ce=0.0606)
  Batch 1100/1393 | Loss: 0.1043 (bce=0.0956 aux_ce=0.0218)
  Batch 1110/1393 | Loss: 0.0644 (bce=0.0374 aux_ce=0.0675)
  Batch 1120/1393 | Loss: 2.1568 (bce=1.7749 aux_ce=0.9549)
  Batch 1130/1393 | Loss: 0.3390 (bce=0.1891 aux_ce=0.3748)
  Batch 1140/1393 | Loss: 0.1433 (bce=0.0366 aux_ce=0.2669)
  Batch 1150/1393 | Loss: 0.0344 (bce=0.0201 aux_ce=0.0357)
  Batch 1160/1393 | Loss: 0.0159 (bce=0.0113 aux_ce=0.0115)
  Batch 1170/1393 | Loss: 0.0710 (bce=0.0525 aux_ce=0.0463)
  Batch 1180/1393 | Loss: 0.1700 (bce=0.1377 aux_ce=0.0809)
  Batch 1190/1393 | Loss: 0.4872 (bce=0.1539 aux_ce=0.8331)
  Batch 1200/1393 | Loss: 0.2614 (bce=0.2086 aux_ce=0.1320)
  Batch 1210/1393 | Loss: 0.3871 (bce=0.2832 aux_ce=0.2597)
  Batch 1220/1393 | Loss: 0.3365 (bce=0.1864 aux_ce=0.3750)
  Batch 1230/1393 | Loss: 0.0244 (bce=0.0145 aux_ce=0.0248)
  Batch 1240/1393 | Loss: 0.0193 (bce=0.0169 aux_ce=0.0058)
  Batch 1250/1393 | Loss: 0.1474 (bce=0.0878 aux_ce=0.1490)
  Batch 1260/1393 | Loss: 0.0823 (bce=0.0628 aux_ce=0.0488)
  Batch 1270/1393 | Loss: 0.0944 (bce=0.0712 aux_ce=0.0580)
  Batch 1280/1393 | Loss: 0.1751 (bce=0.0620 aux_ce=0.2828)
  Batch 1290/1393 | Loss: 0.1713 (bce=0.1191 aux_ce=0.1305)
  Batch 1300/1393 | Loss: 0.0326 (bce=0.0277 aux_ce=0.0123)
  Batch 1310/1393 | Loss: 0.2627 (bce=0.1981 aux_ce=0.1615)
  Batch 1320/1393 | Loss: 0.0696 (bce=0.0457 aux_ce=0.0597)
  Batch 1330/1393 | Loss: 0.0854 (bce=0.0280 aux_ce=0.1435)
  Batch 1340/1393 | Loss: 0.0931 (bce=0.0817 aux_ce=0.0285)
  Batch 1350/1393 | Loss: 0.0144 (bce=0.0106 aux_ce=0.0093)
  Batch 1360/1393 | Loss: 0.2117 (bce=0.0741 aux_ce=0.3438)
  Batch 1370/1393 | Loss: 0.4527 (bce=0.3253 aux_ce=0.3186)
  Batch 1380/1393 | Loss: 0.4913 (bce=0.3717 aux_ce=0.2991)
  Batch 1390/1393 | Loss: 0.0910 (bce=0.0261 aux_ce=0.1624)
Epoch 6 | Train Loss: 0.2237 | Train Acc: 0.9663 | Val AUC: 0.9945
Saved checkpoint: models\stageA_checkpoint_epoch6.pth
  No improvement for 1/5 epochs
  Batch 10/1393 | Loss: 0.1363 (bce=0.0665 aux_ce=0.1744)
  Batch 20/1393 | Loss: 0.0728 (bce=0.0548 aux_ce=0.0449)
  Batch 30/1393 | Loss: 0.0132 (bce=0.0093 aux_ce=0.0097)
  Batch 40/1393 | Loss: 0.0470 (bce=0.0373 aux_ce=0.0243)
  Batch 50/1393 | Loss: 0.0223 (bce=0.0178 aux_ce=0.0110)
  Batch 60/1393 | Loss: 0.0631 (bce=0.0149 aux_ce=0.1204)
  Batch 70/1393 | Loss: 0.0204 (bce=0.0102 aux_ce=0.0255)
  Batch 80/1393 | Loss: 0.0736 (bce=0.0188 aux_ce=0.1370)
  Batch 90/1393 | Loss: 0.1775 (bce=0.1521 aux_ce=0.0635)
  Batch 100/1393 | Loss: 0.0132 (bce=0.0086 aux_ce=0.0114)
  Batch 110/1393 | Loss: 0.1309 (bce=0.1000 aux_ce=0.0773)
  Batch 120/1393 | Loss: 0.0398 (bce=0.0240 aux_ce=0.0394)
  Batch 130/1393 | Loss: 0.1803 (bce=0.1394 aux_ce=0.1024)
  Batch 140/1393 | Loss: 0.6018 (bce=0.3692 aux_ce=0.5815)
  Batch 150/1393 | Loss: 0.4287 (bce=0.3478 aux_ce=0.2023)
  Batch 160/1393 | Loss: 0.0809 (bce=0.0543 aux_ce=0.0663)
  Batch 170/1393 | Loss: 0.0292 (bce=0.0205 aux_ce=0.0217)
  Batch 180/1393 | Loss: 0.0933 (bce=0.0289 aux_ce=0.1611)
  Batch 190/1393 | Loss: 0.0508 (bce=0.0412 aux_ce=0.0240)
  Batch 200/1393 | Loss: 0.4696 (bce=0.1823 aux_ce=0.7182)
  Batch 210/1393 | Loss: 0.0500 (bce=0.0145 aux_ce=0.0888)
  Batch 220/1393 | Loss: 0.0442 (bce=0.0246 aux_ce=0.0490)
  Batch 230/1393 | Loss: 0.1010 (bce=0.0736 aux_ce=0.0683)
  Batch 240/1393 | Loss: 0.0594 (bce=0.0548 aux_ce=0.0116)
  Batch 250/1393 | Loss: 0.2154 (bce=0.1028 aux_ce=0.2815)
  Batch 260/1393 | Loss: 0.0207 (bce=0.0036 aux_ce=0.0428)
  Batch 270/1393 | Loss: 0.1411 (bce=0.0026 aux_ce=0.3461)
  Batch 280/1393 | Loss: 0.0116 (bce=0.0049 aux_ce=0.0170)
  Batch 290/1393 | Loss: 0.2408 (bce=0.2090 aux_ce=0.0797)
  Batch 300/1393 | Loss: 0.2190 (bce=0.1725 aux_ce=0.1163)
  Batch 310/1393 | Loss: 0.0290 (bce=0.0076 aux_ce=0.0535)
  Batch 320/1393 | Loss: 1.5195 (bce=1.2948 aux_ce=0.5618)
  Batch 330/1393 | Loss: 0.0564 (bce=0.0461 aux_ce=0.0259)
  Batch 340/1393 | Loss: 0.0387 (bce=0.0046 aux_ce=0.0852)
  Batch 350/1393 | Loss: 0.0387 (bce=0.0293 aux_ce=0.0235)
  Batch 360/1393 | Loss: 0.0374 (bce=0.0097 aux_ce=0.0693)
  Batch 370/1393 | Loss: 0.0645 (bce=0.0285 aux_ce=0.0901)
  Batch 380/1393 | Loss: 0.0100 (bce=0.0046 aux_ce=0.0133)
  Batch 390/1393 | Loss: 0.1780 (bce=0.1329 aux_ce=0.1126)
  Batch 400/1393 | Loss: 0.2147 (bce=0.1762 aux_ce=0.0964)
  Batch 410/1393 | Loss: 1.6065 (bce=1.3091 aux_ce=0.7435)
  Batch 420/1393 | Loss: 0.2300 (bce=0.1472 aux_ce=0.2070)
  Batch 430/1393 | Loss: 0.1408 (bce=0.1269 aux_ce=0.0349)
  Batch 440/1393 | Loss: 0.1791 (bce=0.0602 aux_ce=0.2974)
  Batch 450/1393 | Loss: 0.0230 (bce=0.0038 aux_ce=0.0478)
  Batch 460/1393 | Loss: 0.2383 (bce=0.1969 aux_ce=0.1035)
  Batch 470/1393 | Loss: 0.0916 (bce=0.0799 aux_ce=0.0292)
  Batch 480/1393 | Loss: 0.0205 (bce=0.0111 aux_ce=0.0235)
  Batch 490/1393 | Loss: 0.1066 (bce=0.0898 aux_ce=0.0420)
  Batch 500/1393 | Loss: 0.0467 (bce=0.0364 aux_ce=0.0256)
  Batch 510/1393 | Loss: 0.0073 (bce=0.0051 aux_ce=0.0054)
  Batch 520/1393 | Loss: 0.0471 (bce=0.0320 aux_ce=0.0378)
  Batch 530/1393 | Loss: 0.0507 (bce=0.0303 aux_ce=0.0512)
  Batch 540/1393 | Loss: 0.7989 (bce=0.6020 aux_ce=0.4921)
  Batch 550/1393 | Loss: 0.0925 (bce=0.0181 aux_ce=0.1862)
  Batch 560/1393 | Loss: 0.0261 (bce=0.0078 aux_ce=0.0457)
  Batch 570/1393 | Loss: 0.0361 (bce=0.0212 aux_ce=0.0373)
  Batch 580/1393 | Loss: 1.2328 (bce=1.0118 aux_ce=0.5526)
  Batch 590/1393 | Loss: 0.0429 (bce=0.0124 aux_ce=0.0763)
  Batch 600/1393 | Loss: 0.1425 (bce=0.0909 aux_ce=0.1289)
  Batch 610/1393 | Loss: 1.3958 (bce=1.1568 aux_ce=0.5975)
  Batch 620/1393 | Loss: 0.1428 (bce=0.1074 aux_ce=0.0883)
  Batch 630/1393 | Loss: 0.1545 (bce=0.1191 aux_ce=0.0884)
  Batch 640/1393 | Loss: 0.1215 (bce=0.0841 aux_ce=0.0937)
  Batch 650/1393 | Loss: 0.0593 (bce=0.0526 aux_ce=0.0169)
  Batch 660/1393 | Loss: 0.4162 (bce=0.3232 aux_ce=0.2325)
  Batch 670/1393 | Loss: 0.0452 (bce=0.0354 aux_ce=0.0246)
  Batch 680/1393 | Loss: 0.1275 (bce=0.1044 aux_ce=0.0576)
  Batch 690/1393 | Loss: 1.7062 (bce=1.4672 aux_ce=0.5973)
  Batch 700/1393 | Loss: 0.1180 (bce=0.0971 aux_ce=0.0524)
  Batch 710/1393 | Loss: 0.0416 (bce=0.0196 aux_ce=0.0549)
  Batch 720/1393 | Loss: 0.0750 (bce=0.0081 aux_ce=0.1673)
  Batch 730/1393 | Loss: 0.0215 (bce=0.0162 aux_ce=0.0133)
  Batch 740/1393 | Loss: 0.0484 (bce=0.0314 aux_ce=0.0423)
  Batch 750/1393 | Loss: 0.0934 (bce=0.0615 aux_ce=0.0799)
  Batch 760/1393 | Loss: 0.0536 (bce=0.0359 aux_ce=0.0442)
  Batch 770/1393 | Loss: 0.2781 (bce=0.1043 aux_ce=0.4344)
  Batch 780/1393 | Loss: 0.0205 (bce=0.0161 aux_ce=0.0108)
  Batch 790/1393 | Loss: 0.0491 (bce=0.0103 aux_ce=0.0970)
  Batch 800/1393 | Loss: 0.0247 (bce=0.0052 aux_ce=0.0490)
  Batch 810/1393 | Loss: 0.7132 (bce=0.6358 aux_ce=0.1935)
  Batch 820/1393 | Loss: 0.0702 (bce=0.0542 aux_ce=0.0400)
  Batch 830/1393 | Loss: 0.0318 (bce=0.0120 aux_ce=0.0495)
  Batch 840/1393 | Loss: 0.0716 (bce=0.0398 aux_ce=0.0793)
  Batch 850/1393 | Loss: 0.0187 (bce=0.0102 aux_ce=0.0213)
  Batch 860/1393 | Loss: 0.1666 (bce=0.1134 aux_ce=0.1330)
  Batch 870/1393 | Loss: 0.1447 (bce=0.1272 aux_ce=0.0438)
  Batch 880/1393 | Loss: 0.0490 (bce=0.0230 aux_ce=0.0651)
  Batch 890/1393 | Loss: 0.2408 (bce=0.0292 aux_ce=0.5290)
  Batch 900/1393 | Loss: 0.0066 (bce=0.0043 aux_ce=0.0057)
  Batch 910/1393 | Loss: 0.0591 (bce=0.0199 aux_ce=0.0979)
  Batch 920/1393 | Loss: 0.0290 (bce=0.0014 aux_ce=0.0691)
  Batch 930/1393 | Loss: 0.0311 (bce=0.0098 aux_ce=0.0534)
  Batch 940/1393 | Loss: 0.0891 (bce=0.0683 aux_ce=0.0520)
  Batch 950/1393 | Loss: 0.0557 (bce=0.0260 aux_ce=0.0743)
  Batch 960/1393 | Loss: 0.1614 (bce=0.0035 aux_ce=0.3949)
  Batch 970/1393 | Loss: 0.0066 (bce=0.0030 aux_ce=0.0091)
  Batch 980/1393 | Loss: 0.0734 (bce=0.0045 aux_ce=0.1722)
  Batch 990/1393 | Loss: 0.1809 (bce=0.0835 aux_ce=0.2435)
  Batch 1000/1393 | Loss: 0.0374 (bce=0.0114 aux_ce=0.0648)
  Batch 1010/1393 | Loss: 0.1358 (bce=0.0104 aux_ce=0.3134)
  Batch 1020/1393 | Loss: 0.0185 (bce=0.0033 aux_ce=0.0380)
  Batch 1030/1393 | Loss: 0.1688 (bce=0.1292 aux_ce=0.0991)
  Batch 1040/1393 | Loss: 0.0401 (bce=0.0338 aux_ce=0.0158)
  Batch 1050/1393 | Loss: 0.1127 (bce=0.0770 aux_ce=0.0894)
  Batch 1060/1393 | Loss: 0.0287 (bce=0.0249 aux_ce=0.0095)
  Batch 1070/1393 | Loss: 0.0158 (bce=0.0142 aux_ce=0.0039)
  Batch 1080/1393 | Loss: 0.1123 (bce=0.0645 aux_ce=0.1195)
  Batch 1090/1393 | Loss: 0.4644 (bce=0.3608 aux_ce=0.2590)
  Batch 1100/1393 | Loss: 0.1193 (bce=0.0030 aux_ce=0.2908)
  Batch 1110/1393 | Loss: 1.0351 (bce=0.8414 aux_ce=0.4843)
  Batch 1120/1393 | Loss: 0.0236 (bce=0.0175 aux_ce=0.0152)
  Batch 1130/1393 | Loss: 0.2333 (bce=0.0212 aux_ce=0.5302)
  Batch 1140/1393 | Loss: 0.0496 (bce=0.0326 aux_ce=0.0423)
  Batch 1150/1393 | Loss: 0.2653 (bce=0.2089 aux_ce=0.1412)
  Batch 1160/1393 | Loss: 0.0540 (bce=0.0487 aux_ce=0.0134)
  Batch 1170/1393 | Loss: 0.2718 (bce=0.0036 aux_ce=0.6707)
  Batch 1180/1393 | Loss: 0.0622 (bce=0.0454 aux_ce=0.0419)
  Batch 1190/1393 | Loss: 0.0538 (bce=0.0474 aux_ce=0.0158)
  Batch 1200/1393 | Loss: 0.2997 (bce=0.2486 aux_ce=0.1279)
  Batch 1210/1393 | Loss: 0.0912 (bce=0.0046 aux_ce=0.2167)
  Batch 1220/1393 | Loss: 0.0179 (bce=0.0048 aux_ce=0.0327)
  Batch 1230/1393 | Loss: 0.0142 (bce=0.0037 aux_ce=0.0264)
  Batch 1240/1393 | Loss: 0.0076 (bce=0.0035 aux_ce=0.0102)
  Batch 1250/1393 | Loss: 0.0846 (bce=0.0472 aux_ce=0.0934)
  Batch 1260/1393 | Loss: 0.0088 (bce=0.0060 aux_ce=0.0069)
  Batch 1270/1393 | Loss: 0.1810 (bce=0.1402 aux_ce=0.1020)
  Batch 1280/1393 | Loss: 0.5745 (bce=0.3424 aux_ce=0.5803)
  Batch 1290/1393 | Loss: 0.1586 (bce=0.1110 aux_ce=0.1191)
  Batch 1300/1393 | Loss: 0.0134 (bce=0.0021 aux_ce=0.0284)
  Batch 1310/1393 | Loss: 0.0243 (bce=0.0091 aux_ce=0.0379)
  Batch 1320/1393 | Loss: 0.0423 (bce=0.0053 aux_ce=0.0924)
  Batch 1330/1393 | Loss: 0.2381 (bce=0.1899 aux_ce=0.1205)
  Batch 1340/1393 | Loss: 0.0091 (bce=0.0029 aux_ce=0.0155)
  Batch 1350/1393 | Loss: 0.0422 (bce=0.0290 aux_ce=0.0330)
  Batch 1360/1393 | Loss: 0.0077 (bce=0.0041 aux_ce=0.0092)
  Batch 1370/1393 | Loss: 0.1006 (bce=0.0175 aux_ce=0.2076)
  Batch 1380/1393 | Loss: 0.0523 (bce=0.0049 aux_ce=0.1184)
  Batch 1390/1393 | Loss: 2.0689 (bce=1.6999 aux_ce=0.9226)
Epoch 7 | Train Loss: 0.1871 | Train Acc: 0.9704 | Val AUC: 0.9953
Saved checkpoint: models\stageA_checkpoint_epoch7.pth
  New best val AUC: 0.9953 - saved stageA_best_model.pth
  Batch 10/1393 | Loss: 0.0541 (bce=0.0449 aux_ce=0.0232)
  Batch 20/1393 | Loss: 0.0281 (bce=0.0215 aux_ce=0.0165)
  Batch 30/1393 | Loss: 0.0477 (bce=0.0324 aux_ce=0.0384)
  Batch 40/1393 | Loss: 0.0579 (bce=0.0492 aux_ce=0.0218)
  Batch 50/1393 | Loss: 1.0048 (bce=0.8506 aux_ce=0.3854)
  Batch 60/1393 | Loss: 0.0284 (bce=0.0220 aux_ce=0.0158)
  Batch 70/1393 | Loss: 0.0196 (bce=0.0127 aux_ce=0.0171)
  Batch 80/1393 | Loss: 0.0346 (bce=0.0251 aux_ce=0.0239)
  Batch 90/1393 | Loss: 0.1405 (bce=0.0234 aux_ce=0.2929)
  Batch 100/1393 | Loss: 0.2745 (bce=0.1835 aux_ce=0.2275)
  Batch 110/1393 | Loss: 0.0067 (bce=0.0040 aux_ce=0.0066)
  Batch 120/1393 | Loss: 0.5304 (bce=0.4249 aux_ce=0.2638)
  Batch 130/1393 | Loss: 0.0483 (bce=0.0002 aux_ce=0.1201)
  Batch 140/1393 | Loss: 0.1471 (bce=0.1300 aux_ce=0.0429)
  Batch 150/1393 | Loss: 2.6727 (bce=2.2183 aux_ce=1.1359)
  Batch 160/1393 | Loss: 0.4604 (bce=0.0725 aux_ce=0.9698)
  Batch 170/1393 | Loss: 1.3340 (bce=1.0597 aux_ce=0.6859)
  Batch 180/1393 | Loss: 0.0564 (bce=0.0285 aux_ce=0.0698)
  Batch 190/1393 | Loss: 0.0995 (bce=0.0530 aux_ce=0.1163)
  Batch 200/1393 | Loss: 0.1283 (bce=0.0925 aux_ce=0.0895)
  Batch 210/1393 | Loss: 0.0625 (bce=0.0177 aux_ce=0.1119)
  Batch 220/1393 | Loss: 0.0335 (bce=0.0083 aux_ce=0.0630)
  Batch 230/1393 | Loss: 0.0979 (bce=0.0804 aux_ce=0.0438)
  Batch 240/1393 | Loss: 0.2138 (bce=0.1801 aux_ce=0.0843)
  Batch 250/1393 | Loss: 0.0422 (bce=0.0320 aux_ce=0.0256)
  Batch 260/1393 | Loss: 0.5151 (bce=0.3904 aux_ce=0.3116)
  Batch 270/1393 | Loss: 0.0610 (bce=0.0165 aux_ce=0.1113)
  Batch 280/1393 | Loss: 0.6471 (bce=0.4269 aux_ce=0.5505)
  Batch 290/1393 | Loss: 0.1557 (bce=0.1360 aux_ce=0.0493)
  Batch 300/1393 | Loss: 0.0915 (bce=0.0139 aux_ce=0.1939)
  Batch 310/1393 | Loss: 0.0332 (bce=0.0295 aux_ce=0.0092)
  Batch 320/1393 | Loss: 0.1975 (bce=0.1378 aux_ce=0.1495)
  Batch 330/1393 | Loss: 0.1727 (bce=0.1525 aux_ce=0.0505)
  Batch 340/1393 | Loss: 0.1366 (bce=0.1138 aux_ce=0.0572)
  Batch 350/1393 | Loss: 0.0281 (bce=0.0167 aux_ce=0.0285)
  Batch 360/1393 | Loss: 1.0058 (bce=0.7727 aux_ce=0.5830)
  Batch 370/1393 | Loss: 0.0875 (bce=0.0345 aux_ce=0.1325)
  Batch 380/1393 | Loss: 0.1263 (bce=0.0186 aux_ce=0.2691)
  Batch 390/1393 | Loss: 0.0513 (bce=0.0447 aux_ce=0.0164)
  Batch 400/1393 | Loss: 0.1681 (bce=0.1270 aux_ce=0.1028)
  Batch 410/1393 | Loss: 0.4619 (bce=0.3740 aux_ce=0.2197)
  Batch 420/1393 | Loss: 0.6988 (bce=0.5222 aux_ce=0.4417)
  Batch 430/1393 | Loss: 0.0445 (bce=0.0128 aux_ce=0.0793)
  Batch 440/1393 | Loss: 0.2850 (bce=0.2198 aux_ce=0.1631)
  Batch 450/1393 | Loss: 0.1200 (bce=0.0996 aux_ce=0.0511)
  Batch 460/1393 | Loss: 0.1910 (bce=0.1588 aux_ce=0.0804)
  Batch 470/1393 | Loss: 0.0885 (bce=0.0650 aux_ce=0.0586)
  Batch 480/1393 | Loss: 1.5998 (bce=1.3474 aux_ce=0.6309)
  Batch 490/1393 | Loss: 2.0392 (bce=1.7421 aux_ce=0.7427)
  Batch 500/1393 | Loss: 0.1566 (bce=0.0145 aux_ce=0.3551)
  Batch 510/1393 | Loss: 0.0742 (bce=0.0309 aux_ce=0.1083)
  Batch 520/1393 | Loss: 0.4746 (bce=0.3288 aux_ce=0.3645)
  Batch 530/1393 | Loss: 0.1660 (bce=0.0780 aux_ce=0.2199)
  Batch 540/1393 | Loss: 0.4422 (bce=0.3666 aux_ce=0.1888)
  Batch 550/1393 | Loss: 0.1936 (bce=0.1676 aux_ce=0.0651)
  Batch 560/1393 | Loss: 0.3104 (bce=0.2521 aux_ce=0.1457)
  Batch 570/1393 | Loss: 0.0402 (bce=0.0243 aux_ce=0.0399)
  Batch 580/1393 | Loss: 0.0288 (bce=0.0225 aux_ce=0.0158)
  Batch 590/1393 | Loss: 0.0645 (bce=0.0106 aux_ce=0.1348)
  Batch 600/1393 | Loss: 0.0550 (bce=0.0146 aux_ce=0.1008)
  Batch 610/1393 | Loss: 0.0388 (bce=0.0075 aux_ce=0.0782)
  Batch 620/1393 | Loss: 0.0331 (bce=0.0189 aux_ce=0.0355)
  Batch 630/1393 | Loss: 0.0141 (bce=0.0093 aux_ce=0.0121)
  Batch 640/1393 | Loss: 0.1722 (bce=0.1196 aux_ce=0.1315)
  Batch 650/1393 | Loss: 0.1103 (bce=0.0033 aux_ce=0.2675)
  Batch 660/1393 | Loss: 0.0769 (bce=0.0569 aux_ce=0.0499)
  Batch 670/1393 | Loss: 0.1008 (bce=0.0013 aux_ce=0.2487)
  Batch 680/1393 | Loss: 0.0644 (bce=0.0065 aux_ce=0.1446)
  Batch 690/1393 | Loss: 0.0761 (bce=0.0586 aux_ce=0.0437)
  Batch 700/1393 | Loss: 2.4160 (bce=1.9738 aux_ce=1.1055)
  Batch 710/1393 | Loss: 0.1727 (bce=0.0196 aux_ce=0.3827)
  Batch 720/1393 | Loss: 0.1158 (bce=0.0645 aux_ce=0.1283)
  Batch 730/1393 | Loss: 0.1725 (bce=0.0095 aux_ce=0.4074)
  Batch 740/1393 | Loss: 0.1281 (bce=0.1062 aux_ce=0.0548)
  Batch 750/1393 | Loss: 0.0922 (bce=0.0772 aux_ce=0.0376)
  Batch 760/1393 | Loss: 0.1653 (bce=0.1422 aux_ce=0.0579)
  Batch 770/1393 | Loss: 0.0404 (bce=0.0224 aux_ce=0.0450)
  Batch 780/1393 | Loss: 0.1601 (bce=0.0599 aux_ce=0.2505)
  Batch 790/1393 | Loss: 0.1209 (bce=0.0009 aux_ce=0.3001)
  Batch 800/1393 | Loss: 0.0214 (bce=0.0152 aux_ce=0.0154)
  Batch 810/1393 | Loss: 0.1559 (bce=0.0034 aux_ce=0.3813)
  Batch 820/1393 | Loss: 0.9079 (bce=0.7110 aux_ce=0.4922)
  Batch 830/1393 | Loss: 0.0211 (bce=0.0115 aux_ce=0.0241)
  Batch 840/1393 | Loss: 0.1160 (bce=0.0995 aux_ce=0.0413)
  Batch 850/1393 | Loss: 1.6905 (bce=1.4635 aux_ce=0.5676)
  Batch 860/1393 | Loss: 0.0864 (bce=0.0714 aux_ce=0.0374)
  Batch 870/1393 | Loss: 0.1236 (bce=0.0979 aux_ce=0.0644)
  Batch 880/1393 | Loss: 0.2521 (bce=0.2088 aux_ce=0.1082)
  Batch 890/1393 | Loss: 0.0946 (bce=0.0207 aux_ce=0.1847)
  Batch 900/1393 | Loss: 0.4624 (bce=0.3630 aux_ce=0.2485)
  Batch 910/1393 | Loss: 0.2199 (bce=0.1616 aux_ce=0.1458)
  Batch 920/1393 | Loss: 0.0373 (bce=0.0159 aux_ce=0.0535)
  Batch 930/1393 | Loss: 0.0475 (bce=0.0341 aux_ce=0.0336)
  Batch 940/1393 | Loss: 0.1249 (bce=0.0933 aux_ce=0.0790)
  Batch 950/1393 | Loss: 0.1502 (bce=0.0638 aux_ce=0.2160)
  Batch 960/1393 | Loss: 0.2853 (bce=0.2152 aux_ce=0.1750)
  Batch 970/1393 | Loss: 0.1130 (bce=0.0130 aux_ce=0.2501)
  Batch 980/1393 | Loss: 0.0241 (bce=0.0060 aux_ce=0.0451)
  Batch 990/1393 | Loss: 0.0850 (bce=0.0041 aux_ce=0.2022)
  Batch 1000/1393 | Loss: 0.0054 (bce=0.0027 aux_ce=0.0069)
  Batch 1010/1393 | Loss: 0.3664 (bce=0.3001 aux_ce=0.1658)
  Batch 1020/1393 | Loss: 0.0795 (bce=0.0037 aux_ce=0.1895)
  Batch 1030/1393 | Loss: 1.8834 (bce=1.6290 aux_ce=0.6361)
  Batch 1040/1393 | Loss: 0.0528 (bce=0.0413 aux_ce=0.0287)
  Batch 1050/1393 | Loss: 0.1618 (bce=0.0278 aux_ce=0.3349)
  Batch 1060/1393 | Loss: 0.2416 (bce=0.1941 aux_ce=0.1187)
  Batch 1070/1393 | Loss: 0.0715 (bce=0.0462 aux_ce=0.0633)
  Batch 1080/1393 | Loss: 0.0422 (bce=0.0156 aux_ce=0.0664)
  Batch 1090/1393 | Loss: 0.0144 (bce=0.0104 aux_ce=0.0102)
  Batch 1100/1393 | Loss: 0.1605 (bce=0.0043 aux_ce=0.3905)
  Batch 1110/1393 | Loss: 0.0283 (bce=0.0181 aux_ce=0.0256)
  Batch 1120/1393 | Loss: 0.1736 (bce=0.0611 aux_ce=0.2811)
  Batch 1130/1393 | Loss: 0.3762 (bce=0.0966 aux_ce=0.6990)
  Batch 1140/1393 | Loss: 0.0533 (bce=0.0301 aux_ce=0.0578)
  Batch 1150/1393 | Loss: 1.4333 (bce=1.2083 aux_ce=0.5625)
  Batch 1160/1393 | Loss: 0.0903 (bce=0.0768 aux_ce=0.0338)
  Batch 1170/1393 | Loss: 0.2106 (bce=0.0442 aux_ce=0.4160)
  Batch 1180/1393 | Loss: 0.3190 (bce=0.2740 aux_ce=0.1126)
  Batch 1190/1393 | Loss: 0.6005 (bce=0.3648 aux_ce=0.5892)
  Batch 1200/1393 | Loss: 0.4546 (bce=0.3766 aux_ce=0.1950)
  Batch 1210/1393 | Loss: 0.1148 (bce=0.0242 aux_ce=0.2263)
  Batch 1220/1393 | Loss: 0.0109 (bce=0.0046 aux_ce=0.0156)
  Batch 1230/1393 | Loss: 0.2233 (bce=0.0659 aux_ce=0.3933)
  Batch 1240/1393 | Loss: 0.0276 (bce=0.0036 aux_ce=0.0599)
  Batch 1250/1393 | Loss: 0.5393 (bce=0.4374 aux_ce=0.2548)
  Batch 1260/1393 | Loss: 0.2806 (bce=0.0275 aux_ce=0.6328)
  Batch 1270/1393 | Loss: 0.0592 (bce=0.0533 aux_ce=0.0147)
  Batch 1280/1393 | Loss: 0.0995 (bce=0.0826 aux_ce=0.0421)
  Batch 1290/1393 | Loss: 0.0908 (bce=0.0682 aux_ce=0.0566)
  Batch 1300/1393 | Loss: 0.0632 (bce=0.0488 aux_ce=0.0360)
  Batch 1310/1393 | Loss: 0.0544 (bce=0.0360 aux_ce=0.0462)
  Batch 1320/1393 | Loss: 0.9982 (bce=0.8120 aux_ce=0.4656)
  Batch 1330/1393 | Loss: 1.2974 (bce=1.1033 aux_ce=0.4852)
  Batch 1340/1393 | Loss: 0.0956 (bce=0.0831 aux_ce=0.0312)
  Batch 1350/1393 | Loss: 0.0365 (bce=0.0315 aux_ce=0.0123)
  Batch 1360/1393 | Loss: 0.4445 (bce=0.3453 aux_ce=0.2481)
  Batch 1370/1393 | Loss: 0.3942 (bce=0.1138 aux_ce=0.7010)
  Batch 1380/1393 | Loss: 0.0632 (bce=0.0413 aux_ce=0.0547)
  Batch 1390/1393 | Loss: 0.0659 (bce=0.0291 aux_ce=0.0921)
Epoch 8 | Train Loss: 0.1984 | Train Acc: 0.9690 | Val AUC: 0.9938
Saved checkpoint: models\stageA_checkpoint_epoch8.pth
  No improvement for 1/5 epochs
  Batch 10/1393 | Loss: 0.0142 (bce=0.0109 aux_ce=0.0083)
  Batch 20/1393 | Loss: 0.2886 (bce=0.2225 aux_ce=0.1652)
  Batch 30/1393 | Loss: 0.0427 (bce=0.0303 aux_ce=0.0309)
  Batch 40/1393 | Loss: 0.0542 (bce=0.0061 aux_ce=0.1202)
  Batch 50/1393 | Loss: 0.0353 (bce=0.0256 aux_ce=0.0242)
  Batch 60/1393 | Loss: 0.0978 (bce=0.0828 aux_ce=0.0374)
  Batch 70/1393 | Loss: 0.1010 (bce=0.0644 aux_ce=0.0914)
  Batch 80/1393 | Loss: 0.0291 (bce=0.0249 aux_ce=0.0105)
  Batch 90/1393 | Loss: 0.0094 (bce=0.0036 aux_ce=0.0145)
  Batch 100/1393 | Loss: 0.4661 (bce=0.4278 aux_ce=0.0956)
  Batch 110/1393 | Loss: 0.0308 (bce=0.0248 aux_ce=0.0150)
  Batch 120/1393 | Loss: 0.0388 (bce=0.0348 aux_ce=0.0099)
  Batch 130/1393 | Loss: 0.1162 (bce=0.0389 aux_ce=0.1932)
  Batch 140/1393 | Loss: 0.0861 (bce=0.0574 aux_ce=0.0716)
  Batch 150/1393 | Loss: 0.0727 (bce=0.0605 aux_ce=0.0305)
  Batch 160/1393 | Loss: 0.0265 (bce=0.0162 aux_ce=0.0256)
  Batch 170/1393 | Loss: 0.7594 (bce=0.6017 aux_ce=0.3943)
  Batch 180/1393 | Loss: 0.0505 (bce=0.0432 aux_ce=0.0183)
  Batch 190/1393 | Loss: 0.0195 (bce=0.0089 aux_ce=0.0267)
  Batch 200/1393 | Loss: 0.1346 (bce=0.1154 aux_ce=0.0481)
  Batch 210/1393 | Loss: 0.0544 (bce=0.0049 aux_ce=0.1237)
  Batch 220/1393 | Loss: 0.0466 (bce=0.0378 aux_ce=0.0222)
  Batch 230/1393 | Loss: 0.4250 (bce=0.3226 aux_ce=0.2560)
  Batch 240/1393 | Loss: 0.0282 (bce=0.0051 aux_ce=0.0578)
  Batch 250/1393 | Loss: 0.1075 (bce=0.0356 aux_ce=0.1798)
  Batch 260/1393 | Loss: 0.1024 (bce=0.0038 aux_ce=0.2463)
  Batch 270/1393 | Loss: 0.3753 (bce=0.2632 aux_ce=0.2802)
  Batch 280/1393 | Loss: 0.4965 (bce=0.2785 aux_ce=0.5450)
  Batch 290/1393 | Loss: 0.4923 (bce=0.3903 aux_ce=0.2550)
  Batch 300/1393 | Loss: 0.0373 (bce=0.0300 aux_ce=0.0182)
  Batch 310/1393 | Loss: 0.1394 (bce=0.0433 aux_ce=0.2402)
  Batch 320/1393 | Loss: 0.0454 (bce=0.0402 aux_ce=0.0130)
  Batch 330/1393 | Loss: 0.0155 (bce=0.0098 aux_ce=0.0142)
  Batch 340/1393 | Loss: 0.0262 (bce=0.0093 aux_ce=0.0421)
  Batch 350/1393 | Loss: 0.0457 (bce=0.0387 aux_ce=0.0175)
  Batch 360/1393 | Loss: 0.1329 (bce=0.0951 aux_ce=0.0944)
  Batch 370/1393 | Loss: 0.0972 (bce=0.0130 aux_ce=0.2105)
  Batch 380/1393 | Loss: 0.1899 (bce=0.0077 aux_ce=0.4554)
  Batch 390/1393 | Loss: 0.1004 (bce=0.0537 aux_ce=0.1168)
  Batch 400/1393 | Loss: 1.3143 (bce=1.0756 aux_ce=0.5968)
  Batch 410/1393 | Loss: 0.0827 (bce=0.0477 aux_ce=0.0875)
  Batch 420/1393 | Loss: 0.0850 (bce=0.0778 aux_ce=0.0180)
  Batch 430/1393 | Loss: 0.0528 (bce=0.0406 aux_ce=0.0305)
  Batch 440/1393 | Loss: 0.1847 (bce=0.1515 aux_ce=0.0830)
  Batch 450/1393 | Loss: 0.0762 (bce=0.0569 aux_ce=0.0483)
  Batch 460/1393 | Loss: 0.1498 (bce=0.1231 aux_ce=0.0666)
  Batch 470/1393 | Loss: 0.1222 (bce=0.0985 aux_ce=0.0592)
  Batch 480/1393 | Loss: 0.0101 (bce=0.0082 aux_ce=0.0049)
  Batch 490/1393 | Loss: 0.2372 (bce=0.0277 aux_ce=0.5237)
  Batch 500/1393 | Loss: 0.0151 (bce=0.0101 aux_ce=0.0125)
  Batch 510/1393 | Loss: 0.0205 (bce=0.0175 aux_ce=0.0074)
  Batch 520/1393 | Loss: 0.0287 (bce=0.0135 aux_ce=0.0380)
  Batch 530/1393 | Loss: 0.0371 (bce=0.0231 aux_ce=0.0350)
  Batch 540/1393 | Loss: 0.5732 (bce=0.4823 aux_ce=0.2272)
  Batch 550/1393 | Loss: 0.0665 (bce=0.0091 aux_ce=0.1435)
  Batch 560/1393 | Loss: 0.1169 (bce=0.0285 aux_ce=0.2209)
  Batch 570/1393 | Loss: 0.0187 (bce=0.0117 aux_ce=0.0177)
  Batch 580/1393 | Loss: 0.0058 (bce=0.0050 aux_ce=0.0019)
  Batch 590/1393 | Loss: 0.0319 (bce=0.0041 aux_ce=0.0694)
  Batch 600/1393 | Loss: 0.0128 (bce=0.0049 aux_ce=0.0198)
  Batch 610/1393 | Loss: 0.3490 (bce=0.0042 aux_ce=0.8620)
  Batch 620/1393 | Loss: 0.2059 (bce=0.1682 aux_ce=0.0942)
  Batch 630/1393 | Loss: 0.0074 (bce=0.0054 aux_ce=0.0050)
  Batch 640/1393 | Loss: 0.0083 (bce=0.0064 aux_ce=0.0048)
  Batch 650/1393 | Loss: 0.0984 (bce=0.0568 aux_ce=0.1040)
  Batch 660/1393 | Loss: 0.0229 (bce=0.0182 aux_ce=0.0118)
  Batch 670/1393 | Loss: 2.4015 (bce=2.0911 aux_ce=0.7761)
  Batch 680/1393 | Loss: 0.4877 (bce=0.3746 aux_ce=0.2829)
  Batch 690/1393 | Loss: 0.0209 (bce=0.0151 aux_ce=0.0144)
  Batch 700/1393 | Loss: 0.2054 (bce=0.0009 aux_ce=0.5112)
  Batch 710/1393 | Loss: 0.1650 (bce=0.1364 aux_ce=0.0717)
  Batch 720/1393 | Loss: 0.0453 (bce=0.0337 aux_ce=0.0289)
  Batch 730/1393 | Loss: 0.0240 (bce=0.0177 aux_ce=0.0158)
  Batch 740/1393 | Loss: 0.0205 (bce=0.0043 aux_ce=0.0406)
  Batch 750/1393 | Loss: 0.0210 (bce=0.0052 aux_ce=0.0396)
  Batch 760/1393 | Loss: 0.1685 (bce=0.1237 aux_ce=0.1122)
  Batch 770/1393 | Loss: 0.0208 (bce=0.0177 aux_ce=0.0079)
  Batch 780/1393 | Loss: 0.3597 (bce=0.2868 aux_ce=0.1823)
  Batch 790/1393 | Loss: 0.0126 (bce=0.0109 aux_ce=0.0043)
  Batch 800/1393 | Loss: 0.0059 (bce=0.0026 aux_ce=0.0083)
  Batch 810/1393 | Loss: 0.0219 (bce=0.0173 aux_ce=0.0117)
  Batch 820/1393 | Loss: 0.2326 (bce=0.0818 aux_ce=0.3768)
  Batch 830/1393 | Loss: 0.0382 (bce=0.0253 aux_ce=0.0323)
  Batch 840/1393 | Loss: 0.2061 (bce=0.0021 aux_ce=0.5100)
  Batch 850/1393 | Loss: 2.2547 (bce=1.9122 aux_ce=0.8562)
  Batch 860/1393 | Loss: 0.0235 (bce=0.0183 aux_ce=0.0130)
  Batch 870/1393 | Loss: 0.0392 (bce=0.0139 aux_ce=0.0631)
  Batch 880/1393 | Loss: 0.0201 (bce=0.0036 aux_ce=0.0411)
  Batch 890/1393 | Loss: 0.0264 (bce=0.0072 aux_ce=0.0480)
  Batch 900/1393 | Loss: 0.0079 (bce=0.0015 aux_ce=0.0160)
  Batch 910/1393 | Loss: 1.8514 (bce=1.6021 aux_ce=0.6232)
  Batch 920/1393 | Loss: 1.0329 (bce=0.8326 aux_ce=0.5009)
  Batch 930/1393 | Loss: 0.0464 (bce=0.0403 aux_ce=0.0152)
  Batch 940/1393 | Loss: 0.0157 (bce=0.0101 aux_ce=0.0141)
  Batch 950/1393 | Loss: 0.0252 (bce=0.0152 aux_ce=0.0251)
  Batch 960/1393 | Loss: 0.1189 (bce=0.0810 aux_ce=0.0947)
  Batch 970/1393 | Loss: 0.3460 (bce=0.2970 aux_ce=0.1227)
  Batch 980/1393 | Loss: 0.0336 (bce=0.0241 aux_ce=0.0236)
  Batch 990/1393 | Loss: 0.0731 (bce=0.0193 aux_ce=0.1344)
  Batch 1000/1393 | Loss: 0.1914 (bce=0.1347 aux_ce=0.1417)
  Batch 1010/1393 | Loss: 0.0358 (bce=0.0279 aux_ce=0.0197)
  Batch 1020/1393 | Loss: 0.3375 (bce=0.0484 aux_ce=0.7228)
  Batch 1030/1393 | Loss: 0.0343 (bce=0.0290 aux_ce=0.0133)
  Batch 1040/1393 | Loss: 0.0319 (bce=0.0201 aux_ce=0.0295)
  Batch 1050/1393 | Loss: 0.2279 (bce=0.1730 aux_ce=0.1373)
  Batch 1060/1393 | Loss: 0.0643 (bce=0.0489 aux_ce=0.0386)
  Batch 1070/1393 | Loss: 0.6147 (bce=0.5009 aux_ce=0.2846)
  Batch 1080/1393 | Loss: 0.0888 (bce=0.0055 aux_ce=0.2084)
  Batch 1090/1393 | Loss: 0.0110 (bce=0.0057 aux_ce=0.0132)
  Batch 1100/1393 | Loss: 0.1855 (bce=0.1516 aux_ce=0.0846)
  Batch 1110/1393 | Loss: 0.0860 (bce=0.0710 aux_ce=0.0375)
  Batch 1120/1393 | Loss: 0.0071 (bce=0.0051 aux_ce=0.0050)
  Batch 1130/1393 | Loss: 0.4508 (bce=0.2978 aux_ce=0.3825)
  Batch 1140/1393 | Loss: 0.0158 (bce=0.0107 aux_ce=0.0126)
  Batch 1150/1393 | Loss: 0.0691 (bce=0.0334 aux_ce=0.0893)
  Batch 1160/1393 | Loss: 0.0322 (bce=0.0019 aux_ce=0.0758)
  Batch 1170/1393 | Loss: 0.0240 (bce=0.0205 aux_ce=0.0087)
  Batch 1180/1393 | Loss: 0.0132 (bce=0.0108 aux_ce=0.0060)
  Batch 1190/1393 | Loss: 0.2647 (bce=0.1988 aux_ce=0.1648)
  Batch 1200/1393 | Loss: 0.0159 (bce=0.0033 aux_ce=0.0314)
  Batch 1210/1393 | Loss: 0.0184 (bce=0.0130 aux_ce=0.0136)
  Batch 1220/1393 | Loss: 0.0812 (bce=0.0373 aux_ce=0.1099)
  Batch 1230/1393 | Loss: 1.6963 (bce=1.4393 aux_ce=0.6424)
  Batch 1240/1393 | Loss: 0.2290 (bce=0.1890 aux_ce=0.1001)
  Batch 1250/1393 | Loss: 0.1703 (bce=0.1304 aux_ce=0.0997)
  Batch 1260/1393 | Loss: 0.0102 (bce=0.0046 aux_ce=0.0140)
  Batch 1270/1393 | Loss: 0.0559 (bce=0.0414 aux_ce=0.0363)
  Batch 1280/1393 | Loss: 0.1742 (bce=0.0517 aux_ce=0.3061)
  Batch 1290/1393 | Loss: 0.0406 (bce=0.0067 aux_ce=0.0848)
  Batch 1300/1393 | Loss: 0.0245 (bce=0.0114 aux_ce=0.0329)
  Batch 1310/1393 | Loss: 0.0104 (bce=0.0048 aux_ce=0.0139)
  Batch 1320/1393 | Loss: 0.3250 (bce=0.0106 aux_ce=0.7860)
  Batch 1330/1393 | Loss: 0.2540 (bce=0.2052 aux_ce=0.1221)
  Batch 1340/1393 | Loss: 0.2095 (bce=0.0135 aux_ce=0.4900)
  Batch 1350/1393 | Loss: 1.2774 (bce=1.0458 aux_ce=0.5788)
  Batch 1360/1393 | Loss: 0.0671 (bce=0.0314 aux_ce=0.0893)
  Batch 1370/1393 | Loss: 0.0409 (bce=0.0122 aux_ce=0.0717)
  Batch 1380/1393 | Loss: 0.0746 (bce=0.0676 aux_ce=0.0174)
  Batch 1390/1393 | Loss: 0.0111 (bce=0.0088 aux_ce=0.0058)
Epoch 9 | Train Loss: 0.1667 | Train Acc: 0.9758 | Val AUC: 0.9959
Saved checkpoint: models\stageA_checkpoint_epoch9.pth
  New best val AUC: 0.9959 - saved stageA_best_model.pth
  Batch 10/1393 | Loss: 0.7073 (bce=0.5642 aux_ce=0.3578)
  Batch 20/1393 | Loss: 0.0211 (bce=0.0097 aux_ce=0.0287)
  Batch 30/1393 | Loss: 0.1924 (bce=0.1600 aux_ce=0.0810)
  Batch 40/1393 | Loss: 0.0288 (bce=0.0019 aux_ce=0.0674)
  Batch 50/1393 | Loss: 0.0053 (bce=0.0026 aux_ce=0.0068)
  Batch 60/1393 | Loss: 0.0120 (bce=0.0055 aux_ce=0.0162)
  Batch 70/1393 | Loss: 0.0208 (bce=0.0171 aux_ce=0.0093)
  Batch 80/1393 | Loss: 0.0291 (bce=0.0120 aux_ce=0.0428)
  Batch 90/1393 | Loss: 0.0921 (bce=0.0728 aux_ce=0.0482)
  Batch 100/1393 | Loss: 0.0060 (bce=0.0030 aux_ce=0.0075)
  Batch 110/1393 | Loss: 0.1883 (bce=0.1544 aux_ce=0.0847)
  Batch 120/1393 | Loss: 0.0148 (bce=0.0068 aux_ce=0.0201)
  Batch 130/1393 | Loss: 0.8978 (bce=0.6698 aux_ce=0.5701)
  Batch 140/1393 | Loss: 0.0187 (bce=0.0144 aux_ce=0.0108)
  Batch 150/1393 | Loss: 0.1456 (bce=0.0998 aux_ce=0.1144)
  Batch 160/1393 | Loss: 0.0168 (bce=0.0028 aux_ce=0.0350)
  Batch 170/1393 | Loss: 0.1111 (bce=0.0102 aux_ce=0.2523)
  Batch 180/1393 | Loss: 0.0586 (bce=0.0295 aux_ce=0.0728)
  Batch 190/1393 | Loss: 0.0131 (bce=0.0031 aux_ce=0.0252)
  Batch 200/1393 | Loss: 0.1454 (bce=0.0451 aux_ce=0.2505)
  Batch 210/1393 | Loss: 1.4031 (bce=1.1045 aux_ce=0.7465)
  Batch 220/1393 | Loss: 0.0592 (bce=0.0309 aux_ce=0.0708)
  Batch 230/1393 | Loss: 0.0884 (bce=0.0703 aux_ce=0.0452)
  Batch 240/1393 | Loss: 0.0330 (bce=0.0091 aux_ce=0.0598)
  Batch 250/1393 | Loss: 0.0110 (bce=0.0048 aux_ce=0.0156)
  Batch 260/1393 | Loss: 0.0138 (bce=0.0037 aux_ce=0.0252)
  Batch 270/1393 | Loss: 0.0536 (bce=0.0407 aux_ce=0.0322)
  Batch 280/1393 | Loss: 0.0901 (bce=0.0058 aux_ce=0.2106)
  Batch 290/1393 | Loss: 0.3544 (bce=0.1528 aux_ce=0.5041)
  Batch 300/1393 | Loss: 1.3693 (bce=1.0557 aux_ce=0.7840)
  Batch 310/1393 | Loss: 0.0240 (bce=0.0164 aux_ce=0.0192)
  Batch 320/1393 | Loss: 0.1201 (bce=0.0181 aux_ce=0.2549)
  Batch 330/1393 | Loss: 0.0268 (bce=0.0115 aux_ce=0.0382)
  Batch 340/1393 | Loss: 0.0282 (bce=0.0064 aux_ce=0.0544)
  Batch 350/1393 | Loss: 0.1610 (bce=0.0411 aux_ce=0.2999)
  Batch 360/1393 | Loss: 0.0456 (bce=0.0391 aux_ce=0.0162)
  Batch 370/1393 | Loss: 0.0097 (bce=0.0083 aux_ce=0.0034)
  Batch 380/1393 | Loss: 0.0196 (bce=0.0117 aux_ce=0.0198)
  Batch 390/1393 | Loss: 0.0233 (bce=0.0116 aux_ce=0.0293)
  Batch 400/1393 | Loss: 0.1017 (bce=0.0822 aux_ce=0.0488)
  Batch 410/1393 | Loss: 0.0074 (bce=0.0052 aux_ce=0.0056)
  Batch 420/1393 | Loss: 0.0384 (bce=0.0127 aux_ce=0.0643)
  Batch 430/1393 | Loss: 0.0263 (bce=0.0206 aux_ce=0.0144)
  Batch 440/1393 | Loss: 0.0255 (bce=0.0099 aux_ce=0.0392)
  Batch 450/1393 | Loss: 0.2513 (bce=0.2151 aux_ce=0.0905)
  Batch 460/1393 | Loss: 0.0396 (bce=0.0297 aux_ce=0.0248)
  Batch 470/1393 | Loss: 0.1803 (bce=0.0952 aux_ce=0.2130)
  Batch 480/1393 | Loss: 0.0157 (bce=0.0113 aux_ce=0.0109)
  Batch 490/1393 | Loss: 0.0068 (bce=0.0058 aux_ce=0.0025)
  Batch 500/1393 | Loss: 0.1367 (bce=0.0800 aux_ce=0.1418)
  Batch 510/1393 | Loss: 0.0209 (bce=0.0151 aux_ce=0.0145)
  Batch 520/1393 | Loss: 0.0638 (bce=0.0511 aux_ce=0.0318)
  Batch 530/1393 | Loss: 0.0965 (bce=0.0704 aux_ce=0.0652)
  Batch 540/1393 | Loss: 0.0435 (bce=0.0334 aux_ce=0.0252)
  Batch 550/1393 | Loss: 0.0057 (bce=0.0042 aux_ce=0.0037)
  Batch 560/1393 | Loss: 0.0659 (bce=0.0487 aux_ce=0.0430)
  Batch 570/1393 | Loss: 0.3029 (bce=0.2333 aux_ce=0.1741)
  Batch 580/1393 | Loss: 0.0148 (bce=0.0070 aux_ce=0.0195)
  Batch 590/1393 | Loss: 0.0456 (bce=0.0410 aux_ce=0.0114)
  Batch 600/1393 | Loss: 0.0354 (bce=0.0117 aux_ce=0.0592)
  Batch 610/1393 | Loss: 0.0336 (bce=0.0164 aux_ce=0.0430)
  Batch 620/1393 | Loss: 0.0090 (bce=0.0062 aux_ce=0.0070)
  Batch 630/1393 | Loss: 0.0152 (bce=0.0114 aux_ce=0.0094)
  Batch 640/1393 | Loss: 0.0137 (bce=0.0114 aux_ce=0.0059)
  Batch 650/1393 | Loss: 0.2835 (bce=0.0505 aux_ce=0.5826)
  Batch 660/1393 | Loss: 0.1516 (bce=0.1297 aux_ce=0.0547)
  Batch 670/1393 | Loss: 0.0098 (bce=0.0077 aux_ce=0.0051)
  Batch 680/1393 | Loss: 0.0195 (bce=0.0135 aux_ce=0.0152)
  Batch 690/1393 | Loss: 0.2413 (bce=0.1716 aux_ce=0.1743)
  Batch 700/1393 | Loss: 0.0596 (bce=0.0145 aux_ce=0.1128)
  Batch 710/1393 | Loss: 0.0250 (bce=0.0137 aux_ce=0.0282)
  Batch 720/1393 | Loss: 0.0193 (bce=0.0123 aux_ce=0.0174)
  Batch 730/1393 | Loss: 0.1103 (bce=0.0672 aux_ce=0.1076)
  Batch 740/1393 | Loss: 0.0710 (bce=0.0587 aux_ce=0.0308)
  Batch 750/1393 | Loss: 0.0376 (bce=0.0239 aux_ce=0.0342)
  Batch 760/1393 | Loss: 0.0067 (bce=0.0044 aux_ce=0.0057)
  Batch 770/1393 | Loss: 0.1138 (bce=0.0091 aux_ce=0.2616)
  Batch 780/1393 | Loss: 0.4041 (bce=0.3482 aux_ce=0.1397)
  Batch 790/1393 | Loss: 0.2933 (bce=0.1962 aux_ce=0.2428)
  Batch 800/1393 | Loss: 0.0346 (bce=0.0305 aux_ce=0.0102)
  Batch 810/1393 | Loss: 0.0384 (bce=0.0322 aux_ce=0.0156)
  Batch 820/1393 | Loss: 0.0156 (bce=0.0143 aux_ce=0.0033)
  Batch 830/1393 | Loss: 0.0893 (bce=0.0062 aux_ce=0.2078)
  Batch 840/1393 | Loss: 0.0288 (bce=0.0007 aux_ce=0.0701)
  Batch 850/1393 | Loss: 0.0976 (bce=0.0767 aux_ce=0.0524)
  Batch 860/1393 | Loss: 0.0061 (bce=0.0033 aux_ce=0.0070)
  Batch 870/1393 | Loss: 0.3725 (bce=0.3024 aux_ce=0.1753)
  Batch 880/1393 | Loss: 0.1371 (bce=0.1167 aux_ce=0.0509)
  Batch 890/1393 | Loss: 0.0084 (bce=0.0029 aux_ce=0.0137)
  Batch 900/1393 | Loss: 0.2525 (bce=0.1341 aux_ce=0.2960)
  Batch 910/1393 | Loss: 0.0316 (bce=0.0277 aux_ce=0.0098)
  Batch 920/1393 | Loss: 0.0141 (bce=0.0117 aux_ce=0.0059)
  Batch 930/1393 | Loss: 0.0302 (bce=0.0164 aux_ce=0.0345)
  Batch 940/1393 | Loss: 0.1294 (bce=0.1130 aux_ce=0.0410)
  Batch 950/1393 | Loss: 0.0076 (bce=0.0063 aux_ce=0.0034)
  Batch 960/1393 | Loss: 0.1129 (bce=0.0966 aux_ce=0.0408)
  Batch 970/1393 | Loss: 0.0057 (bce=0.0009 aux_ce=0.0121)
  Batch 980/1393 | Loss: 0.0201 (bce=0.0124 aux_ce=0.0193)
  Batch 990/1393 | Loss: 0.0231 (bce=0.0055 aux_ce=0.0441)
  Batch 1000/1393 | Loss: 0.0822 (bce=0.0746 aux_ce=0.0190)
  Batch 1010/1393 | Loss: 0.1536 (bce=0.1366 aux_ce=0.0424)
  Batch 1020/1393 | Loss: 0.0420 (bce=0.0306 aux_ce=0.0286)
  Batch 1030/1393 | Loss: 0.0194 (bce=0.0127 aux_ce=0.0168)
  Batch 1040/1393 | Loss: 0.0081 (bce=0.0056 aux_ce=0.0064)
  Batch 1050/1393 | Loss: 0.4994 (bce=0.3920 aux_ce=0.2686)
  Batch 1060/1393 | Loss: 0.0380 (bce=0.0341 aux_ce=0.0096)
  Batch 1070/1393 | Loss: 0.0762 (bce=0.0282 aux_ce=0.1198)
  Batch 1080/1393 | Loss: 0.0395 (bce=0.0273 aux_ce=0.0304)
  Batch 1090/1393 | Loss: 0.0142 (bce=0.0069 aux_ce=0.0182)
  Batch 1100/1393 | Loss: 0.0280 (bce=0.0246 aux_ce=0.0086)
  Batch 1110/1393 | Loss: 0.0377 (bce=0.0103 aux_ce=0.0685)
  Batch 1120/1393 | Loss: 0.0251 (bce=0.0015 aux_ce=0.0589)
  Batch 1130/1393 | Loss: 0.3767 (bce=0.2142 aux_ce=0.4063)
  Batch 1140/1393 | Loss: 0.0868 (bce=0.0649 aux_ce=0.0546)
  Batch 1150/1393 | Loss: 0.0259 (bce=0.0180 aux_ce=0.0196)
  Batch 1160/1393 | Loss: 0.0059 (bce=0.0027 aux_ce=0.0079)
  Batch 1170/1393 | Loss: 0.6427 (bce=0.4346 aux_ce=0.5202)
  Batch 1180/1393 | Loss: 1.0696 (bce=0.8771 aux_ce=0.4813)
  Batch 1190/1393 | Loss: 0.0547 (bce=0.0258 aux_ce=0.0723)
  Batch 1200/1393 | Loss: 0.0761 (bce=0.0032 aux_ce=0.1822)
  Batch 1210/1393 | Loss: 0.1237 (bce=0.0921 aux_ce=0.0788)
  Batch 1220/1393 | Loss: 0.0216 (bce=0.0118 aux_ce=0.0245)
  Batch 1230/1393 | Loss: 0.0112 (bce=0.0048 aux_ce=0.0160)
  Batch 1240/1393 | Loss: 0.1304 (bce=0.1115 aux_ce=0.0473)
  Batch 1250/1393 | Loss: 0.0595 (bce=0.0484 aux_ce=0.0277)
  Batch 1260/1393 | Loss: 0.0942 (bce=0.0676 aux_ce=0.0667)
  Batch 1270/1393 | Loss: 0.0556 (bce=0.0413 aux_ce=0.0356)
  Batch 1280/1393 | Loss: 0.1587 (bce=0.0976 aux_ce=0.1527)
  Batch 1290/1393 | Loss: 0.0718 (bce=0.0602 aux_ce=0.0291)
  Batch 1300/1393 | Loss: 0.0247 (bce=0.0020 aux_ce=0.0566)
  Batch 1310/1393 | Loss: 0.4918 (bce=0.3926 aux_ce=0.2481)
  Batch 1320/1393 | Loss: 0.0102 (bce=0.0050 aux_ce=0.0130)
  Batch 1330/1393 | Loss: 0.0870 (bce=0.0510 aux_ce=0.0901)
  Batch 1340/1393 | Loss: 0.0149 (bce=0.0035 aux_ce=0.0285)
  Batch 1350/1393 | Loss: 0.1639 (bce=0.1369 aux_ce=0.0675)
  Batch 1360/1393 | Loss: 0.0897 (bce=0.0788 aux_ce=0.0272)
  Batch 1370/1393 | Loss: 0.0057 (bce=0.0042 aux_ce=0.0037)
  Batch 1380/1393 | Loss: 0.0156 (bce=0.0018 aux_ce=0.0346)
  Batch 1390/1393 | Loss: 0.1218 (bce=0.0916 aux_ce=0.0755)
Epoch 10 | Train Loss: 0.1593 | Train Acc: 0.9746 | Val AUC: 0.9954
Saved checkpoint: models\stageA_checkpoint_epoch10.pth
  No improvement for 1/5 epochs
  Batch 10/1393 | Loss: 0.0030 (bce=0.0019 aux_ce=0.0026)
  Batch 20/1393 | Loss: 0.1829 (bce=0.0020 aux_ce=0.4522)
  Batch 30/1393 | Loss: 0.1742 (bce=0.1471 aux_ce=0.0678)
  Batch 40/1393 | Loss: 0.0220 (bce=0.0152 aux_ce=0.0169)
  Batch 50/1393 | Loss: 0.0393 (bce=0.0094 aux_ce=0.0748)
  Batch 60/1393 | Loss: 0.0351 (bce=0.0258 aux_ce=0.0234)
  Batch 70/1393 | Loss: 0.0063 (bce=0.0022 aux_ce=0.0102)
  Batch 80/1393 | Loss: 0.0980 (bce=0.0575 aux_ce=0.1013)
  Batch 90/1393 | Loss: 0.0062 (bce=0.0021 aux_ce=0.0104)
  Batch 100/1393 | Loss: 0.6476 (bce=0.4086 aux_ce=0.5975)
  Batch 110/1393 | Loss: 0.0522 (bce=0.0091 aux_ce=0.1078)
  Batch 120/1393 | Loss: 0.0187 (bce=0.0067 aux_ce=0.0301)
  Batch 130/1393 | Loss: 0.1259 (bce=0.0006 aux_ce=0.3133)
  Batch 140/1393 | Loss: 0.0544 (bce=0.0048 aux_ce=0.1241)
  Batch 150/1393 | Loss: 0.0012 (bce=0.0006 aux_ce=0.0014)
  Batch 160/1393 | Loss: 0.1625 (bce=0.1398 aux_ce=0.0569)
  Batch 170/1393 | Loss: 0.0192 (bce=0.0019 aux_ce=0.0433)
  Batch 180/1393 | Loss: 0.0642 (bce=0.0286 aux_ce=0.0891)
  Batch 190/1393 | Loss: 0.0147 (bce=0.0079 aux_ce=0.0169)
  Batch 200/1393 | Loss: 0.2004 (bce=0.1606 aux_ce=0.0996)
  Batch 210/1393 | Loss: 0.8720 (bce=0.6340 aux_ce=0.5952)
  Batch 220/1393 | Loss: 0.0277 (bce=0.0177 aux_ce=0.0250)
  Batch 230/1393 | Loss: 0.0191 (bce=0.0152 aux_ce=0.0098)
  Batch 240/1393 | Loss: 0.4347 (bce=0.3197 aux_ce=0.2874)
  Batch 250/1393 | Loss: 0.0258 (bce=0.0241 aux_ce=0.0044)
  Batch 260/1393 | Loss: 0.1001 (bce=0.0845 aux_ce=0.0391)
  Batch 270/1393 | Loss: 0.2205 (bce=0.1873 aux_ce=0.0829)
  Batch 280/1393 | Loss: 0.7082 (bce=0.5683 aux_ce=0.3498)
  Batch 290/1393 | Loss: 0.0630 (bce=0.0558 aux_ce=0.0181)
  Batch 300/1393 | Loss: 0.1337 (bce=0.0378 aux_ce=0.2398)
  Batch 310/1393 | Loss: 0.1029 (bce=0.0520 aux_ce=0.1273)
  Batch 320/1393 | Loss: 0.0381 (bce=0.0321 aux_ce=0.0149)
  Batch 330/1393 | Loss: 0.0708 (bce=0.0624 aux_ce=0.0209)
  Batch 340/1393 | Loss: 0.0103 (bce=0.0046 aux_ce=0.0142)
  Batch 350/1393 | Loss: 0.0548 (bce=0.0461 aux_ce=0.0218)
  Batch 360/1393 | Loss: 0.0128 (bce=0.0097 aux_ce=0.0079)
  Batch 370/1393 | Loss: 0.2669 (bce=0.1592 aux_ce=0.2694)
  Batch 380/1393 | Loss: 0.0152 (bce=0.0082 aux_ce=0.0175)
  Batch 390/1393 | Loss: 0.0177 (bce=0.0115 aux_ce=0.0155)
  Batch 400/1393 | Loss: 0.2298 (bce=0.1710 aux_ce=0.1470)
  Batch 410/1393 | Loss: 0.0148 (bce=0.0125 aux_ce=0.0058)
  Batch 420/1393 | Loss: 0.0465 (bce=0.0368 aux_ce=0.0242)
  Batch 430/1393 | Loss: 0.1226 (bce=0.0636 aux_ce=0.1473)
  Batch 440/1393 | Loss: 0.0807 (bce=0.0648 aux_ce=0.0398)
  Batch 450/1393 | Loss: 0.0113 (bce=0.0019 aux_ce=0.0235)
  Batch 460/1393 | Loss: 0.0226 (bce=0.0173 aux_ce=0.0132)
  Batch 470/1393 | Loss: 0.2522 (bce=0.1302 aux_ce=0.3049)
  Batch 480/1393 | Loss: 0.0107 (bce=0.0027 aux_ce=0.0201)
  Batch 490/1393 | Loss: 0.0094 (bce=0.0042 aux_ce=0.0130)
  Batch 500/1393 | Loss: 0.0286 (bce=0.0065 aux_ce=0.0552)
  Batch 510/1393 | Loss: 0.0211 (bce=0.0166 aux_ce=0.0112)
  Batch 520/1393 | Loss: 0.1162 (bce=0.1021 aux_ce=0.0354)
  Batch 530/1393 | Loss: 0.1108 (bce=0.0562 aux_ce=0.1365)
  Batch 540/1393 | Loss: 0.1344 (bce=0.1031 aux_ce=0.0783)
  Batch 550/1393 | Loss: 0.1093 (bce=0.0035 aux_ce=0.2646)
  Batch 560/1393 | Loss: 0.0139 (bce=0.0092 aux_ce=0.0119)
  Batch 570/1393 | Loss: 0.2418 (bce=0.0739 aux_ce=0.4197)
  Batch 580/1393 | Loss: 0.1119 (bce=0.0924 aux_ce=0.0488)
  Batch 590/1393 | Loss: 0.2546 (bce=0.1904 aux_ce=0.1604)
  Batch 600/1393 | Loss: 0.0161 (bce=0.0068 aux_ce=0.0233)
  Batch 610/1393 | Loss: 0.2718 (bce=0.1871 aux_ce=0.2118)
  Batch 620/1393 | Loss: 0.0020 (bce=0.0011 aux_ce=0.0023)
  Batch 630/1393 | Loss: 0.0347 (bce=0.0222 aux_ce=0.0313)
  Batch 640/1393 | Loss: 0.0100 (bce=0.0085 aux_ce=0.0038)
  Batch 650/1393 | Loss: 0.1251 (bce=0.0310 aux_ce=0.2351)
  Batch 660/1393 | Loss: 0.0340 (bce=0.0309 aux_ce=0.0078)
  Batch 670/1393 | Loss: 0.1326 (bce=0.0840 aux_ce=0.1216)
  Batch 680/1393 | Loss: 0.9120 (bce=0.7322 aux_ce=0.4495)
  Batch 690/1393 | Loss: 0.0146 (bce=0.0017 aux_ce=0.0323)
  Batch 700/1393 | Loss: 0.1957 (bce=0.1574 aux_ce=0.0958)
  Batch 710/1393 | Loss: 0.0606 (bce=0.0376 aux_ce=0.0576)
  Batch 720/1393 | Loss: 0.0957 (bce=0.0786 aux_ce=0.0427)
  Batch 730/1393 | Loss: 0.0086 (bce=0.0028 aux_ce=0.0147)
  Batch 740/1393 | Loss: 0.0909 (bce=0.0718 aux_ce=0.0478)
  Batch 750/1393 | Loss: 0.0789 (bce=0.0577 aux_ce=0.0529)
  Batch 760/1393 | Loss: 0.0093 (bce=0.0064 aux_ce=0.0073)
  Batch 770/1393 | Loss: 0.0328 (bce=0.0017 aux_ce=0.0775)
  Batch 780/1393 | Loss: 0.0116 (bce=0.0047 aux_ce=0.0172)
  Batch 790/1393 | Loss: 0.0224 (bce=0.0201 aux_ce=0.0057)
  Batch 800/1393 | Loss: 0.8195 (bce=0.6741 aux_ce=0.3636)
  Batch 810/1393 | Loss: 0.0087 (bce=0.0075 aux_ce=0.0030)
  Batch 820/1393 | Loss: 0.0253 (bce=0.0207 aux_ce=0.0113)
  Batch 830/1393 | Loss: 0.1351 (bce=0.1051 aux_ce=0.0749)
  Batch 840/1393 | Loss: 0.0178 (bce=0.0077 aux_ce=0.0253)
  Batch 850/1393 | Loss: 0.0097 (bce=0.0078 aux_ce=0.0048)
  Batch 860/1393 | Loss: 0.3533 (bce=0.2871 aux_ce=0.1654)
  Batch 870/1393 | Loss: 0.0098 (bce=0.0006 aux_ce=0.0231)
  Batch 880/1393 | Loss: 0.2088 (bce=0.1358 aux_ce=0.1825)
  Batch 890/1393 | Loss: 0.5165 (bce=0.2813 aux_ce=0.5880)
  Batch 900/1393 | Loss: 0.1812 (bce=0.1272 aux_ce=0.1350)
  Batch 910/1393 | Loss: 0.0605 (bce=0.0069 aux_ce=0.1340)
  Batch 920/1393 | Loss: 0.2183 (bce=0.1749 aux_ce=0.1086)
  Batch 930/1393 | Loss: 0.0175 (bce=0.0034 aux_ce=0.0351)
  Batch 940/1393 | Loss: 0.0104 (bce=0.0070 aux_ce=0.0084)
  Batch 950/1393 | Loss: 0.0120 (bce=0.0008 aux_ce=0.0280)
  Batch 960/1393 | Loss: 0.1772 (bce=0.1283 aux_ce=0.1223)
  Batch 970/1393 | Loss: 0.0410 (bce=0.0129 aux_ce=0.0702)
  Batch 980/1393 | Loss: 0.1063 (bce=0.0891 aux_ce=0.0429)
  Batch 990/1393 | Loss: 0.0715 (bce=0.0053 aux_ce=0.1655)
  Batch 1000/1393 | Loss: 0.0769 (bce=0.0521 aux_ce=0.0620)
  Batch 1010/1393 | Loss: 0.0944 (bce=0.0835 aux_ce=0.0271)
  Batch 1020/1393 | Loss: 0.1401 (bce=0.1248 aux_ce=0.0383)
  Batch 1030/1393 | Loss: 0.0524 (bce=0.0322 aux_ce=0.0504)
  Batch 1040/1393 | Loss: 1.5676 (bce=1.3703 aux_ce=0.4933)
  Batch 1050/1393 | Loss: 0.1409 (bce=0.1209 aux_ce=0.0498)
  Batch 1060/1393 | Loss: 0.1070 (bce=0.0932 aux_ce=0.0345)
  Batch 1070/1393 | Loss: 0.5292 (bce=0.3635 aux_ce=0.4141)
  Batch 1080/1393 | Loss: 0.0059 (bce=0.0049 aux_ce=0.0024)
  Batch 1090/1393 | Loss: 0.5600 (bce=0.4473 aux_ce=0.2815)
  Batch 1100/1393 | Loss: 0.5172 (bce=0.4343 aux_ce=0.2072)
  Batch 1110/1393 | Loss: 0.0249 (bce=0.0054 aux_ce=0.0487)
  Batch 1120/1393 | Loss: 0.0173 (bce=0.0154 aux_ce=0.0048)
  Batch 1130/1393 | Loss: 0.0455 (bce=0.0276 aux_ce=0.0446)
  Batch 1140/1393 | Loss: 0.0108 (bce=0.0034 aux_ce=0.0186)
  Batch 1150/1393 | Loss: 0.0082 (bce=0.0060 aux_ce=0.0054)
  Batch 1160/1393 | Loss: 0.0231 (bce=0.0095 aux_ce=0.0340)
  Batch 1170/1393 | Loss: 0.1714 (bce=0.1433 aux_ce=0.0702)
  Batch 1180/1393 | Loss: 0.0300 (bce=0.0252 aux_ce=0.0120)
  Batch 1190/1393 | Loss: 0.0287 (bce=0.0167 aux_ce=0.0300)
  Batch 1200/1393 | Loss: 0.0233 (bce=0.0088 aux_ce=0.0365)
  Batch 1210/1393 | Loss: 0.0286 (bce=0.0064 aux_ce=0.0554)
  Batch 1220/1393 | Loss: 0.0394 (bce=0.0288 aux_ce=0.0264)
  Batch 1230/1393 | Loss: 0.1174 (bce=0.0969 aux_ce=0.0511)
  Batch 1240/1393 | Loss: 0.3358 (bce=0.2825 aux_ce=0.1331)
  Batch 1250/1393 | Loss: 0.0153 (bce=0.0071 aux_ce=0.0204)
  Batch 1260/1393 | Loss: 0.0521 (bce=0.0433 aux_ce=0.0220)
  Batch 1270/1393 | Loss: 0.0057 (bce=0.0046 aux_ce=0.0028)
  Batch 1280/1393 | Loss: 0.0638 (bce=0.0098 aux_ce=0.1348)
  Batch 1290/1393 | Loss: 0.0163 (bce=0.0099 aux_ce=0.0160)
  Batch 1300/1393 | Loss: 0.0066 (bce=0.0036 aux_ce=0.0076)
  Batch 1310/1393 | Loss: 0.0211 (bce=0.0091 aux_ce=0.0300)
  Batch 1320/1393 | Loss: 0.0144 (bce=0.0024 aux_ce=0.0300)
  Batch 1330/1393 | Loss: 0.0087 (bce=0.0049 aux_ce=0.0094)
  Batch 1340/1393 | Loss: 0.1121 (bce=0.0046 aux_ce=0.2688)
  Batch 1350/1393 | Loss: 0.0570 (bce=0.0477 aux_ce=0.0233)
  Batch 1360/1393 | Loss: 0.0284 (bce=0.0007 aux_ce=0.0693)
  Batch 1370/1393 | Loss: 0.0410 (bce=0.0031 aux_ce=0.0946)
  Batch 1380/1393 | Loss: 0.0612 (bce=0.0552 aux_ce=0.0149)
  Batch 1390/1393 | Loss: 0.0021 (bce=0.0017 aux_ce=0.0010)
Epoch 11 | Train Loss: 0.1431 | Train Acc: 0.9771 | Val AUC: 0.9952
Saved checkpoint: models\stageA_checkpoint_epoch11.pth
  No improvement for 2/5 epochs
  Batch 10/1393 | Loss: 0.7014 (bce=0.5416 aux_ce=0.3994)
  Batch 20/1393 | Loss: 0.0425 (bce=0.0383 aux_ce=0.0103)
  Batch 30/1393 | Loss: 0.0125 (bce=0.0110 aux_ce=0.0038)
  Batch 40/1393 | Loss: 0.0148 (bce=0.0028 aux_ce=0.0301)
  Batch 50/1393 | Loss: 0.6355 (bce=0.3797 aux_ce=0.6394)
  Batch 60/1393 | Loss: 0.0243 (bce=0.0139 aux_ce=0.0261)
  Batch 70/1393 | Loss: 0.0597 (bce=0.0515 aux_ce=0.0205)
  Batch 80/1393 | Loss: 0.3283 (bce=0.0269 aux_ce=0.7533)
  Batch 90/1393 | Loss: 0.0115 (bce=0.0027 aux_ce=0.0221)
  Batch 100/1393 | Loss: 0.0075 (bce=0.0047 aux_ce=0.0071)
  Batch 110/1393 | Loss: 0.0074 (bce=0.0067 aux_ce=0.0018)
  Batch 120/1393 | Loss: 0.0154 (bce=0.0102 aux_ce=0.0130)
  Batch 130/1393 | Loss: 0.2057 (bce=0.1802 aux_ce=0.0637)
  Batch 140/1393 | Loss: 0.0627 (bce=0.0586 aux_ce=0.0104)
  Batch 150/1393 | Loss: 0.2136 (bce=0.1492 aux_ce=0.1610)
  Batch 160/1393 | Loss: 0.0761 (bce=0.0540 aux_ce=0.0551)
  Batch 170/1393 | Loss: 0.0048 (bce=0.0040 aux_ce=0.0020)
  Batch 180/1393 | Loss: 0.0106 (bce=0.0006 aux_ce=0.0250)
  Batch 190/1393 | Loss: 0.0666 (bce=0.0550 aux_ce=0.0291)
  Batch 200/1393 | Loss: 0.0078 (bce=0.0038 aux_ce=0.0101)
  Batch 210/1393 | Loss: 0.0995 (bce=0.0502 aux_ce=0.1232)
  Batch 220/1393 | Loss: 0.2027 (bce=0.1611 aux_ce=0.1040)
  Batch 230/1393 | Loss: 0.2492 (bce=0.1856 aux_ce=0.1588)
  Batch 240/1393 | Loss: 1.8895 (bce=1.6042 aux_ce=0.7133)
  Batch 250/1393 | Loss: 0.0770 (bce=0.0606 aux_ce=0.0412)
  Batch 260/1393 | Loss: 0.0142 (bce=0.0074 aux_ce=0.0170)
  Batch 270/1393 | Loss: 0.0344 (bce=0.0313 aux_ce=0.0076)
  Batch 280/1393 | Loss: 0.2594 (bce=0.2088 aux_ce=0.1266)
  Batch 290/1393 | Loss: 0.0201 (bce=0.0147 aux_ce=0.0134)
  Batch 300/1393 | Loss: 0.0646 (bce=0.0002 aux_ce=0.1610)
  Batch 310/1393 | Loss: 0.1617 (bce=0.0921 aux_ce=0.1740)
  Batch 320/1393 | Loss: 0.0375 (bce=0.0304 aux_ce=0.0179)
  Batch 330/1393 | Loss: 0.0128 (bce=0.0094 aux_ce=0.0087)
  Batch 340/1393 | Loss: 0.0090 (bce=0.0036 aux_ce=0.0135)
  Batch 350/1393 | Loss: 0.0498 (bce=0.0326 aux_ce=0.0429)
  Batch 360/1393 | Loss: 0.0336 (bce=0.0015 aux_ce=0.0802)
  Batch 370/1393 | Loss: 0.1424 (bce=0.1149 aux_ce=0.0687)
  Batch 380/1393 | Loss: 0.0226 (bce=0.0060 aux_ce=0.0415)
  Batch 390/1393 | Loss: 0.0250 (bce=0.0223 aux_ce=0.0069)
  Batch 400/1393 | Loss: 0.1303 (bce=0.0354 aux_ce=0.2374)
  Batch 410/1393 | Loss: 0.0121 (bce=0.0071 aux_ce=0.0127)
  Batch 420/1393 | Loss: 0.0110 (bce=0.0043 aux_ce=0.0167)
  Batch 430/1393 | Loss: 0.0512 (bce=0.0438 aux_ce=0.0187)
  Batch 440/1393 | Loss: 0.0130 (bce=0.0057 aux_ce=0.0183)
  Batch 450/1393 | Loss: 0.0098 (bce=0.0088 aux_ce=0.0023)
  Batch 460/1393 | Loss: 2.4365 (bce=2.1245 aux_ce=0.7801)
  Batch 470/1393 | Loss: 0.0330 (bce=0.0017 aux_ce=0.0783)
  Batch 480/1393 | Loss: 0.0408 (bce=0.0300 aux_ce=0.0270)
  Batch 490/1393 | Loss: 0.0171 (bce=0.0127 aux_ce=0.0110)
  Batch 500/1393 | Loss: 0.0113 (bce=0.0058 aux_ce=0.0137)
  Batch 510/1393 | Loss: 0.0221 (bce=0.0087 aux_ce=0.0335)
  Batch 520/1393 | Loss: 0.0090 (bce=0.0075 aux_ce=0.0036)
  Batch 530/1393 | Loss: 0.0053 (bce=0.0037 aux_ce=0.0041)
  Batch 540/1393 | Loss: 0.0273 (bce=0.0131 aux_ce=0.0356)
  Batch 550/1393 | Loss: 0.0094 (bce=0.0065 aux_ce=0.0074)
  Batch 560/1393 | Loss: 0.0187 (bce=0.0081 aux_ce=0.0264)
  Batch 570/1393 | Loss: 0.0633 (bce=0.0519 aux_ce=0.0283)
  Batch 580/1393 | Loss: 0.0579 (bce=0.0313 aux_ce=0.0664)
  Batch 590/1393 | Loss: 0.0163 (bce=0.0144 aux_ce=0.0048)
  Batch 600/1393 | Loss: 0.0643 (bce=0.0274 aux_ce=0.0922)
  Batch 610/1393 | Loss: 0.0083 (bce=0.0071 aux_ce=0.0031)
  Batch 620/1393 | Loss: 0.0667 (bce=0.0170 aux_ce=0.1243)
  Batch 630/1393 | Loss: 0.0065 (bce=0.0040 aux_ce=0.0062)
  Batch 640/1393 | Loss: 0.0402 (bce=0.0032 aux_ce=0.0925)
  Batch 650/1393 | Loss: 0.0556 (bce=0.0014 aux_ce=0.1353)
  Batch 660/1393 | Loss: 0.0065 (bce=0.0010 aux_ce=0.0137)
  Batch 670/1393 | Loss: 0.0211 (bce=0.0030 aux_ce=0.0452)
  Batch 680/1393 | Loss: 0.0163 (bce=0.0003 aux_ce=0.0402)
  Batch 690/1393 | Loss: 0.0310 (bce=0.0048 aux_ce=0.0655)
  Batch 700/1393 | Loss: 1.7906 (bce=1.5662 aux_ce=0.5608)
  Batch 710/1393 | Loss: 0.1468 (bce=0.1266 aux_ce=0.0504)
  Batch 720/1393 | Loss: 0.1925 (bce=0.0075 aux_ce=0.4626)
  Batch 730/1393 | Loss: 0.1304 (bce=0.1059 aux_ce=0.0613)
  Batch 740/1393 | Loss: 0.0608 (bce=0.0370 aux_ce=0.0596)
  Batch 750/1393 | Loss: 0.0154 (bce=0.0128 aux_ce=0.0065)
  Batch 760/1393 | Loss: 0.0079 (bce=0.0020 aux_ce=0.0147)
  Batch 770/1393 | Loss: 0.0330 (bce=0.0069 aux_ce=0.0654)
  Batch 780/1393 | Loss: 0.1489 (bce=0.1104 aux_ce=0.0962)
  Batch 790/1393 | Loss: 0.0042 (bce=0.0035 aux_ce=0.0018)
  Batch 800/1393 | Loss: 0.0053 (bce=0.0018 aux_ce=0.0086)
  Batch 810/1393 | Loss: 0.1640 (bce=0.1405 aux_ce=0.0588)
  Batch 820/1393 | Loss: 0.8181 (bce=0.6850 aux_ce=0.3326)
  Batch 830/1393 | Loss: 0.0761 (bce=0.0667 aux_ce=0.0234)
  Batch 840/1393 | Loss: 0.0497 (bce=0.0260 aux_ce=0.0594)
  Batch 850/1393 | Loss: 0.0109 (bce=0.0035 aux_ce=0.0184)
  Batch 860/1393 | Loss: 0.0633 (bce=0.0402 aux_ce=0.0579)
  Batch 870/1393 | Loss: 0.0741 (bce=0.0443 aux_ce=0.0744)
  Batch 880/1393 | Loss: 0.0226 (bce=0.0178 aux_ce=0.0121)
  Batch 890/1393 | Loss: 0.1286 (bce=0.1041 aux_ce=0.0612)
  Batch 900/1393 | Loss: 0.0142 (bce=0.0092 aux_ce=0.0124)
  Batch 910/1393 | Loss: 0.0322 (bce=0.0024 aux_ce=0.0745)
  Batch 920/1393 | Loss: 0.1866 (bce=0.1350 aux_ce=0.1292)
  Batch 930/1393 | Loss: 0.0100 (bce=0.0058 aux_ce=0.0104)
  Batch 940/1393 | Loss: 0.8196 (bce=0.7083 aux_ce=0.2783)
  Batch 950/1393 | Loss: 0.7115 (bce=0.5549 aux_ce=0.3914)
  Batch 960/1393 | Loss: 0.0480 (bce=0.0017 aux_ce=0.1156)
  Batch 970/1393 | Loss: 0.0097 (bce=0.0050 aux_ce=0.0116)
  Batch 980/1393 | Loss: 0.0090 (bce=0.0058 aux_ce=0.0080)
  Batch 990/1393 | Loss: 0.5065 (bce=0.1487 aux_ce=0.8943)
  Batch 1000/1393 | Loss: 0.0200 (bce=0.0170 aux_ce=0.0076)
  Batch 1010/1393 | Loss: 0.0544 (bce=0.0194 aux_ce=0.0877)
  Batch 1020/1393 | Loss: 0.0486 (bce=0.0097 aux_ce=0.0972)
  Batch 1030/1393 | Loss: 0.1120 (bce=0.0107 aux_ce=0.2532)
  Batch 1040/1393 | Loss: 0.0067 (bce=0.0045 aux_ce=0.0054)
  Batch 1050/1393 | Loss: 0.0048 (bce=0.0036 aux_ce=0.0029)
  Batch 1060/1393 | Loss: 0.2358 (bce=0.0130 aux_ce=0.5569)
  Batch 1070/1393 | Loss: 0.0061 (bce=0.0054 aux_ce=0.0016)
  Batch 1080/1393 | Loss: 0.0192 (bce=0.0156 aux_ce=0.0089)
  Batch 1090/1393 | Loss: 0.0032 (bce=0.0019 aux_ce=0.0034)
  Batch 1100/1393 | Loss: 0.1183 (bce=0.0123 aux_ce=0.2650)
  Batch 1110/1393 | Loss: 0.0900 (bce=0.0747 aux_ce=0.0384)
  Batch 1120/1393 | Loss: 0.0261 (bce=0.0201 aux_ce=0.0150)
  Batch 1130/1393 | Loss: 0.0122 (bce=0.0057 aux_ce=0.0162)
  Batch 1140/1393 | Loss: 0.0086 (bce=0.0060 aux_ce=0.0063)
  Batch 1150/1393 | Loss: 0.0203 (bce=0.0035 aux_ce=0.0422)
  Batch 1160/1393 | Loss: 0.0045 (bce=0.0023 aux_ce=0.0054)
  Batch 1170/1393 | Loss: 0.0102 (bce=0.0061 aux_ce=0.0102)
  Batch 1180/1393 | Loss: 0.0600 (bce=0.0491 aux_ce=0.0272)
  Batch 1190/1393 | Loss: 0.0027 (bce=0.0019 aux_ce=0.0021)
  Batch 1200/1393 | Loss: 1.9892 (bce=1.7269 aux_ce=0.6558)
  Batch 1210/1393 | Loss: 0.0478 (bce=0.0425 aux_ce=0.0131)
  Batch 1220/1393 | Loss: 0.1206 (bce=0.0041 aux_ce=0.2914)
  Batch 1230/1393 | Loss: 0.1793 (bce=0.0060 aux_ce=0.4334)
  Batch 1240/1393 | Loss: 0.3055 (bce=0.2675 aux_ce=0.0949)
  Batch 1250/1393 | Loss: 0.0315 (bce=0.0030 aux_ce=0.0713)
  Batch 1260/1393 | Loss: 0.1924 (bce=0.1326 aux_ce=0.1496)
  Batch 1270/1393 | Loss: 0.0882 (bce=0.0048 aux_ce=0.2086)
  Batch 1280/1393 | Loss: 0.9250 (bce=0.6476 aux_ce=0.6934)
  Batch 1290/1393 | Loss: 0.0605 (bce=0.0478 aux_ce=0.0317)
  Batch 1300/1393 | Loss: 0.0132 (bce=0.0110 aux_ce=0.0054)
  Batch 1310/1393 | Loss: 0.3491 (bce=0.2707 aux_ce=0.1961)
  Batch 1320/1393 | Loss: 0.0149 (bce=0.0076 aux_ce=0.0184)
  Batch 1330/1393 | Loss: 0.0147 (bce=0.0115 aux_ce=0.0081)
  Batch 1340/1393 | Loss: 0.2113 (bce=0.1663 aux_ce=0.1126)
  Batch 1350/1393 | Loss: 0.1471 (bce=0.0583 aux_ce=0.2219)
  Batch 1360/1393 | Loss: 0.3372 (bce=0.2531 aux_ce=0.2103)
  Batch 1370/1393 | Loss: 0.2938 (bce=0.2472 aux_ce=0.1163)
  Batch 1380/1393 | Loss: 0.1678 (bce=0.1353 aux_ce=0.0813)
  Batch 1390/1393 | Loss: 0.0078 (bce=0.0046 aux_ce=0.0080)
Epoch 12 | Train Loss: 0.1461 | Train Acc: 0.9787 | Val AUC: 0.9961
Saved checkpoint: models\stageA_checkpoint_epoch12.pth
  New best val AUC: 0.9961 - saved stageA_best_model.pth
  Batch 10/1393 | Loss: 0.0984 (bce=0.0032 aux_ce=0.2380)
  Batch 20/1393 | Loss: 0.1290 (bce=0.0909 aux_ce=0.0954)
  Batch 30/1393 | Loss: 0.1691 (bce=0.1474 aux_ce=0.0541)
  Batch 40/1393 | Loss: 0.7504 (bce=0.6280 aux_ce=0.3059)
  Batch 50/1393 | Loss: 0.1494 (bce=0.1317 aux_ce=0.0440)
  Batch 60/1393 | Loss: 0.2098 (bce=0.1732 aux_ce=0.0915)
  Batch 70/1393 | Loss: 0.0233 (bce=0.0193 aux_ce=0.0100)
  Batch 80/1393 | Loss: 0.0559 (bce=0.0212 aux_ce=0.0869)
  Batch 90/1393 | Loss: 0.1131 (bce=0.0988 aux_ce=0.0357)
  Batch 100/1393 | Loss: 0.4182 (bce=0.2616 aux_ce=0.3915)
  Batch 110/1393 | Loss: 0.1455 (bce=0.1125 aux_ce=0.0824)
  Batch 120/1393 | Loss: 0.0755 (bce=0.0647 aux_ce=0.0269)
  Batch 130/1393 | Loss: 0.4921 (bce=0.3999 aux_ce=0.2307)
  Batch 140/1393 | Loss: 0.1608 (bce=0.0323 aux_ce=0.3214)
  Batch 150/1393 | Loss: 0.0905 (bce=0.0378 aux_ce=0.1316)
  Batch 160/1393 | Loss: 0.0116 (bce=0.0080 aux_ce=0.0091)
  Batch 170/1393 | Loss: 0.0730 (bce=0.0572 aux_ce=0.0394)
  Batch 180/1393 | Loss: 0.0302 (bce=0.0144 aux_ce=0.0395)
  Batch 190/1393 | Loss: 0.2604 (bce=0.0092 aux_ce=0.6279)
  Batch 200/1393 | Loss: 0.0181 (bce=0.0144 aux_ce=0.0093)
  Batch 210/1393 | Loss: 0.0041 (bce=0.0026 aux_ce=0.0037)
  Batch 220/1393 | Loss: 0.2235 (bce=0.1756 aux_ce=0.1198)
  Batch 230/1393 | Loss: 0.1522 (bce=0.1209 aux_ce=0.0781)
  Batch 240/1393 | Loss: 0.0152 (bce=0.0116 aux_ce=0.0089)
  Batch 250/1393 | Loss: 0.0412 (bce=0.0065 aux_ce=0.0867)
  Batch 260/1393 | Loss: 0.0047 (bce=0.0035 aux_ce=0.0028)
  Batch 270/1393 | Loss: 0.0066 (bce=0.0049 aux_ce=0.0043)
  Batch 280/1393 | Loss: 0.0100 (bce=0.0026 aux_ce=0.0184)
  Batch 290/1393 | Loss: 0.0067 (bce=0.0041 aux_ce=0.0064)
  Batch 300/1393 | Loss: 0.1840 (bce=0.0010 aux_ce=0.4575)
  Batch 310/1393 | Loss: 0.0076 (bce=0.0067 aux_ce=0.0025)
  Batch 320/1393 | Loss: 0.0278 (bce=0.0015 aux_ce=0.0657)
  Batch 330/1393 | Loss: 0.1578 (bce=0.1160 aux_ce=0.1045)
  Batch 340/1393 | Loss: 0.1752 (bce=0.0523 aux_ce=0.3073)
  Batch 350/1393 | Loss: 0.0226 (bce=0.0203 aux_ce=0.0058)
  Batch 360/1393 | Loss: 0.0141 (bce=0.0100 aux_ce=0.0101)
  Batch 370/1393 | Loss: 0.0194 (bce=0.0143 aux_ce=0.0128)
  Batch 380/1393 | Loss: 0.0567 (bce=0.0011 aux_ce=0.1391)
  Batch 390/1393 | Loss: 0.0182 (bce=0.0079 aux_ce=0.0257)
  Batch 400/1393 | Loss: 0.0100 (bce=0.0085 aux_ce=0.0038)
  Batch 410/1393 | Loss: 0.0124 (bce=0.0019 aux_ce=0.0264)
  Batch 420/1393 | Loss: 0.0214 (bce=0.0145 aux_ce=0.0172)
  Batch 430/1393 | Loss: 0.0836 (bce=0.0290 aux_ce=0.1365)
  Batch 440/1393 | Loss: 0.0479 (bce=0.0386 aux_ce=0.0232)
  Batch 450/1393 | Loss: 0.0789 (bce=0.0693 aux_ce=0.0240)
  Batch 460/1393 | Loss: 0.0553 (bce=0.0515 aux_ce=0.0096)
  Batch 470/1393 | Loss: 0.4665 (bce=0.3686 aux_ce=0.2448)
  Batch 480/1393 | Loss: 0.0307 (bce=0.0113 aux_ce=0.0485)
  Batch 490/1393 | Loss: 0.0912 (bce=0.0062 aux_ce=0.2126)
  Batch 500/1393 | Loss: 0.0437 (bce=0.0051 aux_ce=0.0965)
  Batch 510/1393 | Loss: 0.0151 (bce=0.0119 aux_ce=0.0080)
  Batch 520/1393 | Loss: 0.2462 (bce=0.0024 aux_ce=0.6094)
  Batch 530/1393 | Loss: 0.7600 (bce=0.4269 aux_ce=0.8327)
  Batch 540/1393 | Loss: 0.0098 (bce=0.0078 aux_ce=0.0049)
  Batch 550/1393 | Loss: 0.0143 (bce=0.0028 aux_ce=0.0287)
  Batch 560/1393 | Loss: 0.0253 (bce=0.0040 aux_ce=0.0534)
  Batch 570/1393 | Loss: 0.0106 (bce=0.0046 aux_ce=0.0150)
  Batch 580/1393 | Loss: 0.0108 (bce=0.0051 aux_ce=0.0143)
  Batch 590/1393 | Loss: 0.0781 (bce=0.0623 aux_ce=0.0395)
  Batch 600/1393 | Loss: 0.0147 (bce=0.0105 aux_ce=0.0105)
  Batch 610/1393 | Loss: 0.0058 (bce=0.0036 aux_ce=0.0054)
  Batch 620/1393 | Loss: 0.0116 (bce=0.0084 aux_ce=0.0080)
  Batch 630/1393 | Loss: 0.0121 (bce=0.0031 aux_ce=0.0223)
  Batch 640/1393 | Loss: 0.0055 (bce=0.0008 aux_ce=0.0117)
  Batch 650/1393 | Loss: 0.0594 (bce=0.0061 aux_ce=0.1332)
  Batch 660/1393 | Loss: 0.0095 (bce=0.0067 aux_ce=0.0071)
  Batch 670/1393 | Loss: 0.0015 (bce=0.0010 aux_ce=0.0012)
  Batch 680/1393 | Loss: 0.0106 (bce=0.0015 aux_ce=0.0227)
  Batch 690/1393 | Loss: 0.0199 (bce=0.0045 aux_ce=0.0386)
  Batch 700/1393 | Loss: 0.0102 (bce=0.0085 aux_ce=0.0043)
  Batch 710/1393 | Loss: 0.0085 (bce=0.0070 aux_ce=0.0037)
  Batch 720/1393 | Loss: 0.2372 (bce=0.0120 aux_ce=0.5629)
  Batch 730/1393 | Loss: 0.0017 (bce=0.0012 aux_ce=0.0012)
  Batch 740/1393 | Loss: 0.0396 (bce=0.0357 aux_ce=0.0096)
  Batch 750/1393 | Loss: 0.0145 (bce=0.0073 aux_ce=0.0181)
  Batch 760/1393 | Loss: 0.0049 (bce=0.0013 aux_ce=0.0092)
  Batch 770/1393 | Loss: 0.0081 (bce=0.0017 aux_ce=0.0160)
  Batch 780/1393 | Loss: 0.0660 (bce=0.0558 aux_ce=0.0254)
  Batch 790/1393 | Loss: 0.0032 (bce=0.0024 aux_ce=0.0020)
  Batch 800/1393 | Loss: 0.0071 (bce=0.0025 aux_ce=0.0114)
  Batch 810/1393 | Loss: 0.0061 (bce=0.0024 aux_ce=0.0093)
  Batch 820/1393 | Loss: 0.0856 (bce=0.0073 aux_ce=0.1960)
  Batch 830/1393 | Loss: 0.0471 (bce=0.0337 aux_ce=0.0336)
  Batch 840/1393 | Loss: 0.0607 (bce=0.0513 aux_ce=0.0234)
  Batch 850/1393 | Loss: 0.0473 (bce=0.0333 aux_ce=0.0350)
  Batch 860/1393 | Loss: 0.1111 (bce=0.0508 aux_ce=0.1507)
  Batch 870/1393 | Loss: 0.0185 (bce=0.0079 aux_ce=0.0265)
  Batch 880/1393 | Loss: 0.0159 (bce=0.0135 aux_ce=0.0060)
  Batch 890/1393 | Loss: 0.0242 (bce=0.0196 aux_ce=0.0114)
  Batch 900/1393 | Loss: 0.0119 (bce=0.0105 aux_ce=0.0035)
  Batch 910/1393 | Loss: 0.0295 (bce=0.0257 aux_ce=0.0097)
  Batch 920/1393 | Loss: 0.0574 (bce=0.0497 aux_ce=0.0192)
  Batch 930/1393 | Loss: 0.0128 (bce=0.0110 aux_ce=0.0047)
  Batch 940/1393 | Loss: 0.0894 (bce=0.0705 aux_ce=0.0471)
  Batch 950/1393 | Loss: 0.0111 (bce=0.0056 aux_ce=0.0136)
  Batch 960/1393 | Loss: 0.0169 (bce=0.0034 aux_ce=0.0337)
  Batch 970/1393 | Loss: 0.1061 (bce=0.0865 aux_ce=0.0491)
  Batch 980/1393 | Loss: 0.0300 (bce=0.0250 aux_ce=0.0125)
  Batch 990/1393 | Loss: 0.0097 (bce=0.0083 aux_ce=0.0035)
  Batch 1000/1393 | Loss: 0.0028 (bce=0.0023 aux_ce=0.0014)
  Batch 1010/1393 | Loss: 0.0109 (bce=0.0091 aux_ce=0.0046)
  Batch 1020/1393 | Loss: 0.0090 (bce=0.0068 aux_ce=0.0055)
  Batch 1030/1393 | Loss: 0.1200 (bce=0.0064 aux_ce=0.2842)
  Batch 1040/1393 | Loss: 0.0047 (bce=0.0039 aux_ce=0.0020)
  Batch 1050/1393 | Loss: 0.8003 (bce=0.6386 aux_ce=0.4042)
  Batch 1060/1393 | Loss: 0.0054 (bce=0.0018 aux_ce=0.0092)
  Batch 1070/1393 | Loss: 0.3706 (bce=0.3178 aux_ce=0.1321)
  Batch 1080/1393 | Loss: 0.0396 (bce=0.0321 aux_ce=0.0188)
  Batch 1090/1393 | Loss: 0.0141 (bce=0.0088 aux_ce=0.0133)
  Batch 1100/1393 | Loss: 0.0245 (bce=0.0109 aux_ce=0.0340)
  Batch 1110/1393 | Loss: 0.0817 (bce=0.0668 aux_ce=0.0372)
  Batch 1120/1393 | Loss: 0.0196 (bce=0.0096 aux_ce=0.0248)
  Batch 1130/1393 | Loss: 0.0266 (bce=0.0164 aux_ce=0.0256)
  Batch 1140/1393 | Loss: 0.4451 (bce=0.3781 aux_ce=0.1675)
  Batch 1150/1393 | Loss: 0.0282 (bce=0.0224 aux_ce=0.0144)
  Batch 1160/1393 | Loss: 0.0127 (bce=0.0041 aux_ce=0.0213)
  Batch 1170/1393 | Loss: 0.2729 (bce=0.0589 aux_ce=0.5349)
  Batch 1180/1393 | Loss: 0.0338 (bce=0.0291 aux_ce=0.0116)
  Batch 1190/1393 | Loss: 0.0446 (bce=0.0360 aux_ce=0.0215)
  Batch 1200/1393 | Loss: 0.0259 (bce=0.0137 aux_ce=0.0305)
  Batch 1210/1393 | Loss: 0.0029 (bce=0.0017 aux_ce=0.0031)
  Batch 1220/1393 | Loss: 0.1530 (bce=0.0070 aux_ce=0.3651)
  Batch 1230/1393 | Loss: 0.0195 (bce=0.0022 aux_ce=0.0433)
  Batch 1240/1393 | Loss: 0.1348 (bce=0.0977 aux_ce=0.0926)
  Batch 1250/1393 | Loss: 0.0450 (bce=0.0006 aux_ce=0.1110)
  Batch 1260/1393 | Loss: 0.0100 (bce=0.0082 aux_ce=0.0045)
  Batch 1270/1393 | Loss: 0.0089 (bce=0.0049 aux_ce=0.0100)
  Batch 1280/1393 | Loss: 0.5069 (bce=0.4200 aux_ce=0.2173)
  Batch 1290/1393 | Loss: 0.0260 (bce=0.0015 aux_ce=0.0611)
  Batch 1300/1393 | Loss: 0.0372 (bce=0.0231 aux_ce=0.0352)
  Batch 1310/1393 | Loss: 0.0188 (bce=0.0167 aux_ce=0.0053)
  Batch 1320/1393 | Loss: 0.1103 (bce=0.0558 aux_ce=0.1362)
  Batch 1330/1393 | Loss: 0.0041 (bce=0.0032 aux_ce=0.0024)
  Batch 1340/1393 | Loss: 0.0076 (bce=0.0051 aux_ce=0.0062)
  Batch 1350/1393 | Loss: 0.2617 (bce=0.2101 aux_ce=0.1289)
  Batch 1360/1393 | Loss: 0.0157 (bce=0.0129 aux_ce=0.0070)
  Batch 1370/1393 | Loss: 0.1212 (bce=0.0015 aux_ce=0.2994)
  Batch 1380/1393 | Loss: 0.0030 (bce=0.0018 aux_ce=0.0030)
  Batch 1390/1393 | Loss: 0.0174 (bce=0.0134 aux_ce=0.0100)
Epoch 13 | Train Loss: 0.1108 | Train Acc: 0.9846 | Val AUC: 0.9954
Saved checkpoint: models\stageA_checkpoint_epoch13.pth
  No improvement for 1/5 epochs
  Batch 10/1393 | Loss: 1.1204 (bce=0.8883 aux_ce=0.5803)
  Batch 20/1393 | Loss: 0.0780 (bce=0.0594 aux_ce=0.0464)
  Batch 30/1393 | Loss: 1.5774 (bce=1.3317 aux_ce=0.6144)
  Batch 40/1393 | Loss: 0.0698 (bce=0.0578 aux_ce=0.0301)
  Batch 50/1393 | Loss: 0.6304 (bce=0.4419 aux_ce=0.4712)
  Batch 60/1393 | Loss: 0.0114 (bce=0.0054 aux_ce=0.0149)
  Batch 70/1393 | Loss: 0.0265 (bce=0.0075 aux_ce=0.0474)
  Batch 80/1393 | Loss: 0.0473 (bce=0.0311 aux_ce=0.0404)
  Batch 90/1393 | Loss: 0.0983 (bce=0.0113 aux_ce=0.2176)
  Batch 100/1393 | Loss: 0.0282 (bce=0.0073 aux_ce=0.0522)
  Batch 110/1393 | Loss: 0.1363 (bce=0.0064 aux_ce=0.3249)
  Batch 120/1393 | Loss: 0.0025 (bce=0.0021 aux_ce=0.0011)
  Batch 130/1393 | Loss: 0.0163 (bce=0.0149 aux_ce=0.0036)
  Batch 140/1393 | Loss: 0.0562 (bce=0.0181 aux_ce=0.0954)
  Batch 150/1393 | Loss: 0.3968 (bce=0.3151 aux_ce=0.2045)
  Batch 160/1393 | Loss: 0.0092 (bce=0.0075 aux_ce=0.0042)
  Batch 170/1393 | Loss: 0.0547 (bce=0.0449 aux_ce=0.0244)
  Batch 180/1393 | Loss: 0.0246 (bce=0.0221 aux_ce=0.0062)
  Batch 190/1393 | Loss: 0.0282 (bce=0.0241 aux_ce=0.0103)
  Batch 200/1393 | Loss: 0.0136 (bce=0.0089 aux_ce=0.0117)
  Batch 210/1393 | Loss: 0.0225 (bce=0.0146 aux_ce=0.0199)
  Batch 220/1393 | Loss: 0.1446 (bce=0.0058 aux_ce=0.3469)
  Batch 230/1393 | Loss: 0.0523 (bce=0.0453 aux_ce=0.0175)
  Batch 240/1393 | Loss: 0.0269 (bce=0.0173 aux_ce=0.0241)
  Batch 250/1393 | Loss: 0.0066 (bce=0.0034 aux_ce=0.0082)
  Batch 260/1393 | Loss: 0.0394 (bce=0.0358 aux_ce=0.0089)
  Batch 270/1393 | Loss: 0.2213 (bce=0.1682 aux_ce=0.1327)
  Batch 280/1393 | Loss: 0.1405 (bce=0.0908 aux_ce=0.1242)
  Batch 290/1393 | Loss: 0.1017 (bce=0.0739 aux_ce=0.0696)
  Batch 300/1393 | Loss: 0.0217 (bce=0.0096 aux_ce=0.0302)
  Batch 310/1393 | Loss: 0.1829 (bce=0.1347 aux_ce=0.1203)
  Batch 320/1393 | Loss: 0.0430 (bce=0.0354 aux_ce=0.0190)
  Batch 330/1393 | Loss: 0.0087 (bce=0.0071 aux_ce=0.0039)
  Batch 340/1393 | Loss: 0.0036 (bce=0.0029 aux_ce=0.0017)
  Batch 350/1393 | Loss: 0.0040 (bce=0.0017 aux_ce=0.0057)
  Batch 360/1393 | Loss: 0.0475 (bce=0.0440 aux_ce=0.0088)
  Batch 370/1393 | Loss: 0.0077 (bce=0.0053 aux_ce=0.0061)
  Batch 380/1393 | Loss: 0.3505 (bce=0.2554 aux_ce=0.2377)
  Batch 390/1393 | Loss: 0.3084 (bce=0.2542 aux_ce=0.1355)
  Batch 400/1393 | Loss: 0.7987 (bce=0.6354 aux_ce=0.4082)
  Batch 410/1393 | Loss: 0.0148 (bce=0.0044 aux_ce=0.0261)
  Batch 420/1393 | Loss: 0.0045 (bce=0.0011 aux_ce=0.0085)
  Batch 430/1393 | Loss: 0.0033 (bce=0.0012 aux_ce=0.0055)
  Batch 440/1393 | Loss: 0.0183 (bce=0.0094 aux_ce=0.0223)
  Batch 450/1393 | Loss: 0.0034 (bce=0.0022 aux_ce=0.0030)
  Batch 460/1393 | Loss: 0.0033 (bce=0.0022 aux_ce=0.0029)
  Batch 470/1393 | Loss: 0.0141 (bce=0.0057 aux_ce=0.0210)
  Batch 480/1393 | Loss: 0.1055 (bce=0.0870 aux_ce=0.0462)
  Batch 490/1393 | Loss: 0.0065 (bce=0.0027 aux_ce=0.0095)
  Batch 500/1393 | Loss: 0.0575 (bce=0.0021 aux_ce=0.1384)
  Batch 510/1393 | Loss: 0.0728 (bce=0.0387 aux_ce=0.0852)
  Batch 520/1393 | Loss: 0.1314 (bce=0.1148 aux_ce=0.0414)
  Batch 530/1393 | Loss: 0.0167 (bce=0.0096 aux_ce=0.0177)
  Batch 540/1393 | Loss: 0.1520 (bce=0.0423 aux_ce=0.2743)
  Batch 550/1393 | Loss: 0.0072 (bce=0.0037 aux_ce=0.0088)
  Batch 560/1393 | Loss: 0.1111 (bce=0.0835 aux_ce=0.0691)
  Batch 570/1393 | Loss: 0.0209 (bce=0.0162 aux_ce=0.0117)
  Batch 580/1393 | Loss: 0.1445 (bce=0.0020 aux_ce=0.3562)
  Batch 590/1393 | Loss: 0.0478 (bce=0.0373 aux_ce=0.0262)
  Batch 600/1393 | Loss: 0.0467 (bce=0.0383 aux_ce=0.0210)
  Batch 610/1393 | Loss: 0.0226 (bce=0.0050 aux_ce=0.0440)
  Batch 620/1393 | Loss: 0.0080 (bce=0.0031 aux_ce=0.0123)
  Batch 630/1393 | Loss: 0.0082 (bce=0.0031 aux_ce=0.0128)
  Batch 640/1393 | Loss: 0.0286 (bce=0.0026 aux_ce=0.0649)
  Batch 650/1393 | Loss: 0.5992 (bce=0.4864 aux_ce=0.2819)
  Batch 660/1393 | Loss: 0.2816 (bce=0.2310 aux_ce=0.1264)
  Batch 670/1393 | Loss: 0.2243 (bce=0.1964 aux_ce=0.0697)
  Batch 680/1393 | Loss: 0.6296 (bce=0.5092 aux_ce=0.3009)
  Batch 690/1393 | Loss: 0.0214 (bce=0.0195 aux_ce=0.0049)
  Batch 700/1393 | Loss: 0.1145 (bce=0.0982 aux_ce=0.0409)
  Batch 710/1393 | Loss: 0.0326 (bce=0.0238 aux_ce=0.0222)
  Batch 720/1393 | Loss: 0.6446 (bce=0.5274 aux_ce=0.2929)
  Batch 730/1393 | Loss: 0.0188 (bce=0.0137 aux_ce=0.0128)
  Batch 740/1393 | Loss: 0.0084 (bce=0.0069 aux_ce=0.0038)
  Batch 750/1393 | Loss: 0.0155 (bce=0.0073 aux_ce=0.0205)
  Batch 760/1393 | Loss: 0.0176 (bce=0.0154 aux_ce=0.0053)
  Batch 770/1393 | Loss: 0.0570 (bce=0.0447 aux_ce=0.0306)
  Batch 780/1393 | Loss: 0.0412 (bce=0.0270 aux_ce=0.0355)
  Batch 790/1393 | Loss: 0.0026 (bce=0.0015 aux_ce=0.0029)
  Batch 800/1393 | Loss: 0.0113 (bce=0.0030 aux_ce=0.0209)
  Batch 810/1393 | Loss: 0.0103 (bce=0.0047 aux_ce=0.0138)
  Batch 820/1393 | Loss: 0.0139 (bce=0.0017 aux_ce=0.0305)
  Batch 830/1393 | Loss: 0.0106 (bce=0.0096 aux_ce=0.0025)
  Batch 840/1393 | Loss: 0.1424 (bce=0.1181 aux_ce=0.0607)
  Batch 850/1393 | Loss: 0.0136 (bce=0.0011 aux_ce=0.0314)
  Batch 860/1393 | Loss: 0.0250 (bce=0.0205 aux_ce=0.0113)
  Batch 870/1393 | Loss: 0.0841 (bce=0.0621 aux_ce=0.0550)
  Batch 880/1393 | Loss: 0.0029 (bce=0.0021 aux_ce=0.0020)
  Batch 890/1393 | Loss: 0.0090 (bce=0.0077 aux_ce=0.0034)
  Batch 900/1393 | Loss: 0.0036 (bce=0.0021 aux_ce=0.0036)
  Batch 910/1393 | Loss: 0.3910 (bce=0.2619 aux_ce=0.3228)
  Batch 920/1393 | Loss: 0.1498 (bce=0.0177 aux_ce=0.3303)
  Batch 930/1393 | Loss: 0.1143 (bce=0.0069 aux_ce=0.2685)
  Batch 940/1393 | Loss: 0.1181 (bce=0.0986 aux_ce=0.0489)
  Batch 950/1393 | Loss: 0.0416 (bce=0.0337 aux_ce=0.0198)
  Batch 960/1393 | Loss: 0.0212 (bce=0.0160 aux_ce=0.0132)
  Batch 970/1393 | Loss: 0.0962 (bce=0.0800 aux_ce=0.0404)
  Batch 980/1393 | Loss: 0.0975 (bce=0.0801 aux_ce=0.0436)
  Batch 990/1393 | Loss: 0.0329 (bce=0.0088 aux_ce=0.0603)
  Batch 1000/1393 | Loss: 0.2615 (bce=0.0472 aux_ce=0.5357)
  Batch 1010/1393 | Loss: 0.0250 (bce=0.0207 aux_ce=0.0108)
  Batch 1020/1393 | Loss: 0.0595 (bce=0.0494 aux_ce=0.0251)
  Batch 1030/1393 | Loss: 0.0974 (bce=0.0774 aux_ce=0.0501)
  Batch 1040/1393 | Loss: 0.1815 (bce=0.1447 aux_ce=0.0921)
  Batch 1050/1393 | Loss: 0.0224 (bce=0.0167 aux_ce=0.0143)
  Batch 1060/1393 | Loss: 0.0946 (bce=0.0298 aux_ce=0.1620)
  Batch 1070/1393 | Loss: 0.2083 (bce=0.0700 aux_ce=0.3458)
  Batch 1080/1393 | Loss: 0.1640 (bce=0.0534 aux_ce=0.2765)
  Batch 1090/1393 | Loss: 0.0139 (bce=0.0107 aux_ce=0.0081)
  Batch 1100/1393 | Loss: 0.0034 (bce=0.0024 aux_ce=0.0024)
  Batch 1110/1393 | Loss: 0.0468 (bce=0.0058 aux_ce=0.1026)
  Batch 1120/1393 | Loss: 0.0179 (bce=0.0097 aux_ce=0.0206)
  Batch 1130/1393 | Loss: 0.0109 (bce=0.0083 aux_ce=0.0065)
  Batch 1140/1393 | Loss: 0.2854 (bce=0.2210 aux_ce=0.1610)
  Batch 1150/1393 | Loss: 0.0464 (bce=0.0336 aux_ce=0.0319)
  Batch 1160/1393 | Loss: 0.2851 (bce=0.0226 aux_ce=0.6563)
  Batch 1170/1393 | Loss: 0.0467 (bce=0.0037 aux_ce=0.1075)
  Batch 1180/1393 | Loss: 0.3669 (bce=0.0052 aux_ce=0.9044)
  Batch 1190/1393 | Loss: 0.0960 (bce=0.0082 aux_ce=0.2195)
  Batch 1200/1393 | Loss: 0.0218 (bce=0.0040 aux_ce=0.0446)
  Batch 1210/1393 | Loss: 0.0048 (bce=0.0027 aux_ce=0.0052)
  Batch 1220/1393 | Loss: 0.0049 (bce=0.0018 aux_ce=0.0077)
  Batch 1230/1393 | Loss: 0.0314 (bce=0.0271 aux_ce=0.0107)
  Batch 1240/1393 | Loss: 0.2232 (bce=0.1606 aux_ce=0.1565)
  Batch 1250/1393 | Loss: 0.0333 (bce=0.0219 aux_ce=0.0284)
  Batch 1260/1393 | Loss: 0.0847 (bce=0.0505 aux_ce=0.0855)
  Batch 1270/1393 | Loss: 0.0101 (bce=0.0076 aux_ce=0.0063)
  Batch 1280/1393 | Loss: 0.0308 (bce=0.0007 aux_ce=0.0751)
  Batch 1290/1393 | Loss: 0.0911 (bce=0.0044 aux_ce=0.2168)
  Batch 1300/1393 | Loss: 0.0010 (bce=0.0005 aux_ce=0.0012)
  Batch 1310/1393 | Loss: 0.0500 (bce=0.0336 aux_ce=0.0412)
  Batch 1320/1393 | Loss: 0.0084 (bce=0.0005 aux_ce=0.0199)
  Batch 1330/1393 | Loss: 0.1206 (bce=0.0045 aux_ce=0.2903)
  Batch 1340/1393 | Loss: 0.1959 (bce=0.1542 aux_ce=0.1044)
  Batch 1350/1393 | Loss: 0.0123 (bce=0.0031 aux_ce=0.0229)
  Batch 1360/1393 | Loss: 0.0232 (bce=0.0145 aux_ce=0.0216)
  Batch 1370/1393 | Loss: 0.0043 (bce=0.0019 aux_ce=0.0060)
  Batch 1380/1393 | Loss: 0.0952 (bce=0.0856 aux_ce=0.0242)
  Batch 1390/1393 | Loss: 0.0513 (bce=0.0096 aux_ce=0.1043)
Epoch 14 | Train Loss: 0.1268 | Train Acc: 0.9819 | Val AUC: 0.9959
Saved checkpoint: models\stageA_checkpoint_epoch14.pth
  No improvement for 2/5 epochs
  Batch 10/1393 | Loss: 0.1665 (bce=0.1360 aux_ce=0.0762)
  Batch 20/1393 | Loss: 0.3205 (bce=0.0027 aux_ce=0.7945)
  Batch 30/1393 | Loss: 0.0939 (bce=0.0100 aux_ce=0.2098)
  Batch 40/1393 | Loss: 0.0403 (bce=0.0327 aux_ce=0.0192)
  Batch 50/1393 | Loss: 0.0263 (bce=0.0094 aux_ce=0.0423)
  Batch 60/1393 | Loss: 0.7786 (bce=0.4418 aux_ce=0.8419)
  Batch 70/1393 | Loss: 0.3448 (bce=0.2836 aux_ce=0.1530)
  Batch 80/1393 | Loss: 0.0099 (bce=0.0072 aux_ce=0.0067)
  Batch 90/1393 | Loss: 0.0041 (bce=0.0011 aux_ce=0.0075)
  Batch 100/1393 | Loss: 0.0083 (bce=0.0043 aux_ce=0.0100)
  Batch 110/1393 | Loss: 0.0099 (bce=0.0027 aux_ce=0.0181)
  Batch 120/1393 | Loss: 0.0117 (bce=0.0067 aux_ce=0.0125)
  Batch 130/1393 | Loss: 0.0045 (bce=0.0022 aux_ce=0.0057)
  Batch 140/1393 | Loss: 0.0260 (bce=0.0206 aux_ce=0.0135)
  Batch 150/1393 | Loss: 0.0088 (bce=0.0042 aux_ce=0.0115)
  Batch 160/1393 | Loss: 0.0189 (bce=0.0166 aux_ce=0.0057)
  Batch 170/1393 | Loss: 0.0036 (bce=0.0015 aux_ce=0.0051)
  Batch 180/1393 | Loss: 0.0019 (bce=0.0015 aux_ce=0.0011)
  Batch 190/1393 | Loss: 0.0614 (bce=0.0335 aux_ce=0.0700)
  Batch 200/1393 | Loss: 0.0172 (bce=0.0062 aux_ce=0.0274)
  Batch 210/1393 | Loss: 0.0037 (bce=0.0030 aux_ce=0.0018)
  Batch 220/1393 | Loss: 0.0343 (bce=0.0145 aux_ce=0.0496)
  Batch 230/1393 | Loss: 0.0151 (bce=0.0002 aux_ce=0.0372)
  Batch 240/1393 | Loss: 0.0050 (bce=0.0029 aux_ce=0.0053)
  Batch 250/1393 | Loss: 0.1093 (bce=0.0854 aux_ce=0.0596)
  Batch 260/1393 | Loss: 0.1729 (bce=0.1459 aux_ce=0.0676)
  Batch 270/1393 | Loss: 0.0506 (bce=0.0072 aux_ce=0.1087)
  Batch 280/1393 | Loss: 0.0131 (bce=0.0011 aux_ce=0.0301)
  Batch 290/1393 | Loss: 0.0738 (bce=0.0179 aux_ce=0.1398)
  Batch 300/1393 | Loss: 0.0535 (bce=0.0059 aux_ce=0.1189)
  Batch 310/1393 | Loss: 0.0038 (bce=0.0020 aux_ce=0.0047)
  Batch 320/1393 | Loss: 0.1568 (bce=0.0257 aux_ce=0.3277)
  Batch 330/1393 | Loss: 0.0154 (bce=0.0038 aux_ce=0.0290)
  Batch 340/1393 | Loss: 0.0215 (bce=0.0166 aux_ce=0.0123)
  Batch 350/1393 | Loss: 0.3100 (bce=0.2561 aux_ce=0.1348)
  Batch 360/1393 | Loss: 0.0065 (bce=0.0052 aux_ce=0.0033)
  Batch 370/1393 | Loss: 0.0970 (bce=0.0805 aux_ce=0.0412)
  Batch 380/1393 | Loss: 0.0163 (bce=0.0083 aux_ce=0.0200)
  Batch 390/1393 | Loss: 0.0277 (bce=0.0219 aux_ce=0.0146)
  Batch 400/1393 | Loss: 0.0474 (bce=0.0397 aux_ce=0.0191)
  Batch 410/1393 | Loss: 0.1946 (bce=0.1397 aux_ce=0.1372)
  Batch 420/1393 | Loss: 0.0119 (bce=0.0086 aux_ce=0.0082)
  Batch 430/1393 | Loss: 0.0375 (bce=0.0319 aux_ce=0.0140)
  Batch 440/1393 | Loss: 0.0224 (bce=0.0193 aux_ce=0.0078)
  Batch 450/1393 | Loss: 0.0279 (bce=0.0005 aux_ce=0.0686)
  Batch 460/1393 | Loss: 0.0364 (bce=0.0020 aux_ce=0.0859)
  Batch 470/1393 | Loss: 0.0030 (bce=0.0023 aux_ce=0.0019)
  Batch 480/1393 | Loss: 0.0154 (bce=0.0137 aux_ce=0.0042)
  Batch 490/1393 | Loss: 0.0367 (bce=0.0007 aux_ce=0.0900)
  Batch 500/1393 | Loss: 0.0772 (bce=0.0483 aux_ce=0.0723)
  Batch 510/1393 | Loss: 0.0204 (bce=0.0141 aux_ce=0.0158)
  Batch 520/1393 | Loss: 0.0661 (bce=0.0554 aux_ce=0.0267)
  Batch 530/1393 | Loss: 0.0043 (bce=0.0018 aux_ce=0.0062)
  Batch 540/1393 | Loss: 0.0080 (bce=0.0008 aux_ce=0.0181)
  Batch 550/1393 | Loss: 0.0559 (bce=0.0491 aux_ce=0.0170)
  Batch 560/1393 | Loss: 0.0641 (bce=0.0026 aux_ce=0.1538)
  Batch 570/1393 | Loss: 0.0339 (bce=0.0019 aux_ce=0.0799)
  Batch 580/1393 | Loss: 0.0047 (bce=0.0031 aux_ce=0.0040)
  Batch 590/1393 | Loss: 0.0175 (bce=0.0108 aux_ce=0.0166)
  Batch 600/1393 | Loss: 0.0259 (bce=0.0008 aux_ce=0.0628)
  Batch 610/1393 | Loss: 0.0039 (bce=0.0003 aux_ce=0.0090)
  Batch 620/1393 | Loss: 0.0196 (bce=0.0064 aux_ce=0.0330)
  Batch 630/1393 | Loss: 0.0159 (bce=0.0038 aux_ce=0.0303)
  Batch 640/1393 | Loss: 0.0220 (bce=0.0185 aux_ce=0.0089)
  Batch 650/1393 | Loss: 0.5483 (bce=0.4657 aux_ce=0.2067)
  Batch 660/1393 | Loss: 0.0069 (bce=0.0042 aux_ce=0.0069)
  Batch 670/1393 | Loss: 0.4452 (bce=0.3428 aux_ce=0.2560)
  Batch 680/1393 | Loss: 0.1429 (bce=0.0021 aux_ce=0.3522)
  Batch 690/1393 | Loss: 0.0656 (bce=0.0586 aux_ce=0.0176)
  Batch 700/1393 | Loss: 0.0301 (bce=0.0188 aux_ce=0.0282)
  Batch 710/1393 | Loss: 0.1058 (bce=0.0014 aux_ce=0.2612)
  Batch 720/1393 | Loss: 0.0093 (bce=0.0010 aux_ce=0.0206)
  Batch 730/1393 | Loss: 0.0091 (bce=0.0073 aux_ce=0.0043)
  Batch 740/1393 | Loss: 0.0039 (bce=0.0012 aux_ce=0.0067)
  Batch 750/1393 | Loss: 0.0023 (bce=0.0003 aux_ce=0.0050)
  Batch 760/1393 | Loss: 0.0074 (bce=0.0040 aux_ce=0.0085)
  Batch 770/1393 | Loss: 0.0022 (bce=0.0010 aux_ce=0.0030)
  Batch 780/1393 | Loss: 0.2037 (bce=0.1832 aux_ce=0.0514)
  Batch 790/1393 | Loss: 0.0061 (bce=0.0009 aux_ce=0.0130)
  Batch 800/1393 | Loss: 0.0232 (bce=0.0026 aux_ce=0.0517)
  Batch 810/1393 | Loss: 0.0842 (bce=0.0725 aux_ce=0.0295)
  Batch 820/1393 | Loss: 0.1451 (bce=0.1142 aux_ce=0.0772)
  Batch 830/1393 | Loss: 0.0200 (bce=0.0178 aux_ce=0.0056)
  Batch 840/1393 | Loss: 0.0201 (bce=0.0024 aux_ce=0.0441)
  Batch 850/1393 | Loss: 0.0166 (bce=0.0137 aux_ce=0.0073)
  Batch 860/1393 | Loss: 0.0028 (bce=0.0012 aux_ce=0.0041)
  Batch 870/1393 | Loss: 0.0075 (bce=0.0045 aux_ce=0.0077)
  Batch 880/1393 | Loss: 0.0365 (bce=0.0339 aux_ce=0.0067)
  Batch 890/1393 | Loss: 0.0100 (bce=0.0021 aux_ce=0.0196)
  Batch 900/1393 | Loss: 0.0715 (bce=0.0296 aux_ce=0.1048)
  Batch 910/1393 | Loss: 0.0387 (bce=0.0006 aux_ce=0.0952)
  Batch 920/1393 | Loss: 0.0194 (bce=0.0169 aux_ce=0.0064)
  Batch 930/1393 | Loss: 0.9683 (bce=0.8097 aux_ce=0.3964)
  Batch 940/1393 | Loss: 0.0137 (bce=0.0079 aux_ce=0.0145)
  Batch 950/1393 | Loss: 0.0845 (bce=0.0766 aux_ce=0.0199)
  Batch 960/1393 | Loss: 0.0067 (bce=0.0031 aux_ce=0.0089)
  Batch 970/1393 | Loss: 0.0725 (bce=0.0422 aux_ce=0.0756)
  Batch 980/1393 | Loss: 0.0504 (bce=0.0409 aux_ce=0.0236)
  Batch 990/1393 | Loss: 0.0061 (bce=0.0045 aux_ce=0.0039)
  Batch 1000/1393 | Loss: 0.2615 (bce=0.1036 aux_ce=0.3946)
  Batch 1010/1393 | Loss: 0.1269 (bce=0.0015 aux_ce=0.3134)
  Batch 1020/1393 | Loss: 0.4198 (bce=0.3269 aux_ce=0.2324)
  Batch 1030/1393 | Loss: 2.0831 (bce=1.7826 aux_ce=0.7514)
  Batch 1040/1393 | Loss: 0.0912 (bce=0.0030 aux_ce=0.2205)
  Batch 1050/1393 | Loss: 0.8247 (bce=0.6022 aux_ce=0.5563)
  Batch 1060/1393 | Loss: 0.0155 (bce=0.0041 aux_ce=0.0286)
  Batch 1070/1393 | Loss: 0.0787 (bce=0.0580 aux_ce=0.0517)
  Batch 1080/1393 | Loss: 0.0092 (bce=0.0037 aux_ce=0.0138)
  Batch 1090/1393 | Loss: 0.1472 (bce=0.1246 aux_ce=0.0565)
  Batch 1100/1393 | Loss: 0.0858 (bce=0.0328 aux_ce=0.1325)
  Batch 1110/1393 | Loss: 0.0029 (bce=0.0005 aux_ce=0.0061)
  Batch 1120/1393 | Loss: 0.0778 (bce=0.0032 aux_ce=0.1865)
  Batch 1130/1393 | Loss: 0.0129 (bce=0.0019 aux_ce=0.0275)
  Batch 1140/1393 | Loss: 0.0184 (bce=0.0120 aux_ce=0.0162)
  Batch 1150/1393 | Loss: 0.1503 (bce=0.1101 aux_ce=0.1003)
  Batch 1160/1393 | Loss: 0.0101 (bce=0.0037 aux_ce=0.0160)
  Batch 1170/1393 | Loss: 0.1220 (bce=0.1067 aux_ce=0.0381)
  Batch 1180/1393 | Loss: 0.1431 (bce=0.0009 aux_ce=0.3553)
  Batch 1190/1393 | Loss: 0.0025 (bce=0.0014 aux_ce=0.0026)
  Batch 1200/1393 | Loss: 0.0025 (bce=0.0013 aux_ce=0.0030)
  Batch 1210/1393 | Loss: 0.0122 (bce=0.0059 aux_ce=0.0156)
  Batch 1220/1393 | Loss: 0.0160 (bce=0.0005 aux_ce=0.0387)
  Batch 1230/1393 | Loss: 0.0037 (bce=0.0014 aux_ce=0.0055)
  Batch 1240/1393 | Loss: 0.0093 (bce=0.0058 aux_ce=0.0087)
  Batch 1250/1393 | Loss: 0.0017 (bce=0.0011 aux_ce=0.0016)
  Batch 1260/1393 | Loss: 0.0127 (bce=0.0095 aux_ce=0.0081)
  Batch 1270/1393 | Loss: 0.1491 (bce=0.1248 aux_ce=0.0607)
  Batch 1280/1393 | Loss: 0.0055 (bce=0.0043 aux_ce=0.0029)
  Batch 1290/1393 | Loss: 0.0142 (bce=0.0110 aux_ce=0.0081)
  Batch 1300/1393 | Loss: 0.0152 (bce=0.0012 aux_ce=0.0350)
  Batch 1310/1393 | Loss: 0.0079 (bce=0.0052 aux_ce=0.0067)
  Batch 1320/1393 | Loss: 0.0065 (bce=0.0008 aux_ce=0.0142)
  Batch 1330/1393 | Loss: 0.0103 (bce=0.0017 aux_ce=0.0216)
  Batch 1340/1393 | Loss: 0.2347 (bce=0.1872 aux_ce=0.1187)
  Batch 1350/1393 | Loss: 0.0164 (bce=0.0102 aux_ce=0.0155)
  Batch 1360/1393 | Loss: 0.0127 (bce=0.0098 aux_ce=0.0072)
  Batch 1370/1393 | Loss: 0.0182 (bce=0.0149 aux_ce=0.0082)
  Batch 1380/1393 | Loss: 0.0024 (bce=0.0017 aux_ce=0.0018)
  Batch 1390/1393 | Loss: 0.0060 (bce=0.0035 aux_ce=0.0061)
Epoch 15 | Train Loss: 0.0965 | Train Acc: 0.9876 | Val AUC: 0.9968
Saved checkpoint: models\stageA_checkpoint_epoch15.pth
  New best val AUC: 0.9968 - saved stageA_best_model.pth
  Batch 10/1393 | Loss: 0.0730 (bce=0.0621 aux_ce=0.0274)
  Batch 20/1393 | Loss: 0.0890 (bce=0.0008 aux_ce=0.2205)
  Batch 30/1393 | Loss: 0.1804 (bce=0.1325 aux_ce=0.1198)
  Batch 40/1393 | Loss: 0.0620 (bce=0.0005 aux_ce=0.1536)
  Batch 50/1393 | Loss: 0.0146 (bce=0.0128 aux_ce=0.0043)
  Batch 60/1393 | Loss: 0.0371 (bce=0.0229 aux_ce=0.0355)
  Batch 70/1393 | Loss: 0.0663 (bce=0.0598 aux_ce=0.0162)
  Batch 80/1393 | Loss: 0.0427 (bce=0.0298 aux_ce=0.0324)
  Batch 90/1393 | Loss: 0.2656 (bce=0.0014 aux_ce=0.6604)
  Batch 100/1393 | Loss: 0.0268 (bce=0.0239 aux_ce=0.0073)
  Batch 110/1393 | Loss: 0.0014 (bce=0.0002 aux_ce=0.0029)
  Batch 120/1393 | Loss: 0.0024 (bce=0.0010 aux_ce=0.0034)
  Batch 130/1393 | Loss: 0.0634 (bce=0.0380 aux_ce=0.0636)
  Batch 140/1393 | Loss: 0.1111 (bce=0.0850 aux_ce=0.0653)
  Batch 150/1393 | Loss: 0.0855 (bce=0.0006 aux_ce=0.2122)
  Batch 160/1393 | Loss: 0.0096 (bce=0.0040 aux_ce=0.0141)
  Batch 170/1393 | Loss: 0.0157 (bce=0.0037 aux_ce=0.0302)
  Batch 180/1393 | Loss: 0.0158 (bce=0.0104 aux_ce=0.0136)
  Batch 190/1393 | Loss: 0.0573 (bce=0.0504 aux_ce=0.0172)
  Batch 200/1393 | Loss: 0.0103 (bce=0.0064 aux_ce=0.0096)
  Batch 210/1393 | Loss: 0.0317 (bce=0.0209 aux_ce=0.0270)
  Batch 220/1393 | Loss: 0.1544 (bce=0.1241 aux_ce=0.0758)
  Batch 230/1393 | Loss: 0.1716 (bce=0.0030 aux_ce=0.4217)
  Batch 240/1393 | Loss: 0.0080 (bce=0.0058 aux_ce=0.0053)
  Batch 250/1393 | Loss: 0.0097 (bce=0.0048 aux_ce=0.0122)
  Batch 260/1393 | Loss: 0.0018 (bce=0.0009 aux_ce=0.0022)
  Batch 270/1393 | Loss: 0.0245 (bce=0.0184 aux_ce=0.0154)
  Batch 280/1393 | Loss: 0.0396 (bce=0.0078 aux_ce=0.0796)
  Batch 290/1393 | Loss: 0.0075 (bce=0.0022 aux_ce=0.0134)
  Batch 300/1393 | Loss: 0.0860 (bce=0.0168 aux_ce=0.1730)
  Batch 310/1393 | Loss: 0.0140 (bce=0.0015 aux_ce=0.0313)
  Batch 320/1393 | Loss: 0.1259 (bce=0.1094 aux_ce=0.0411)
  Batch 330/1393 | Loss: 0.0139 (bce=0.0108 aux_ce=0.0077)
  Batch 340/1393 | Loss: 0.0016 (bce=0.0012 aux_ce=0.0010)
  Batch 350/1393 | Loss: 0.1266 (bce=0.0043 aux_ce=0.3056)
  Batch 360/1393 | Loss: 0.0085 (bce=0.0042 aux_ce=0.0107)
  Batch 370/1393 | Loss: 0.0013 (bce=0.0007 aux_ce=0.0016)
  Batch 380/1393 | Loss: 0.0240 (bce=0.0051 aux_ce=0.0473)
  Batch 390/1393 | Loss: 0.0155 (bce=0.0007 aux_ce=0.0370)
  Batch 400/1393 | Loss: 0.0155 (bce=0.0048 aux_ce=0.0270)
  Batch 410/1393 | Loss: 0.0211 (bce=0.0163 aux_ce=0.0121)
  Batch 420/1393 | Loss: 0.1643 (bce=0.0930 aux_ce=0.1783)
  Batch 430/1393 | Loss: 0.0159 (bce=0.0104 aux_ce=0.0137)
  Batch 440/1393 | Loss: 0.0671 (bce=0.0038 aux_ce=0.1584)
  Batch 450/1393 | Loss: 0.0024 (bce=0.0014 aux_ce=0.0025)
  Batch 460/1393 | Loss: 0.2458 (bce=0.0816 aux_ce=0.4106)
  Batch 470/1393 | Loss: 0.0049 (bce=0.0040 aux_ce=0.0024)
  Batch 480/1393 | Loss: 0.1886 (bce=0.1515 aux_ce=0.0928)
  Batch 490/1393 | Loss: 0.0249 (bce=0.0220 aux_ce=0.0072)
  Batch 500/1393 | Loss: 0.0017 (bce=0.0006 aux_ce=0.0028)
  Batch 510/1393 | Loss: 0.0735 (bce=0.0639 aux_ce=0.0239)
  Batch 520/1393 | Loss: 0.0911 (bce=0.0817 aux_ce=0.0235)
  Batch 530/1393 | Loss: 0.0206 (bce=0.0025 aux_ce=0.0453)
  Batch 540/1393 | Loss: 0.0445 (bce=0.0259 aux_ce=0.0465)
  Batch 550/1393 | Loss: 0.0096 (bce=0.0055 aux_ce=0.0102)
  Batch 560/1393 | Loss: 0.1182 (bce=0.0006 aux_ce=0.2941)
  Batch 570/1393 | Loss: 0.1321 (bce=0.0055 aux_ce=0.3164)
  Batch 580/1393 | Loss: 0.1005 (bce=0.0781 aux_ce=0.0560)
  Batch 590/1393 | Loss: 0.0088 (bce=0.0066 aux_ce=0.0056)
  Batch 600/1393 | Loss: 0.1180 (bce=0.0984 aux_ce=0.0489)
  Batch 610/1393 | Loss: 0.0044 (bce=0.0033 aux_ce=0.0029)
  Batch 620/1393 | Loss: 0.0985 (bce=0.0843 aux_ce=0.0356)
  Batch 630/1393 | Loss: 0.2901 (bce=0.1973 aux_ce=0.2319)
  Batch 640/1393 | Loss: 0.1642 (bce=0.1297 aux_ce=0.0862)
  Batch 650/1393 | Loss: 0.0368 (bce=0.0116 aux_ce=0.0629)
  Batch 660/1393 | Loss: 0.0023 (bce=0.0009 aux_ce=0.0035)
  Batch 670/1393 | Loss: 0.2568 (bce=0.0235 aux_ce=0.5833)
  Batch 680/1393 | Loss: 0.0288 (bce=0.0235 aux_ce=0.0133)
  Batch 690/1393 | Loss: 0.0633 (bce=0.0589 aux_ce=0.0111)
  Batch 700/1393 | Loss: 0.0757 (bce=0.0396 aux_ce=0.0904)
  Batch 710/1393 | Loss: 0.1983 (bce=0.1596 aux_ce=0.0967)
  Batch 720/1393 | Loss: 0.0063 (bce=0.0045 aux_ce=0.0045)
  Batch 730/1393 | Loss: 0.0181 (bce=0.0004 aux_ce=0.0444)
  Batch 740/1393 | Loss: 0.0417 (bce=0.0007 aux_ce=0.1024)
  Batch 750/1393 | Loss: 0.0243 (bce=0.0025 aux_ce=0.0544)
  Batch 760/1393 | Loss: 0.0074 (bce=0.0019 aux_ce=0.0138)
  Batch 770/1393 | Loss: 0.0022 (bce=0.0012 aux_ce=0.0024)
  Batch 780/1393 | Loss: 0.2142 (bce=0.1733 aux_ce=0.1023)
  Batch 790/1393 | Loss: 0.0112 (bce=0.0076 aux_ce=0.0090)
  Batch 800/1393 | Loss: 0.0014 (bce=0.0003 aux_ce=0.0027)
  Batch 810/1393 | Loss: 0.0096 (bce=0.0038 aux_ce=0.0147)
  Batch 820/1393 | Loss: 0.0381 (bce=0.0005 aux_ce=0.0939)
  Batch 830/1393 | Loss: 0.0102 (bce=0.0009 aux_ce=0.0233)
  Batch 840/1393 | Loss: 0.0041 (bce=0.0030 aux_ce=0.0028)
  Batch 850/1393 | Loss: 0.9823 (bce=0.7712 aux_ce=0.5279)
  Batch 860/1393 | Loss: 0.0048 (bce=0.0003 aux_ce=0.0114)
  Batch 870/1393 | Loss: 0.0030 (bce=0.0018 aux_ce=0.0029)
  Batch 880/1393 | Loss: 0.1196 (bce=0.1080 aux_ce=0.0292)
  Batch 890/1393 | Loss: 0.0127 (bce=0.0081 aux_ce=0.0114)
  Batch 900/1393 | Loss: 0.0048 (bce=0.0030 aux_ce=0.0047)
  Batch 910/1393 | Loss: 0.3353 (bce=0.2570 aux_ce=0.1959)
  Batch 920/1393 | Loss: 0.1558 (bce=0.1301 aux_ce=0.0642)
  Batch 930/1393 | Loss: 0.0418 (bce=0.0226 aux_ce=0.0481)
  Batch 940/1393 | Loss: 0.0086 (bce=0.0082 aux_ce=0.0011)
  Batch 950/1393 | Loss: 0.0031 (bce=0.0011 aux_ce=0.0049)
  Batch 960/1393 | Loss: 0.0096 (bce=0.0043 aux_ce=0.0131)
  Batch 970/1393 | Loss: 0.0009 (bce=0.0006 aux_ce=0.0005)
  Batch 980/1393 | Loss: 0.0026 (bce=0.0020 aux_ce=0.0015)
  Batch 990/1393 | Loss: 0.0118 (bce=0.0007 aux_ce=0.0276)
  Batch 1000/1393 | Loss: 0.2360 (bce=0.1751 aux_ce=0.1522)
  Batch 1010/1393 | Loss: 0.0015 (bce=0.0008 aux_ce=0.0019)
  Batch 1020/1393 | Loss: 0.0153 (bce=0.0118 aux_ce=0.0087)
  Batch 1030/1393 | Loss: 0.0166 (bce=0.0105 aux_ce=0.0151)
  Batch 1040/1393 | Loss: 0.0734 (bce=0.0638 aux_ce=0.0240)
  Batch 1050/1393 | Loss: 0.0729 (bce=0.0201 aux_ce=0.1321)
  Batch 1060/1393 | Loss: 0.0053 (bce=0.0040 aux_ce=0.0034)
  Batch 1070/1393 | Loss: 0.0475 (bce=0.0025 aux_ce=0.1125)
  Batch 1080/1393 | Loss: 0.0025 (bce=0.0018 aux_ce=0.0019)
  Batch 1090/1393 | Loss: 0.0026 (bce=0.0013 aux_ce=0.0034)
  Batch 1100/1393 | Loss: 0.0826 (bce=0.0690 aux_ce=0.0338)
  Batch 1110/1393 | Loss: 0.0131 (bce=0.0039 aux_ce=0.0228)
  Batch 1120/1393 | Loss: 0.0348 (bce=0.0258 aux_ce=0.0226)
  Batch 1130/1393 | Loss: 0.0487 (bce=0.0435 aux_ce=0.0129)
  Batch 1140/1393 | Loss: 0.0767 (bce=0.0698 aux_ce=0.0173)
  Batch 1150/1393 | Loss: 0.0115 (bce=0.0015 aux_ce=0.0250)
  Batch 1160/1393 | Loss: 0.0107 (bce=0.0003 aux_ce=0.0260)
  Batch 1170/1393 | Loss: 0.0047 (bce=0.0022 aux_ce=0.0063)
  Batch 1180/1393 | Loss: 0.0036 (bce=0.0029 aux_ce=0.0018)
  Batch 1190/1393 | Loss: 0.0654 (bce=0.0592 aux_ce=0.0155)
  Batch 1200/1393 | Loss: 0.0198 (bce=0.0006 aux_ce=0.0482)
  Batch 1210/1393 | Loss: 0.0129 (bce=0.0017 aux_ce=0.0281)
  Batch 1220/1393 | Loss: 0.0083 (bce=0.0075 aux_ce=0.0021)
  Batch 1230/1393 | Loss: 0.0137 (bce=0.0126 aux_ce=0.0027)
  Batch 1240/1393 | Loss: 0.0066 (bce=0.0022 aux_ce=0.0110)
  Batch 1250/1393 | Loss: 0.0049 (bce=0.0016 aux_ce=0.0082)
  Batch 1260/1393 | Loss: 0.0231 (bce=0.0196 aux_ce=0.0086)
  Batch 1270/1393 | Loss: 0.0560 (bce=0.0475 aux_ce=0.0210)
  Batch 1280/1393 | Loss: 0.0087 (bce=0.0075 aux_ce=0.0030)
  Batch 1290/1393 | Loss: 0.0079 (bce=0.0053 aux_ce=0.0065)
  Batch 1300/1393 | Loss: 0.0709 (bce=0.0424 aux_ce=0.0712)
  Batch 1310/1393 | Loss: 0.0466 (bce=0.0344 aux_ce=0.0305)
  Batch 1320/1393 | Loss: 0.2892 (bce=0.0082 aux_ce=0.7025)
  Batch 1330/1393 | Loss: 0.0405 (bce=0.0045 aux_ce=0.0900)
  Batch 1340/1393 | Loss: 0.0308 (bce=0.0037 aux_ce=0.0678)
  Batch 1350/1393 | Loss: 0.3160 (bce=0.0397 aux_ce=0.6909)
  Batch 1360/1393 | Loss: 0.0857 (bce=0.0575 aux_ce=0.0704)
  Batch 1370/1393 | Loss: 0.1494 (bce=0.1271 aux_ce=0.0558)
  Batch 1380/1393 | Loss: 0.0157 (bce=0.0081 aux_ce=0.0188)
  Batch 1390/1393 | Loss: 0.1487 (bce=0.1194 aux_ce=0.0731)
Epoch 16 | Train Loss: 0.0954 | Train Acc: 0.9865 | Val AUC: 0.9934
Saved checkpoint: models\stageA_checkpoint_epoch16.pth
  No improvement for 1/5 epochs
  Batch 10/1393 | Loss: 0.0168 (bce=0.0130 aux_ce=0.0096)
  Batch 20/1393 | Loss: 0.0132 (bce=0.0015 aux_ce=0.0291)
  Batch 30/1393 | Loss: 0.0015 (bce=0.0010 aux_ce=0.0013)
  Batch 40/1393 | Loss: 0.1322 (bce=0.0220 aux_ce=0.2755)
  Batch 50/1393 | Loss: 0.0094 (bce=0.0036 aux_ce=0.0144)
  Batch 60/1393 | Loss: 0.0013 (bce=0.0006 aux_ce=0.0017)
  Batch 70/1393 | Loss: 0.0291 (bce=0.0204 aux_ce=0.0219)
  Batch 80/1393 | Loss: 0.0175 (bce=0.0127 aux_ce=0.0119)
  Batch 90/1393 | Loss: 0.0222 (bce=0.0031 aux_ce=0.0477)
  Batch 100/1393 | Loss: 0.0478 (bce=0.0147 aux_ce=0.0827)
  Batch 110/1393 | Loss: 0.0514 (bce=0.0331 aux_ce=0.0457)
  Batch 120/1393 | Loss: 0.0280 (bce=0.0197 aux_ce=0.0208)
  Batch 130/1393 | Loss: 0.0051 (bce=0.0026 aux_ce=0.0062)
  Batch 140/1393 | Loss: 0.0197 (bce=0.0160 aux_ce=0.0094)
  Batch 150/1393 | Loss: 0.0100 (bce=0.0025 aux_ce=0.0188)
  Batch 160/1393 | Loss: 0.0060 (bce=0.0029 aux_ce=0.0077)
  Batch 170/1393 | Loss: 0.0395 (bce=0.0330 aux_ce=0.0162)
  Batch 180/1393 | Loss: 0.0080 (bce=0.0060 aux_ce=0.0050)
  Batch 190/1393 | Loss: 0.4470 (bce=0.2645 aux_ce=0.4561)
  Batch 200/1393 | Loss: 0.0123 (bce=0.0044 aux_ce=0.0196)
  Batch 210/1393 | Loss: 0.0038 (bce=0.0012 aux_ce=0.0064)
  Batch 220/1393 | Loss: 0.0443 (bce=0.0323 aux_ce=0.0300)
  Batch 230/1393 | Loss: 0.0057 (bce=0.0013 aux_ce=0.0111)
  Batch 240/1393 | Loss: 0.0066 (bce=0.0033 aux_ce=0.0083)
  Batch 250/1393 | Loss: 0.0040 (bce=0.0027 aux_ce=0.0031)
  Batch 260/1393 | Loss: 0.0023 (bce=0.0017 aux_ce=0.0014)
  Batch 270/1393 | Loss: 0.0076 (bce=0.0047 aux_ce=0.0071)
  Batch 280/1393 | Loss: 0.0611 (bce=0.0528 aux_ce=0.0207)
  Batch 290/1393 | Loss: 0.0385 (bce=0.0141 aux_ce=0.0611)
  Batch 300/1393 | Loss: 0.0381 (bce=0.0326 aux_ce=0.0139)
  Batch 310/1393 | Loss: 0.0041 (bce=0.0012 aux_ce=0.0071)
  Batch 320/1393 | Loss: 0.0061 (bce=0.0006 aux_ce=0.0138)
  Batch 330/1393 | Loss: 0.0072 (bce=0.0029 aux_ce=0.0108)
  Batch 340/1393 | Loss: 0.0027 (bce=0.0007 aux_ce=0.0049)
  Batch 350/1393 | Loss: 0.0141 (bce=0.0116 aux_ce=0.0064)
  Batch 360/1393 | Loss: 0.0098 (bce=0.0022 aux_ce=0.0190)
  Batch 370/1393 | Loss: 0.0318 (bce=0.0275 aux_ce=0.0109)
  Batch 380/1393 | Loss: 0.0020 (bce=0.0009 aux_ce=0.0028)
  Batch 390/1393 | Loss: 0.0285 (bce=0.0073 aux_ce=0.0530)
  Batch 400/1393 | Loss: 0.0038 (bce=0.0020 aux_ce=0.0046)
  Batch 410/1393 | Loss: 0.0101 (bce=0.0063 aux_ce=0.0095)
  Batch 420/1393 | Loss: 0.0110 (bce=0.0099 aux_ce=0.0028)
  Batch 430/1393 | Loss: 0.0646 (bce=0.0421 aux_ce=0.0563)
  Batch 440/1393 | Loss: 0.0728 (bce=0.0545 aux_ce=0.0456)
  Batch 450/1393 | Loss: 0.0466 (bce=0.0014 aux_ce=0.1130)
  Batch 460/1393 | Loss: 0.0080 (bce=0.0022 aux_ce=0.0144)
  Batch 470/1393 | Loss: 0.0038 (bce=0.0019 aux_ce=0.0047)
  Batch 480/1393 | Loss: 0.0133 (bce=0.0088 aux_ce=0.0113)
  Batch 490/1393 | Loss: 0.0019 (bce=0.0008 aux_ce=0.0029)
  Batch 500/1393 | Loss: 0.0093 (bce=0.0072 aux_ce=0.0051)
  Batch 510/1393 | Loss: 0.0412 (bce=0.0287 aux_ce=0.0313)
  Batch 520/1393 | Loss: 0.4995 (bce=0.3848 aux_ce=0.2867)
  Batch 530/1393 | Loss: 0.0854 (bce=0.0769 aux_ce=0.0213)
  Batch 540/1393 | Loss: 0.0168 (bce=0.0041 aux_ce=0.0317)
  Batch 550/1393 | Loss: 0.0310 (bce=0.0267 aux_ce=0.0109)
  Batch 560/1393 | Loss: 0.0350 (bce=0.0287 aux_ce=0.0157)
  Batch 570/1393 | Loss: 0.0781 (bce=0.0003 aux_ce=0.1943)
  Batch 580/1393 | Loss: 0.0060 (bce=0.0049 aux_ce=0.0028)
  Batch 590/1393 | Loss: 0.0176 (bce=0.0088 aux_ce=0.0220)
  Batch 600/1393 | Loss: 0.0156 (bce=0.0134 aux_ce=0.0055)
  Batch 610/1393 | Loss: 0.0260 (bce=0.0244 aux_ce=0.0041)
  Batch 620/1393 | Loss: 0.0426 (bce=0.0102 aux_ce=0.0809)
  Batch 630/1393 | Loss: 0.1340 (bce=0.0850 aux_ce=0.1225)
  Batch 640/1393 | Loss: 0.0317 (bce=0.0210 aux_ce=0.0268)
  Batch 650/1393 | Loss: 0.0120 (bce=0.0104 aux_ce=0.0041)
  Batch 660/1393 | Loss: 0.3627 (bce=0.2809 aux_ce=0.2046)
  Batch 670/1393 | Loss: 0.0821 (bce=0.0700 aux_ce=0.0302)
  Batch 680/1393 | Loss: 0.2999 (bce=0.2299 aux_ce=0.1750)
  Batch 690/1393 | Loss: 0.0282 (bce=0.0213 aux_ce=0.0173)
  Batch 700/1393 | Loss: 0.2517 (bce=0.2072 aux_ce=0.1112)
  Batch 710/1393 | Loss: 0.0047 (bce=0.0036 aux_ce=0.0027)
  Batch 720/1393 | Loss: 0.5242 (bce=0.4159 aux_ce=0.2708)
  Batch 730/1393 | Loss: 0.0094 (bce=0.0042 aux_ce=0.0131)
  Batch 740/1393 | Loss: 0.0505 (bce=0.0396 aux_ce=0.0272)
  Batch 750/1393 | Loss: 0.0119 (bce=0.0063 aux_ce=0.0141)
  Batch 760/1393 | Loss: 0.0289 (bce=0.0236 aux_ce=0.0133)
  Batch 770/1393 | Loss: 0.0295 (bce=0.0229 aux_ce=0.0166)
  Batch 780/1393 | Loss: 0.0119 (bce=0.0104 aux_ce=0.0038)
  Batch 790/1393 | Loss: 0.0068 (bce=0.0041 aux_ce=0.0068)
  Batch 800/1393 | Loss: 0.0962 (bce=0.0703 aux_ce=0.0646)
  Batch 810/1393 | Loss: 0.0082 (bce=0.0014 aux_ce=0.0169)
  Batch 820/1393 | Loss: 0.0213 (bce=0.0027 aux_ce=0.0467)
  Batch 830/1393 | Loss: 0.0052 (bce=0.0017 aux_ce=0.0088)
  Batch 840/1393 | Loss: 0.0024 (bce=0.0018 aux_ce=0.0016)
  Batch 850/1393 | Loss: 0.0041 (bce=0.0025 aux_ce=0.0040)
  Batch 860/1393 | Loss: 0.0119 (bce=0.0089 aux_ce=0.0076)
  Batch 870/1393 | Loss: 0.0947 (bce=0.0827 aux_ce=0.0301)
  Batch 880/1393 | Loss: 0.0050 (bce=0.0034 aux_ce=0.0040)
  Batch 890/1393 | Loss: 0.0026 (bce=0.0019 aux_ce=0.0019)
  Batch 900/1393 | Loss: 0.1430 (bce=0.0005 aux_ce=0.3563)
  Batch 910/1393 | Loss: 0.0012 (bce=0.0009 aux_ce=0.0006)
  Batch 920/1393 | Loss: 1.0919 (bce=0.8648 aux_ce=0.5677)
  Batch 930/1393 | Loss: 0.0556 (bce=0.0134 aux_ce=0.1055)
  Batch 940/1393 | Loss: 0.0429 (bce=0.0011 aux_ce=0.1046)
  Batch 950/1393 | Loss: 0.0246 (bce=0.0130 aux_ce=0.0291)
  Batch 960/1393 | Loss: 0.0057 (bce=0.0033 aux_ce=0.0062)
  Batch 970/1393 | Loss: 0.0089 (bce=0.0056 aux_ce=0.0082)
  Batch 980/1393 | Loss: 0.0650 (bce=0.0559 aux_ce=0.0226)
  Batch 990/1393 | Loss: 0.0501 (bce=0.0183 aux_ce=0.0795)
  Batch 1000/1393 | Loss: 0.0035 (bce=0.0018 aux_ce=0.0042)
  Batch 1010/1393 | Loss: 0.0047 (bce=0.0035 aux_ce=0.0031)
  Batch 1020/1393 | Loss: 0.0080 (bce=0.0063 aux_ce=0.0043)
  Batch 1030/1393 | Loss: 0.0063 (bce=0.0048 aux_ce=0.0036)
  Batch 1040/1393 | Loss: 0.0047 (bce=0.0042 aux_ce=0.0014)
  Batch 1050/1393 | Loss: 0.0158 (bce=0.0005 aux_ce=0.0382)
  Batch 1060/1393 | Loss: 0.0125 (bce=0.0017 aux_ce=0.0271)
  Batch 1070/1393 | Loss: 0.1461 (bce=0.1276 aux_ce=0.0462)
  Batch 1080/1393 | Loss: 0.0142 (bce=0.0092 aux_ce=0.0125)
  Batch 1090/1393 | Loss: 0.0200 (bce=0.0004 aux_ce=0.0490)
  Batch 1100/1393 | Loss: 0.2824 (bce=0.2417 aux_ce=0.1019)
  Batch 1110/1393 | Loss: 0.2048 (bce=0.1564 aux_ce=0.1211)
  Batch 1120/1393 | Loss: 0.1043 (bce=0.0008 aux_ce=0.2587)
  Batch 1130/1393 | Loss: 0.0338 (bce=0.0016 aux_ce=0.0805)
  Batch 1140/1393 | Loss: 0.0520 (bce=0.0059 aux_ce=0.1151)
  Batch 1150/1393 | Loss: 0.0066 (bce=0.0034 aux_ce=0.0081)
  Batch 1160/1393 | Loss: 0.4955 (bce=0.4167 aux_ce=0.1969)
  Batch 1170/1393 | Loss: 0.0137 (bce=0.0096 aux_ce=0.0103)
  Batch 1180/1393 | Loss: 0.7823 (bce=0.6114 aux_ce=0.4274)
  Batch 1190/1393 | Loss: 0.0426 (bce=0.0379 aux_ce=0.0117)
  Batch 1200/1393 | Loss: 0.1037 (bce=0.0005 aux_ce=0.2580)
  Batch 1210/1393 | Loss: 0.0106 (bce=0.0066 aux_ce=0.0100)
  Batch 1220/1393 | Loss: 0.0393 (bce=0.0005 aux_ce=0.0969)
  Batch 1230/1393 | Loss: 0.0199 (bce=0.0177 aux_ce=0.0055)
  Batch 1240/1393 | Loss: 0.0090 (bce=0.0071 aux_ce=0.0048)
  Batch 1250/1393 | Loss: 0.0368 (bce=0.0302 aux_ce=0.0164)
  Batch 1260/1393 | Loss: 0.0079 (bce=0.0059 aux_ce=0.0052)
  Batch 1270/1393 | Loss: 0.0254 (bce=0.0015 aux_ce=0.0598)
  Batch 1280/1393 | Loss: 0.0072 (bce=0.0036 aux_ce=0.0090)
  Batch 1290/1393 | Loss: 0.1012 (bce=0.0625 aux_ce=0.0967)
  Batch 1300/1393 | Loss: 0.0082 (bce=0.0008 aux_ce=0.0185)
  Batch 1310/1393 | Loss: 0.0086 (bce=0.0034 aux_ce=0.0130)
  Batch 1320/1393 | Loss: 0.0185 (bce=0.0082 aux_ce=0.0258)
  Batch 1330/1393 | Loss: 0.0030 (bce=0.0023 aux_ce=0.0018)
  Batch 1340/1393 | Loss: 0.0699 (bce=0.0539 aux_ce=0.0400)
  Batch 1350/1393 | Loss: 0.0029 (bce=0.0010 aux_ce=0.0047)
  Batch 1360/1393 | Loss: 0.0020 (bce=0.0009 aux_ce=0.0029)
  Batch 1370/1393 | Loss: 0.0093 (bce=0.0007 aux_ce=0.0216)
  Batch 1380/1393 | Loss: 0.0211 (bce=0.0106 aux_ce=0.0264)
  Batch 1390/1393 | Loss: 0.0641 (bce=0.0470 aux_ce=0.0427)
Epoch 17 | Train Loss: 0.0981 | Train Acc: 0.9852 | Val AUC: 0.9967
Saved checkpoint: models\stageA_checkpoint_epoch17.pth
  No improvement for 2/5 epochs
  Batch 10/1393 | Loss: 0.0365 (bce=0.0321 aux_ce=0.0109)
  Batch 20/1393 | Loss: 0.8924 (bce=0.6748 aux_ce=0.5442)
  Batch 30/1393 | Loss: 0.0098 (bce=0.0026 aux_ce=0.0181)
  Batch 40/1393 | Loss: 0.0023 (bce=0.0014 aux_ce=0.0023)
  Batch 50/1393 | Loss: 1.0203 (bce=0.8185 aux_ce=0.5045)
  Batch 60/1393 | Loss: 0.1192 (bce=0.1008 aux_ce=0.0459)
  Batch 70/1393 | Loss: 0.0246 (bce=0.0193 aux_ce=0.0133)
  Batch 80/1393 | Loss: 0.0756 (bce=0.0612 aux_ce=0.0359)
  Batch 90/1393 | Loss: 0.0048 (bce=0.0013 aux_ce=0.0087)
  Batch 100/1393 | Loss: 0.1052 (bce=0.0839 aux_ce=0.0531)
  Batch 110/1393 | Loss: 0.2431 (bce=0.2047 aux_ce=0.0959)
  Batch 120/1393 | Loss: 0.1413 (bce=0.0116 aux_ce=0.3241)
  Batch 130/1393 | Loss: 0.1724 (bce=0.1153 aux_ce=0.1426)
  Batch 140/1393 | Loss: 0.0084 (bce=0.0062 aux_ce=0.0054)
  Batch 150/1393 | Loss: 0.0119 (bce=0.0057 aux_ce=0.0155)
  Batch 160/1393 | Loss: 0.1085 (bce=0.0862 aux_ce=0.0559)
  Batch 170/1393 | Loss: 0.0034 (bce=0.0023 aux_ce=0.0027)
  Batch 180/1393 | Loss: 0.1560 (bce=0.1301 aux_ce=0.0648)
  Batch 190/1393 | Loss: 0.0069 (bce=0.0061 aux_ce=0.0020)
  Batch 200/1393 | Loss: 0.1290 (bce=0.1063 aux_ce=0.0568)
  Batch 210/1393 | Loss: 0.0146 (bce=0.0132 aux_ce=0.0034)
  Batch 220/1393 | Loss: 0.0462 (bce=0.0253 aux_ce=0.0521)
  Batch 230/1393 | Loss: 0.0138 (bce=0.0106 aux_ce=0.0080)
  Batch 240/1393 | Loss: 0.0264 (bce=0.0231 aux_ce=0.0083)
  Batch 250/1393 | Loss: 0.0124 (bce=0.0035 aux_ce=0.0221)
  Batch 260/1393 | Loss: 0.0093 (bce=0.0087 aux_ce=0.0014)
  Batch 270/1393 | Loss: 0.0081 (bce=0.0066 aux_ce=0.0039)
  Batch 280/1393 | Loss: 0.0047 (bce=0.0033 aux_ce=0.0037)
  Batch 290/1393 | Loss: 0.0265 (bce=0.0176 aux_ce=0.0222)
  Batch 300/1393 | Loss: 0.0715 (bce=0.0095 aux_ce=0.1551)
  Batch 310/1393 | Loss: 0.0050 (bce=0.0036 aux_ce=0.0034)
  Batch 320/1393 | Loss: 0.0798 (bce=0.0037 aux_ce=0.1902)
  Batch 330/1393 | Loss: 0.0079 (bce=0.0043 aux_ce=0.0091)
  Batch 340/1393 | Loss: 0.0050 (bce=0.0038 aux_ce=0.0028)
  Batch 350/1393 | Loss: 0.0215 (bce=0.0044 aux_ce=0.0427)
  Batch 360/1393 | Loss: 0.1480 (bce=0.0004 aux_ce=0.3689)
  Batch 370/1393 | Loss: 0.0222 (bce=0.0155 aux_ce=0.0168)
  Batch 380/1393 | Loss: 0.0218 (bce=0.0039 aux_ce=0.0449)
  Batch 390/1393 | Loss: 0.0098 (bce=0.0072 aux_ce=0.0065)
  Batch 400/1393 | Loss: 0.0073 (bce=0.0031 aux_ce=0.0105)
  Batch 410/1393 | Loss: 0.0027 (bce=0.0015 aux_ce=0.0031)
  Batch 420/1393 | Loss: 0.0708 (bce=0.0631 aux_ce=0.0191)
  Batch 430/1393 | Loss: 0.0312 (bce=0.0252 aux_ce=0.0151)
  Batch 440/1393 | Loss: 0.0505 (bce=0.0391 aux_ce=0.0284)
  Batch 450/1393 | Loss: 0.0104 (bce=0.0027 aux_ce=0.0192)
  Batch 460/1393 | Loss: 0.0368 (bce=0.0253 aux_ce=0.0287)
  Batch 470/1393 | Loss: 0.0706 (bce=0.0497 aux_ce=0.0521)
  Batch 480/1393 | Loss: 0.0664 (bce=0.0021 aux_ce=0.1607)
  Batch 490/1393 | Loss: 0.0276 (bce=0.0196 aux_ce=0.0202)
  Batch 500/1393 | Loss: 0.0085 (bce=0.0041 aux_ce=0.0111)
  Batch 510/1393 | Loss: 0.0130 (bce=0.0071 aux_ce=0.0148)
  Batch 520/1393 | Loss: 0.0072 (bce=0.0023 aux_ce=0.0121)
  Batch 530/1393 | Loss: 0.0031 (bce=0.0008 aux_ce=0.0056)
  Batch 540/1393 | Loss: 0.0037 (bce=0.0031 aux_ce=0.0015)
  Batch 550/1393 | Loss: 0.0019 (bce=0.0006 aux_ce=0.0032)
  Batch 560/1393 | Loss: 0.0049 (bce=0.0030 aux_ce=0.0047)
  Batch 570/1393 | Loss: 0.0146 (bce=0.0044 aux_ce=0.0255)
  Batch 580/1393 | Loss: 0.0313 (bce=0.0011 aux_ce=0.0755)
  Batch 590/1393 | Loss: 0.0067 (bce=0.0037 aux_ce=0.0075)
  Batch 600/1393 | Loss: 2.8490 (bce=2.4858 aux_ce=0.9080)
  Batch 610/1393 | Loss: 0.0101 (bce=0.0014 aux_ce=0.0217)
  Batch 620/1393 | Loss: 0.0398 (bce=0.0275 aux_ce=0.0309)
  Batch 630/1393 | Loss: 0.0103 (bce=0.0079 aux_ce=0.0060)
  Batch 640/1393 | Loss: 0.0187 (bce=0.0013 aux_ce=0.0436)
  Batch 650/1393 | Loss: 0.0009 (bce=0.0005 aux_ce=0.0011)
  Batch 660/1393 | Loss: 0.0092 (bce=0.0024 aux_ce=0.0168)
  Batch 670/1393 | Loss: 0.0024 (bce=0.0019 aux_ce=0.0012)
  Batch 680/1393 | Loss: 0.0009 (bce=0.0007 aux_ce=0.0006)
  Batch 690/1393 | Loss: 0.0093 (bce=0.0023 aux_ce=0.0174)
  Batch 700/1393 | Loss: 0.0677 (bce=0.0024 aux_ce=0.1632)
  Batch 710/1393 | Loss: 0.0037 (bce=0.0024 aux_ce=0.0033)
  Batch 720/1393 | Loss: 0.1552 (bce=0.0809 aux_ce=0.1859)
  Batch 730/1393 | Loss: 0.0039 (bce=0.0030 aux_ce=0.0024)
  Batch 740/1393 | Loss: 0.0281 (bce=0.0226 aux_ce=0.0139)
  Batch 750/1393 | Loss: 0.0033 (bce=0.0024 aux_ce=0.0024)
  Batch 760/1393 | Loss: 0.0692 (bce=0.0565 aux_ce=0.0316)
  Batch 770/1393 | Loss: 0.0641 (bce=0.0026 aux_ce=0.1538)
  Batch 780/1393 | Loss: 0.0371 (bce=0.0247 aux_ce=0.0310)
  Batch 790/1393 | Loss: 0.0368 (bce=0.0174 aux_ce=0.0485)
  Batch 800/1393 | Loss: 0.0529 (bce=0.0350 aux_ce=0.0449)
  Batch 810/1393 | Loss: 0.0440 (bce=0.0135 aux_ce=0.0762)
  Batch 820/1393 | Loss: 0.0630 (bce=0.0447 aux_ce=0.0457)
  Batch 830/1393 | Loss: 0.0124 (bce=0.0107 aux_ce=0.0044)
  Batch 840/1393 | Loss: 0.0053 (bce=0.0036 aux_ce=0.0044)
  Batch 850/1393 | Loss: 0.0063 (bce=0.0052 aux_ce=0.0028)
  Batch 860/1393 | Loss: 0.2617 (bce=0.0957 aux_ce=0.4149)
  Batch 870/1393 | Loss: 0.0826 (bce=0.0763 aux_ce=0.0157)
  Batch 880/1393 | Loss: 0.0573 (bce=0.0537 aux_ce=0.0089)
  Batch 890/1393 | Loss: 0.0174 (bce=0.0148 aux_ce=0.0064)
  Batch 900/1393 | Loss: 0.0078 (bce=0.0063 aux_ce=0.0036)
  Batch 910/1393 | Loss: 0.0034 (bce=0.0026 aux_ce=0.0018)
  Batch 920/1393 | Loss: 0.0072 (bce=0.0062 aux_ce=0.0025)
  Batch 930/1393 | Loss: 0.0141 (bce=0.0119 aux_ce=0.0055)
  Batch 940/1393 | Loss: 0.1668 (bce=0.1263 aux_ce=0.1011)
  Batch 950/1393 | Loss: 0.0446 (bce=0.0307 aux_ce=0.0347)
  Batch 960/1393 | Loss: 0.0213 (bce=0.0198 aux_ce=0.0035)
  Batch 970/1393 | Loss: 0.0069 (bce=0.0042 aux_ce=0.0067)
  Batch 980/1393 | Loss: 0.0183 (bce=0.0150 aux_ce=0.0082)
  Batch 990/1393 | Loss: 0.0030 (bce=0.0026 aux_ce=0.0010)
  Batch 1000/1393 | Loss: 0.0061 (bce=0.0026 aux_ce=0.0087)
  Batch 1010/1393 | Loss: 0.0156 (bce=0.0012 aux_ce=0.0359)
  Batch 1020/1393 | Loss: 0.0227 (bce=0.0077 aux_ce=0.0376)
  Batch 1030/1393 | Loss: 0.0762 (bce=0.0206 aux_ce=0.1389)
  Batch 1040/1393 | Loss: 0.0370 (bce=0.0312 aux_ce=0.0144)
  Batch 1050/1393 | Loss: 0.0054 (bce=0.0047 aux_ce=0.0017)
  Batch 1060/1393 | Loss: 0.0984 (bce=0.0765 aux_ce=0.0549)
  Batch 1070/1393 | Loss: 0.7766 (bce=0.6511 aux_ce=0.3138)
  Batch 1080/1393 | Loss: 0.0457 (bce=0.0037 aux_ce=0.1050)
  Batch 1090/1393 | Loss: 0.1041 (bce=0.0593 aux_ce=0.1120)
  Batch 1100/1393 | Loss: 0.0523 (bce=0.0184 aux_ce=0.0846)
  Batch 1110/1393 | Loss: 0.0201 (bce=0.0067 aux_ce=0.0336)
  Batch 1120/1393 | Loss: 0.0083 (bce=0.0066 aux_ce=0.0043)
  Batch 1130/1393 | Loss: 0.0047 (bce=0.0040 aux_ce=0.0019)
  Batch 1140/1393 | Loss: 0.3050 (bce=0.2226 aux_ce=0.2060)
  Batch 1150/1393 | Loss: 0.0385 (bce=0.0272 aux_ce=0.0284)
  Batch 1160/1393 | Loss: 0.0121 (bce=0.0089 aux_ce=0.0080)
  Batch 1170/1393 | Loss: 0.0274 (bce=0.0007 aux_ce=0.0667)
  Batch 1180/1393 | Loss: 0.0101 (bce=0.0092 aux_ce=0.0022)
  Batch 1190/1393 | Loss: 0.2128 (bce=0.0198 aux_ce=0.4824)
  Batch 1200/1393 | Loss: 0.8176 (bce=0.6812 aux_ce=0.3410)
  Batch 1210/1393 | Loss: 0.0584 (bce=0.0526 aux_ce=0.0146)
  Batch 1220/1393 | Loss: 0.0361 (bce=0.0283 aux_ce=0.0194)
  Batch 1230/1393 | Loss: 0.0743 (bce=0.0638 aux_ce=0.0263)
  Batch 1240/1393 | Loss: 0.1579 (bce=0.0095 aux_ce=0.3711)
  Batch 1250/1393 | Loss: 0.0058 (bce=0.0046 aux_ce=0.0030)
  Batch 1260/1393 | Loss: 0.1700 (bce=0.1360 aux_ce=0.0851)
  Batch 1270/1393 | Loss: 0.0847 (bce=0.0602 aux_ce=0.0612)
  Batch 1280/1393 | Loss: 1.3883 (bce=1.0532 aux_ce=0.8378)
  Batch 1290/1393 | Loss: 0.0230 (bce=0.0077 aux_ce=0.0383)
  Batch 1300/1393 | Loss: 0.0984 (bce=0.0893 aux_ce=0.0227)
  Batch 1310/1393 | Loss: 0.0061 (bce=0.0043 aux_ce=0.0045)
  Batch 1320/1393 | Loss: 0.0122 (bce=0.0101 aux_ce=0.0052)
  Batch 1330/1393 | Loss: 0.0198 (bce=0.0150 aux_ce=0.0119)
  Batch 1340/1393 | Loss: 0.0100 (bce=0.0077 aux_ce=0.0058)
  Batch 1350/1393 | Loss: 0.0675 (bce=0.0592 aux_ce=0.0207)
  Batch 1360/1393 | Loss: 0.0345 (bce=0.0072 aux_ce=0.0684)
  Batch 1370/1393 | Loss: 0.0508 (bce=0.0367 aux_ce=0.0353)
  Batch 1380/1393 | Loss: 0.0881 (bce=0.0212 aux_ce=0.1673)
  Batch 1390/1393 | Loss: 0.0023 (bce=0.0018 aux_ce=0.0013)
Epoch 18 | Train Loss: 0.1004 | Train Acc: 0.9870 | Val AUC: 0.9946
Saved checkpoint: models\stageA_checkpoint_epoch18.pth
  No improvement for 3/5 epochs
  Batch 10/1393 | Loss: 0.0270 (bce=0.0198 aux_ce=0.0179)
  Batch 20/1393 | Loss: 0.0337 (bce=0.0214 aux_ce=0.0307)
  Batch 30/1393 | Loss: 0.0072 (bce=0.0059 aux_ce=0.0032)
  Batch 40/1393 | Loss: 0.0060 (bce=0.0048 aux_ce=0.0031)
  Batch 50/1393 | Loss: 0.0057 (bce=0.0024 aux_ce=0.0084)
  Batch 60/1393 | Loss: 0.0251 (bce=0.0198 aux_ce=0.0133)
  Batch 70/1393 | Loss: 0.0789 (bce=0.0732 aux_ce=0.0141)
  Batch 80/1393 | Loss: 0.0442 (bce=0.0044 aux_ce=0.0995)
  Batch 90/1393 | Loss: 0.0018 (bce=0.0014 aux_ce=0.0012)
  Batch 100/1393 | Loss: 0.0034 (bce=0.0024 aux_ce=0.0025)
  Batch 110/1393 | Loss: 0.0088 (bce=0.0055 aux_ce=0.0082)
  Batch 120/1393 | Loss: 0.0128 (bce=0.0083 aux_ce=0.0112)
  Batch 130/1393 | Loss: 0.0055 (bce=0.0038 aux_ce=0.0041)
  Batch 140/1393 | Loss: 1.0468 (bce=0.8450 aux_ce=0.5044)
  Batch 150/1393 | Loss: 0.0049 (bce=0.0040 aux_ce=0.0022)
  Batch 160/1393 | Loss: 0.0231 (bce=0.0187 aux_ce=0.0112)
  Batch 170/1393 | Loss: 0.3144 (bce=0.2494 aux_ce=0.1625)
  Batch 180/1393 | Loss: 0.0048 (bce=0.0019 aux_ce=0.0074)
  Batch 190/1393 | Loss: 0.0175 (bce=0.0078 aux_ce=0.0242)
  Batch 200/1393 | Loss: 0.0446 (bce=0.0379 aux_ce=0.0166)
  Batch 210/1393 | Loss: 0.5621 (bce=0.4500 aux_ce=0.2801)
  Batch 220/1393 | Loss: 0.0238 (bce=0.0021 aux_ce=0.0543)
  Batch 230/1393 | Loss: 0.0186 (bce=0.0157 aux_ce=0.0070)
  Batch 240/1393 | Loss: 0.0430 (bce=0.0299 aux_ce=0.0327)
  Batch 250/1393 | Loss: 0.0250 (bce=0.0208 aux_ce=0.0105)
  Batch 260/1393 | Loss: 0.0320 (bce=0.0151 aux_ce=0.0422)
  Batch 270/1393 | Loss: 0.0249 (bce=0.0217 aux_ce=0.0082)
  Batch 280/1393 | Loss: 0.0034 (bce=0.0025 aux_ce=0.0023)
  Batch 290/1393 | Loss: 0.0110 (bce=0.0050 aux_ce=0.0150)
  Batch 300/1393 | Loss: 0.0277 (bce=0.0210 aux_ce=0.0169)
  Batch 310/1393 | Loss: 0.0593 (bce=0.0064 aux_ce=0.1323)
  Batch 320/1393 | Loss: 0.0079 (bce=0.0072 aux_ce=0.0018)
  Batch 330/1393 | Loss: 0.0232 (bce=0.0098 aux_ce=0.0335)
  Batch 340/1393 | Loss: 0.0225 (bce=0.0203 aux_ce=0.0055)
  Batch 350/1393 | Loss: 0.0051 (bce=0.0039 aux_ce=0.0031)
  Batch 360/1393 | Loss: 0.0042 (bce=0.0031 aux_ce=0.0027)
  Batch 370/1393 | Loss: 0.2398 (bce=0.1888 aux_ce=0.1275)
  Batch 380/1393 | Loss: 0.0545 (bce=0.0085 aux_ce=0.1150)
  Batch 390/1393 | Loss: 0.5295 (bce=0.3961 aux_ce=0.3335)
  Batch 400/1393 | Loss: 0.0114 (bce=0.0047 aux_ce=0.0170)
  Batch 410/1393 | Loss: 0.0041 (bce=0.0031 aux_ce=0.0025)
  Batch 420/1393 | Loss: 0.0187 (bce=0.0023 aux_ce=0.0411)
  Batch 430/1393 | Loss: 0.1077 (bce=0.0054 aux_ce=0.2558)
  Batch 440/1393 | Loss: 0.5958 (bce=0.4937 aux_ce=0.2553)
  Batch 450/1393 | Loss: 0.0936 (bce=0.0777 aux_ce=0.0399)
  Batch 460/1393 | Loss: 1.1037 (bce=0.8759 aux_ce=0.5696)
  Batch 470/1393 | Loss: 0.0052 (bce=0.0040 aux_ce=0.0030)
  Batch 480/1393 | Loss: 0.0975 (bce=0.0805 aux_ce=0.0425)
  Batch 490/1393 | Loss: 0.0147 (bce=0.0081 aux_ce=0.0166)
  Batch 500/1393 | Loss: 0.0015 (bce=0.0012 aux_ce=0.0009)
  Batch 510/1393 | Loss: 0.0039 (bce=0.0032 aux_ce=0.0017)
  Batch 520/1393 | Loss: 0.0031 (bce=0.0025 aux_ce=0.0014)
  Batch 530/1393 | Loss: 0.0052 (bce=0.0008 aux_ce=0.0110)
  Batch 540/1393 | Loss: 0.0133 (bce=0.0008 aux_ce=0.0314)
  Batch 550/1393 | Loss: 0.0197 (bce=0.0034 aux_ce=0.0409)
  Batch 560/1393 | Loss: 0.0059 (bce=0.0009 aux_ce=0.0124)
  Batch 570/1393 | Loss: 0.1232 (bce=0.0080 aux_ce=0.2880)
  Batch 580/1393 | Loss: 0.2130 (bce=0.1754 aux_ce=0.0940)
  Batch 590/1393 | Loss: 0.0028 (bce=0.0008 aux_ce=0.0049)
  Batch 600/1393 | Loss: 0.0427 (bce=0.0067 aux_ce=0.0899)
  Batch 610/1393 | Loss: 0.0096 (bce=0.0004 aux_ce=0.0228)
  Batch 620/1393 | Loss: 0.0272 (bce=0.0010 aux_ce=0.0654)
  Batch 630/1393 | Loss: 0.1028 (bce=0.0003 aux_ce=0.2561)
  Batch 640/1393 | Loss: 0.0006 (bce=0.0003 aux_ce=0.0007)
  Batch 650/1393 | Loss: 0.0172 (bce=0.0017 aux_ce=0.0388)
  Batch 660/1393 | Loss: 0.0152 (bce=0.0006 aux_ce=0.0366)
  Batch 670/1393 | Loss: 0.0722 (bce=0.0018 aux_ce=0.1761)
  Batch 680/1393 | Loss: 0.3331 (bce=0.2846 aux_ce=0.1213)
  Batch 690/1393 | Loss: 0.0310 (bce=0.0236 aux_ce=0.0184)
  Batch 700/1393 | Loss: 0.3038 (bce=0.2443 aux_ce=0.1489)
  Batch 710/1393 | Loss: 0.0943 (bce=0.0848 aux_ce=0.0238)
  Batch 720/1393 | Loss: 0.0120 (bce=0.0082 aux_ce=0.0093)
  Batch 730/1393 | Loss: 0.0100 (bce=0.0060 aux_ce=0.0101)
  Batch 740/1393 | Loss: 0.0124 (bce=0.0048 aux_ce=0.0189)
  Batch 750/1393 | Loss: 0.0024 (bce=0.0019 aux_ce=0.0012)
  Batch 760/1393 | Loss: 0.0145 (bce=0.0106 aux_ce=0.0098)
  Batch 770/1393 | Loss: 0.0094 (bce=0.0070 aux_ce=0.0060)
  Batch 780/1393 | Loss: 0.0496 (bce=0.0412 aux_ce=0.0209)
  Batch 790/1393 | Loss: 0.0110 (bce=0.0088 aux_ce=0.0055)
  Batch 800/1393 | Loss: 0.0138 (bce=0.0089 aux_ce=0.0123)
  Batch 810/1393 | Loss: 0.0078 (bce=0.0057 aux_ce=0.0052)
  Batch 820/1393 | Loss: 0.2659 (bce=0.2152 aux_ce=0.1267)
  Batch 830/1393 | Loss: 0.0795 (bce=0.0024 aux_ce=0.1928)
  Batch 840/1393 | Loss: 0.1028 (bce=0.0910 aux_ce=0.0296)
  Batch 850/1393 | Loss: 0.0038 (bce=0.0031 aux_ce=0.0019)
  Batch 860/1393 | Loss: 0.0034 (bce=0.0011 aux_ce=0.0056)
  Batch 870/1393 | Loss: 1.7469 (bce=1.4782 aux_ce=0.6718)
  Batch 880/1393 | Loss: 0.0063 (bce=0.0005 aux_ce=0.0144)
  Batch 890/1393 | Loss: 0.0261 (bce=0.0003 aux_ce=0.0644)
  Batch 900/1393 | Loss: 0.1122 (bce=0.0843 aux_ce=0.0697)
  Batch 910/1393 | Loss: 0.0119 (bce=0.0068 aux_ce=0.0128)
  Batch 920/1393 | Loss: 0.0172 (bce=0.0155 aux_ce=0.0043)
  Batch 930/1393 | Loss: 0.0044 (bce=0.0028 aux_ce=0.0041)
  Batch 940/1393 | Loss: 0.0038 (bce=0.0029 aux_ce=0.0023)
  Batch 950/1393 | Loss: 0.0289 (bce=0.0194 aux_ce=0.0236)
  Batch 960/1393 | Loss: 0.0008 (bce=0.0005 aux_ce=0.0008)
  Batch 970/1393 | Loss: 0.0029 (bce=0.0018 aux_ce=0.0029)
  Batch 980/1393 | Loss: 0.0049 (bce=0.0044 aux_ce=0.0013)
  Batch 990/1393 | Loss: 0.0023 (bce=0.0020 aux_ce=0.0008)
  Batch 1000/1393 | Loss: 0.0032 (bce=0.0023 aux_ce=0.0021)
  Batch 1010/1393 | Loss: 0.0059 (bce=0.0051 aux_ce=0.0020)
  Batch 1020/1393 | Loss: 0.0323 (bce=0.0243 aux_ce=0.0199)
  Batch 1030/1393 | Loss: 0.0097 (bce=0.0033 aux_ce=0.0162)
  Batch 1040/1393 | Loss: 0.0015 (bce=0.0003 aux_ce=0.0028)
  Batch 1050/1393 | Loss: 0.0019 (bce=0.0008 aux_ce=0.0026)
  Batch 1060/1393 | Loss: 0.0159 (bce=0.0144 aux_ce=0.0037)
  Batch 1070/1393 | Loss: 0.0114 (bce=0.0098 aux_ce=0.0039)
  Batch 1080/1393 | Loss: 0.1471 (bce=0.1109 aux_ce=0.0905)
  Batch 1090/1393 | Loss: 0.0031 (bce=0.0017 aux_ce=0.0036)
  Batch 1100/1393 | Loss: 0.0029 (bce=0.0006 aux_ce=0.0059)
  Batch 1110/1393 | Loss: 0.0030 (bce=0.0015 aux_ce=0.0036)
  Batch 1120/1393 | Loss: 0.0010 (bce=0.0001 aux_ce=0.0021)
  Batch 1130/1393 | Loss: 0.0302 (bce=0.0045 aux_ce=0.0644)
  Batch 1140/1393 | Loss: 0.3961 (bce=0.3164 aux_ce=0.1992)
  Batch 1150/1393 | Loss: 0.0255 (bce=0.0214 aux_ce=0.0102)
  Batch 1160/1393 | Loss: 0.0702 (bce=0.0489 aux_ce=0.0532)
  Batch 1170/1393 | Loss: 0.0114 (bce=0.0093 aux_ce=0.0052)
  Batch 1180/1393 | Loss: 0.0910 (bce=0.0036 aux_ce=0.2187)
  Batch 1190/1393 | Loss: 0.0057 (bce=0.0029 aux_ce=0.0072)
  Batch 1200/1393 | Loss: 0.0053 (bce=0.0019 aux_ce=0.0086)
  Batch 1210/1393 | Loss: 0.0337 (bce=0.0033 aux_ce=0.0759)
  Batch 1220/1393 | Loss: 0.0039 (bce=0.0013 aux_ce=0.0066)
  Batch 1230/1393 | Loss: 0.0044 (bce=0.0009 aux_ce=0.0085)
  Batch 1240/1393 | Loss: 0.0074 (bce=0.0043 aux_ce=0.0079)
  Batch 1250/1393 | Loss: 0.4369 (bce=0.3513 aux_ce=0.2139)
  Batch 1260/1393 | Loss: 0.0045 (bce=0.0007 aux_ce=0.0094)
  Batch 1270/1393 | Loss: 0.0092 (bce=0.0065 aux_ce=0.0068)
  Batch 1280/1393 | Loss: 0.0025 (bce=0.0019 aux_ce=0.0014)
  Batch 1290/1393 | Loss: 0.0084 (bce=0.0053 aux_ce=0.0077)
  Batch 1300/1393 | Loss: 0.0482 (bce=0.0034 aux_ce=0.1120)
  Batch 1310/1393 | Loss: 0.1162 (bce=0.1051 aux_ce=0.0278)
  Batch 1320/1393 | Loss: 0.0676 (bce=0.0059 aux_ce=0.1542)
  Batch 1330/1393 | Loss: 0.0749 (bce=0.0653 aux_ce=0.0240)
  Batch 1340/1393 | Loss: 0.4772 (bce=0.3761 aux_ce=0.2526)
  Batch 1350/1393 | Loss: 0.0059 (bce=0.0032 aux_ce=0.0070)
  Batch 1360/1393 | Loss: 0.1084 (bce=0.0250 aux_ce=0.2085)
  Batch 1370/1393 | Loss: 0.0276 (bce=0.0002 aux_ce=0.0685)
  Batch 1380/1393 | Loss: 0.0009 (bce=0.0001 aux_ce=0.0020)
  Batch 1390/1393 | Loss: 0.0493 (bce=0.0001 aux_ce=0.1229)
Epoch 19 | Train Loss: 0.0862 | Train Acc: 0.9860 | Val AUC: 0.9967
Saved checkpoint: models\stageA_checkpoint_epoch19.pth
  No improvement for 4/5 epochs
  Batch 10/1393 | Loss: 0.0069 (bce=0.0041 aux_ce=0.0072)
  Batch 20/1393 | Loss: 0.0313 (bce=0.0280 aux_ce=0.0083)
  Batch 30/1393 | Loss: 0.0143 (bce=0.0004 aux_ce=0.0349)
  Batch 40/1393 | Loss: 0.0005 (bce=0.0002 aux_ce=0.0007)
  Batch 50/1393 | Loss: 0.0011 (bce=0.0004 aux_ce=0.0017)
  Batch 60/1393 | Loss: 0.0082 (bce=0.0073 aux_ce=0.0023)
  Batch 70/1393 | Loss: 0.0551 (bce=0.0002 aux_ce=0.1374)
  Batch 80/1393 | Loss: 0.0180 (bce=0.0059 aux_ce=0.0303)
  Batch 90/1393 | Loss: 0.0066 (bce=0.0029 aux_ce=0.0092)
  Batch 100/1393 | Loss: 0.0051 (bce=0.0034 aux_ce=0.0041)
  Batch 110/1393 | Loss: 0.0051 (bce=0.0032 aux_ce=0.0046)
  Batch 120/1393 | Loss: 0.0071 (bce=0.0064 aux_ce=0.0017)
  Batch 130/1393 | Loss: 0.6401 (bce=0.5107 aux_ce=0.3234)
  Batch 140/1393 | Loss: 0.1047 (bce=0.0444 aux_ce=0.1507)
  Batch 150/1393 | Loss: 0.0237 (bce=0.0147 aux_ce=0.0225)
  Batch 160/1393 | Loss: 0.0800 (bce=0.0355 aux_ce=0.1111)
  Batch 170/1393 | Loss: 0.0065 (bce=0.0053 aux_ce=0.0029)
  Batch 180/1393 | Loss: 0.0161 (bce=0.0033 aux_ce=0.0320)
  Batch 190/1393 | Loss: 0.0129 (bce=0.0094 aux_ce=0.0087)
  Batch 200/1393 | Loss: 0.0238 (bce=0.0122 aux_ce=0.0290)
  Batch 210/1393 | Loss: 0.0007 (bce=0.0002 aux_ce=0.0013)
  Batch 220/1393 | Loss: 0.0078 (bce=0.0003 aux_ce=0.0189)
  Batch 230/1393 | Loss: 0.0053 (bce=0.0037 aux_ce=0.0041)
  Batch 240/1393 | Loss: 0.0019 (bce=0.0015 aux_ce=0.0010)
  Batch 250/1393 | Loss: 0.3173 (bce=0.2595 aux_ce=0.1446)
  Batch 260/1393 | Loss: 0.0031 (bce=0.0003 aux_ce=0.0069)
  Batch 270/1393 | Loss: 0.1147 (bce=0.0011 aux_ce=0.2840)
  Batch 280/1393 | Loss: 0.3504 (bce=0.2701 aux_ce=0.2006)
  Batch 290/1393 | Loss: 0.0091 (bce=0.0064 aux_ce=0.0068)
  Batch 300/1393 | Loss: 0.0244 (bce=0.0102 aux_ce=0.0355)
  Batch 310/1393 | Loss: 0.1991 (bce=0.0412 aux_ce=0.3947)
  Batch 320/1393 | Loss: 0.1730 (bce=0.0008 aux_ce=0.4304)
  Batch 330/1393 | Loss: 0.1057 (bce=0.0926 aux_ce=0.0326)
  Batch 340/1393 | Loss: 0.0016 (bce=0.0012 aux_ce=0.0010)
  Batch 350/1393 | Loss: 0.0028 (bce=0.0016 aux_ce=0.0031)
  Batch 360/1393 | Loss: 0.0322 (bce=0.0250 aux_ce=0.0178)
  Batch 370/1393 | Loss: 0.0026 (bce=0.0017 aux_ce=0.0022)
  Batch 380/1393 | Loss: 0.0185 (bce=0.0122 aux_ce=0.0158)
  Batch 390/1393 | Loss: 0.0049 (bce=0.0039 aux_ce=0.0024)
  Batch 400/1393 | Loss: 0.0056 (bce=0.0040 aux_ce=0.0040)
  Batch 410/1393 | Loss: 0.0043 (bce=0.0020 aux_ce=0.0056)
  Batch 420/1393 | Loss: 0.0075 (bce=0.0011 aux_ce=0.0162)
  Batch 430/1393 | Loss: 0.0115 (bce=0.0059 aux_ce=0.0140)
  Batch 440/1393 | Loss: 0.0234 (bce=0.0209 aux_ce=0.0064)
  Batch 450/1393 | Loss: 0.0156 (bce=0.0150 aux_ce=0.0016)
  Batch 460/1393 | Loss: 0.0028 (bce=0.0015 aux_ce=0.0033)
  Batch 470/1393 | Loss: 0.0340 (bce=0.0257 aux_ce=0.0208)
  Batch 480/1393 | Loss: 0.0711 (bce=0.0582 aux_ce=0.0323)
  Batch 490/1393 | Loss: 0.0495 (bce=0.0378 aux_ce=0.0293)
  Batch 500/1393 | Loss: 0.1212 (bce=0.0428 aux_ce=0.1960)
  Batch 510/1393 | Loss: 0.0063 (bce=0.0017 aux_ce=0.0116)
  Batch 520/1393 | Loss: 0.2484 (bce=0.2102 aux_ce=0.0956)
  Batch 530/1393 | Loss: 0.0071 (bce=0.0004 aux_ce=0.0170)
  Batch 540/1393 | Loss: 0.0004 (bce=0.0002 aux_ce=0.0006)
  Batch 550/1393 | Loss: 0.1120 (bce=0.0960 aux_ce=0.0400)
  Batch 560/1393 | Loss: 2.6928 (bce=2.3434 aux_ce=0.8736)
  Batch 570/1393 | Loss: 0.0348 (bce=0.0326 aux_ce=0.0055)
  Batch 580/1393 | Loss: 0.0395 (bce=0.0374 aux_ce=0.0053)
  Batch 590/1393 | Loss: 0.0638 (bce=0.0413 aux_ce=0.0562)
  Batch 600/1393 | Loss: 0.0475 (bce=0.0302 aux_ce=0.0432)
  Batch 610/1393 | Loss: 0.0572 (bce=0.0366 aux_ce=0.0514)
  Batch 620/1393 | Loss: 0.0158 (bce=0.0147 aux_ce=0.0026)
  Batch 630/1393 | Loss: 0.0536 (bce=0.0459 aux_ce=0.0193)
  Batch 640/1393 | Loss: 0.1052 (bce=0.0789 aux_ce=0.0659)
  Batch 650/1393 | Loss: 0.0154 (bce=0.0098 aux_ce=0.0140)
  Batch 660/1393 | Loss: 0.0064 (bce=0.0041 aux_ce=0.0057)
  Batch 670/1393 | Loss: 0.0088 (bce=0.0074 aux_ce=0.0034)
  Batch 680/1393 | Loss: 0.0048 (bce=0.0036 aux_ce=0.0030)
  Batch 690/1393 | Loss: 0.0535 (bce=0.0438 aux_ce=0.0241)
  Batch 700/1393 | Loss: 0.0015 (bce=0.0009 aux_ce=0.0014)
  Batch 710/1393 | Loss: 0.0015 (bce=0.0012 aux_ce=0.0008)
  Batch 720/1393 | Loss: 0.0272 (bce=0.0012 aux_ce=0.0651)
  Batch 730/1393 | Loss: 0.0689 (bce=0.0024 aux_ce=0.1662)
  Batch 740/1393 | Loss: 0.0083 (bce=0.0058 aux_ce=0.0062)
  Batch 750/1393 | Loss: 0.0103 (bce=0.0082 aux_ce=0.0052)
  Batch 760/1393 | Loss: 0.0055 (bce=0.0043 aux_ce=0.0031)
  Batch 770/1393 | Loss: 0.0157 (bce=0.0031 aux_ce=0.0316)
  Batch 780/1393 | Loss: 0.0032 (bce=0.0016 aux_ce=0.0041)
  Batch 790/1393 | Loss: 0.2168 (bce=0.1619 aux_ce=0.1373)
  Batch 800/1393 | Loss: 0.0063 (bce=0.0055 aux_ce=0.0021)
  Batch 810/1393 | Loss: 0.0518 (bce=0.0489 aux_ce=0.0073)
  Batch 820/1393 | Loss: 0.0286 (bce=0.0211 aux_ce=0.0185)
  Batch 830/1393 | Loss: 0.0310 (bce=0.0157 aux_ce=0.0383)
  Batch 840/1393 | Loss: 0.3594 (bce=0.2907 aux_ce=0.1717)
  Batch 850/1393 | Loss: 0.0203 (bce=0.0152 aux_ce=0.0128)
  Batch 860/1393 | Loss: 0.2903 (bce=0.2347 aux_ce=0.1392)
  Batch 870/1393 | Loss: 0.2009 (bce=0.1600 aux_ce=0.1021)
  Batch 880/1393 | Loss: 0.7864 (bce=0.6483 aux_ce=0.3452)
  Batch 890/1393 | Loss: 0.0331 (bce=0.0306 aux_ce=0.0063)
  Batch 900/1393 | Loss: 0.0175 (bce=0.0144 aux_ce=0.0076)
  Batch 910/1393 | Loss: 0.0440 (bce=0.0353 aux_ce=0.0218)
  Batch 920/1393 | Loss: 0.0039 (bce=0.0012 aux_ce=0.0068)
  Batch 930/1393 | Loss: 0.0927 (bce=0.0829 aux_ce=0.0247)
  Batch 940/1393 | Loss: 0.0471 (bce=0.0194 aux_ce=0.0693)
  Batch 950/1393 | Loss: 0.0724 (bce=0.0582 aux_ce=0.0356)
  Batch 960/1393 | Loss: 0.0886 (bce=0.0151 aux_ce=0.1837)
  Batch 970/1393 | Loss: 0.0090 (bce=0.0024 aux_ce=0.0164)
  Batch 980/1393 | Loss: 0.0696 (bce=0.0538 aux_ce=0.0396)
  Batch 990/1393 | Loss: 0.0855 (bce=0.0739 aux_ce=0.0290)
  Batch 1000/1393 | Loss: 0.0199 (bce=0.0172 aux_ce=0.0068)
  Batch 1010/1393 | Loss: 0.0778 (bce=0.0038 aux_ce=0.1849)
  Batch 1020/1393 | Loss: 0.0932 (bce=0.0018 aux_ce=0.2285)
  Batch 1030/1393 | Loss: 0.0285 (bce=0.0185 aux_ce=0.0250)
  Batch 1040/1393 | Loss: 0.0043 (bce=0.0023 aux_ce=0.0050)
  Batch 1050/1393 | Loss: 0.0039 (bce=0.0022 aux_ce=0.0043)
  Batch 1060/1393 | Loss: 0.0068 (bce=0.0044 aux_ce=0.0060)
  Batch 1070/1393 | Loss: 0.0156 (bce=0.0114 aux_ce=0.0105)
  Batch 1080/1393 | Loss: 0.0085 (bce=0.0019 aux_ce=0.0165)
  Batch 1090/1393 | Loss: 0.0075 (bce=0.0054 aux_ce=0.0054)
  Batch 1100/1393 | Loss: 0.0094 (bce=0.0007 aux_ce=0.0218)
  Batch 1110/1393 | Loss: 0.0034 (bce=0.0009 aux_ce=0.0062)
  Batch 1120/1393 | Loss: 0.0369 (bce=0.0098 aux_ce=0.0678)
  Batch 1130/1393 | Loss: 0.0234 (bce=0.0036 aux_ce=0.0496)
  Batch 1140/1393 | Loss: 0.1340 (bce=0.0217 aux_ce=0.2808)
  Batch 1150/1393 | Loss: 0.2385 (bce=0.2023 aux_ce=0.0904)
  Batch 1160/1393 | Loss: 0.0234 (bce=0.0016 aux_ce=0.0546)
  Batch 1170/1393 | Loss: 0.0026 (bce=0.0006 aux_ce=0.0050)
  Batch 1180/1393 | Loss: 0.0042 (bce=0.0034 aux_ce=0.0019)
  Batch 1190/1393 | Loss: 0.0099 (bce=0.0058 aux_ce=0.0103)
  Batch 1200/1393 | Loss: 0.0035 (bce=0.0027 aux_ce=0.0019)
  Batch 1210/1393 | Loss: 0.0140 (bce=0.0005 aux_ce=0.0337)
  Batch 1220/1393 | Loss: 0.0179 (bce=0.0087 aux_ce=0.0230)
  Batch 1230/1393 | Loss: 0.0039 (bce=0.0002 aux_ce=0.0092)
  Batch 1240/1393 | Loss: 0.0110 (bce=0.0087 aux_ce=0.0059)
  Batch 1250/1393 | Loss: 0.0634 (bce=0.0024 aux_ce=0.1524)
  Batch 1260/1393 | Loss: 0.0316 (bce=0.0194 aux_ce=0.0306)
  Batch 1270/1393 | Loss: 0.0063 (bce=0.0016 aux_ce=0.0116)
  Batch 1280/1393 | Loss: 0.0207 (bce=0.0085 aux_ce=0.0305)
  Batch 1290/1393 | Loss: 0.0088 (bce=0.0014 aux_ce=0.0187)
  Batch 1300/1393 | Loss: 0.0116 (bce=0.0006 aux_ce=0.0276)
  Batch 1310/1393 | Loss: 0.0394 (bce=0.0368 aux_ce=0.0064)
  Batch 1320/1393 | Loss: 0.0011 (bce=0.0007 aux_ce=0.0011)
  Batch 1330/1393 | Loss: 0.0087 (bce=0.0004 aux_ce=0.0209)
  Batch 1340/1393 | Loss: 0.0060 (bce=0.0009 aux_ce=0.0126)
  Batch 1350/1393 | Loss: 0.0009 (bce=0.0003 aux_ce=0.0015)
  Batch 1360/1393 | Loss: 0.0051 (bce=0.0011 aux_ce=0.0100)
  Batch 1370/1393 | Loss: 0.0143 (bce=0.0123 aux_ce=0.0051)
  Batch 1380/1393 | Loss: 0.0064 (bce=0.0045 aux_ce=0.0048)
  Batch 1390/1393 | Loss: 0.0030 (bce=0.0013 aux_ce=0.0044)
Epoch 20 | Train Loss: 0.0845 | Train Acc: 0.9875 | Val AUC: 0.9961
Saved checkpoint: models\stageA_checkpoint_epoch20.pth
  No improvement for 5/5 epochs
Early stopping at epoch 20 (best val AUC: 0.9968)
Stage A Training Complete! Best model: models/stageA_best_model.pth (val AUC 0.9968)
