Using device: cuda

[Data Distribution] Real: 2558  Fake: 7674  Total: 10232
[Val set] 6094 videos
[Manipulation types] ['real', 'faceswap', 'faceswap-wav2lip', 'fsgan', 'fsgan-wav2lip', 'rtvc', 'wav2lip', 'video_retalking', 'unknown_fake']

[DataLoader] batch_size=8 num_workers=4
[Domain-Adversarial] ENABLED (lambda_max=0.3)
Starting Stage A Training (frozen backbone, cached features)...
  Batch 10/1279 | Loss: 2.8100 (bce=1.0649 aux_ce=1.6517 domain_ce=1.0844)
  Batch 20/1279 | Loss: 2.6568 (bce=0.9989 aux_ce=1.5579 domain_ce=1.0348)
  Batch 30/1279 | Loss: 2.7557 (bce=1.1574 aux_ce=1.2915 domain_ce=1.0817)
  Batch 40/1279 | Loss: 2.3733 (bce=0.9023 aux_ce=1.0974 domain_ce=1.0321)
  Batch 50/1279 | Loss: 1.7479 (bce=0.5836 aux_ce=0.6308 domain_ce=0.9120)
  Batch 60/1279 | Loss: 2.1361 (bce=0.9267 aux_ce=0.9117 domain_ce=0.8447)
  Batch 70/1279 | Loss: 1.9315 (bce=0.9390 aux_ce=0.7232 domain_ce=0.7032)
  Batch 80/1279 | Loss: 1.7445 (bce=0.6045 aux_ce=0.9398 domain_ce=0.7641)
  Batch 90/1279 | Loss: 2.0290 (bce=0.9790 aux_ce=0.7340 domain_ce=0.7564)
  Batch 100/1279 | Loss: 1.8642 (bce=0.6160 aux_ce=1.2655 domain_ce=0.7420)
  Batch 110/1279 | Loss: 1.7252 (bce=0.5551 aux_ce=0.7956 domain_ce=0.8518)
  Batch 120/1279 | Loss: 1.8787 (bce=0.7436 aux_ce=1.1357 domain_ce=0.6808)
  Batch 130/1279 | Loss: 1.3547 (bce=0.7116 aux_ce=0.4911 domain_ce=0.4467)
  Batch 140/1279 | Loss: 1.7304 (bce=0.7573 aux_ce=0.9142 domain_ce=0.6074)
  Batch 150/1279 | Loss: 1.4404 (bce=0.5905 aux_ce=0.9545 domain_ce=0.4681)
  Batch 160/1279 | Loss: 1.6391 (bce=0.6915 aux_ce=0.9428 domain_ce=0.5705)
  Batch 170/1279 | Loss: 1.3746 (bce=0.5483 aux_ce=1.3084 domain_ce=0.3029)
  Batch 180/1279 | Loss: 2.4741 (bce=1.5853 aux_ce=1.1442 domain_ce=0.4311)
  Batch 190/1279 | Loss: 2.0479 (bce=1.0359 aux_ce=1.1808 domain_ce=0.5396)
  Batch 200/1279 | Loss: 0.9485 (bce=0.2528 aux_ce=0.5834 domain_ce=0.4623)
  Batch 210/1279 | Loss: 1.7492 (bce=0.9498 aux_ce=0.9625 domain_ce=0.4144)
  Batch 220/1279 | Loss: 1.4707 (bce=0.4391 aux_ce=0.8891 domain_ce=0.6760)
  Batch 230/1279 | Loss: 1.1217 (bce=0.3477 aux_ce=0.7926 domain_ce=0.4570)
  Batch 240/1279 | Loss: 2.0982 (bce=1.0764 aux_ce=0.9588 domain_ce=0.6383)
  Batch 250/1279 | Loss: 1.2985 (bce=0.4843 aux_ce=1.1894 domain_ce=0.3385)
  Batch 260/1279 | Loss: 1.3958 (bce=0.5013 aux_ce=0.9132 domain_ce=0.5292)
  Batch 270/1279 | Loss: 1.2787 (bce=0.4650 aux_ce=0.7339 domain_ce=0.5202)
  Batch 280/1279 | Loss: 0.8308 (bce=0.3824 aux_ce=0.4597 domain_ce=0.2645)
  Batch 290/1279 | Loss: 1.2298 (bce=0.5159 aux_ce=0.8329 domain_ce=0.3807)
  Batch 300/1279 | Loss: 1.1455 (bce=0.4109 aux_ce=0.6707 domain_ce=0.4663)
  Batch 310/1279 | Loss: 1.1512 (bce=0.5922 aux_ce=0.8465 domain_ce=0.2204)
  Batch 320/1279 | Loss: 1.4449 (bce=0.9480 aux_ce=0.7956 domain_ce=0.1786)
  Batch 330/1279 | Loss: 1.5232 (bce=0.9450 aux_ce=0.7794 domain_ce=0.2664)
  Batch 340/1279 | Loss: 1.4232 (bce=0.7304 aux_ce=0.7671 domain_ce=0.3860)
  Batch 350/1279 | Loss: 1.3070 (bce=0.5198 aux_ce=1.0829 domain_ce=0.3540)
  Batch 360/1279 | Loss: 2.0920 (bce=1.2252 aux_ce=1.1365 domain_ce=0.4122)
  Batch 370/1279 | Loss: 1.3916 (bce=0.6946 aux_ce=0.7558 domain_ce=0.3947)
  Batch 380/1279 | Loss: 1.4994 (bce=0.8548 aux_ce=1.0424 domain_ce=0.2277)
  Batch 390/1279 | Loss: 1.1965 (bce=0.5936 aux_ce=1.0686 domain_ce=0.1755)
  Batch 400/1279 | Loss: 0.9315 (bce=0.4575 aux_ce=0.4245 domain_ce=0.3042)
  Batch 410/1279 | Loss: 1.7896 (bce=1.1475 aux_ce=0.9788 domain_ce=0.2505)
  Batch 420/1279 | Loss: 0.6657 (bce=0.1466 aux_ce=0.4812 domain_ce=0.3267)
  Batch 430/1279 | Loss: 2.2344 (bce=1.6267 aux_ce=1.1843 domain_ce=0.1340)
  Batch 440/1279 | Loss: 1.8071 (bce=0.9328 aux_ce=1.0297 domain_ce=0.4624)
  Batch 450/1279 | Loss: 1.2490 (bce=0.6213 aux_ce=0.7942 domain_ce=0.3100)
  Batch 460/1279 | Loss: 0.8638 (bce=0.5414 aux_ce=0.3571 domain_ce=0.1796)
  Batch 470/1279 | Loss: 1.1160 (bce=0.6138 aux_ce=0.8188 domain_ce=0.1747)
  Batch 480/1279 | Loss: 1.1310 (bce=0.4641 aux_ce=0.8327 domain_ce=0.3339)
  Batch 490/1279 | Loss: 0.7837 (bce=0.2177 aux_ce=0.7861 domain_ce=0.2516)
  Batch 500/1279 | Loss: 1.0596 (bce=0.5873 aux_ce=0.6631 domain_ce=0.2070)
  Batch 510/1279 | Loss: 1.3143 (bce=0.9203 aux_ce=0.8095 domain_ce=0.0702)
  Batch 520/1279 | Loss: 1.1008 (bce=0.5693 aux_ce=0.5399 domain_ce=0.3155)
  Batch 530/1279 | Loss: 0.7610 (bce=0.3225 aux_ce=0.4202 domain_ce=0.2704)
  Batch 540/1279 | Loss: 1.1397 (bce=0.1782 aux_ce=1.1903 domain_ce=0.4854)
  Batch 550/1279 | Loss: 0.7763 (bce=0.2871 aux_ce=0.8523 domain_ce=0.1483)
  Batch 560/1279 | Loss: 0.6824 (bce=0.2707 aux_ce=0.7192 domain_ce=0.1240)
  Batch 570/1279 | Loss: 0.4743 (bce=0.0810 aux_ce=0.4122 domain_ce=0.2284)
  Batch 580/1279 | Loss: 1.8609 (bce=0.9778 aux_ce=0.9533 domain_ce=0.5018)
  Batch 590/1279 | Loss: 1.7742 (bce=0.9943 aux_ce=1.0169 domain_ce=0.3732)
  Batch 600/1279 | Loss: 0.5538 (bce=0.3190 aux_ce=0.2892 domain_ce=0.1191)
  Batch 610/1279 | Loss: 0.8143 (bce=0.4461 aux_ce=0.4726 domain_ce=0.1792)
  Batch 620/1279 | Loss: 0.5622 (bce=0.0577 aux_ce=0.4392 domain_ce=0.3287)
  Batch 630/1279 | Loss: 0.9478 (bce=0.2795 aux_ce=0.5255 domain_ce=0.4581)
  Batch 640/1279 | Loss: 0.6251 (bce=0.3263 aux_ce=0.2425 domain_ce=0.2019)
  Batch 650/1279 | Loss: 0.7347 (bce=0.2917 aux_ce=0.8420 domain_ce=0.1062)
  Batch 660/1279 | Loss: 0.7305 (bce=0.3144 aux_ce=0.4348 domain_ce=0.2422)
  Batch 670/1279 | Loss: 1.8290 (bce=0.9886 aux_ce=1.2654 domain_ce=0.3343)
  Batch 680/1279 | Loss: 1.7037 (bce=1.2573 aux_ce=0.9093 domain_ce=0.0827)
  Batch 690/1279 | Loss: 1.5278 (bce=0.8178 aux_ce=1.0687 domain_ce=0.2824)
  Batch 700/1279 | Loss: 1.2728 (bce=0.9378 aux_ce=0.6008 domain_ce=0.0947)
  Batch 710/1279 | Loss: 1.0675 (bce=0.5074 aux_ce=1.0397 domain_ce=0.1441)
  Batch 720/1279 | Loss: 0.9935 (bce=0.5266 aux_ce=0.5706 domain_ce=0.2386)
  Batch 730/1279 | Loss: 0.6357 (bce=0.3223 aux_ce=0.4756 domain_ce=0.1231)
  Batch 740/1279 | Loss: 0.9679 (bce=0.6015 aux_ce=0.3375 domain_ce=0.2314)
  Batch 750/1279 | Loss: 0.6405 (bce=0.1192 aux_ce=0.6937 domain_ce=0.2438)
  Batch 760/1279 | Loss: 0.8821 (bce=0.3617 aux_ce=0.9297 domain_ce=0.1485)
  Batch 770/1279 | Loss: 1.4002 (bce=0.7837 aux_ce=1.0464 domain_ce=0.1980)
  Batch 780/1279 | Loss: 2.2502 (bce=1.6052 aux_ce=1.0833 domain_ce=0.2117)
  Batch 790/1279 | Loss: 0.8505 (bce=0.5012 aux_ce=0.5254 domain_ce=0.1391)
  Batch 800/1279 | Loss: 0.8473 (bce=0.4304 aux_ce=0.9649 domain_ce=0.0309)
  Batch 810/1279 | Loss: 0.8864 (bce=0.3708 aux_ce=0.3331 domain_ce=0.3823)
  Batch 820/1279 | Loss: 0.9886 (bce=0.2859 aux_ce=0.5820 domain_ce=0.4699)
  Batch 830/1279 | Loss: 0.9127 (bce=0.4059 aux_ce=0.6894 domain_ce=0.2311)
  Batch 840/1279 | Loss: 1.6746 (bce=1.1526 aux_ce=0.8948 domain_ce=0.1640)
  Batch 850/1279 | Loss: 0.9148 (bce=0.3810 aux_ce=0.9514 domain_ce=0.1532)
  Batch 860/1279 | Loss: 1.2026 (bce=0.7426 aux_ce=0.7463 domain_ce=0.1615)
  Batch 870/1279 | Loss: 1.2504 (bce=0.4281 aux_ce=0.7493 domain_ce=0.5225)
  Batch 880/1279 | Loss: 0.9968 (bce=0.6262 aux_ce=0.6920 domain_ce=0.0938)
  Batch 890/1279 | Loss: 0.8698 (bce=0.3927 aux_ce=0.7020 domain_ce=0.1963)
  Batch 900/1279 | Loss: 1.8009 (bce=1.3134 aux_ce=1.0083 domain_ce=0.0841)
  Batch 910/1279 | Loss: 1.1375 (bce=0.4567 aux_ce=0.5192 domain_ce=0.4730)
  Batch 920/1279 | Loss: 0.4012 (bce=0.0995 aux_ce=0.4343 domain_ce=0.1280)
  Batch 930/1279 | Loss: 0.5658 (bce=0.3069 aux_ce=0.4364 domain_ce=0.0844)
  Batch 940/1279 | Loss: 0.6490 (bce=0.3006 aux_ce=0.1979 domain_ce=0.2692)
  Batch 950/1279 | Loss: 0.3903 (bce=0.0938 aux_ce=0.3172 domain_ce=0.1696)
  Batch 960/1279 | Loss: 1.3741 (bce=0.6257 aux_ce=0.5651 domain_ce=0.5223)
  Batch 970/1279 | Loss: 0.9678 (bce=0.5800 aux_ce=0.5376 domain_ce=0.1727)
  Batch 980/1279 | Loss: 0.5135 (bce=0.1012 aux_ce=0.4752 domain_ce=0.2222)
  Batch 990/1279 | Loss: 1.7545 (bce=1.2959 aux_ce=1.0816 domain_ce=0.0259)
  Batch 1000/1279 | Loss: 0.5685 (bce=0.1341 aux_ce=0.4145 domain_ce=0.2686)
  Batch 1010/1279 | Loss: 0.7306 (bce=0.3181 aux_ce=0.7103 domain_ce=0.1284)
  Batch 1020/1279 | Loss: 0.5473 (bce=0.2241 aux_ce=0.5726 domain_ce=0.0942)
  Batch 1030/1279 | Loss: 0.6521 (bce=0.3945 aux_ce=0.3458 domain_ce=0.1192)
  Batch 1040/1279 | Loss: 1.0590 (bce=0.4439 aux_ce=1.1222 domain_ce=0.1662)
  Batch 1050/1279 | Loss: 1.0576 (bce=0.5053 aux_ce=0.3265 domain_ce=0.4217)
  Batch 1060/1279 | Loss: 0.8204 (bce=0.5516 aux_ce=0.5512 domain_ce=0.0483)
  Batch 1070/1279 | Loss: 0.7971 (bce=0.3008 aux_ce=0.1392 domain_ce=0.4406)
  Batch 1080/1279 | Loss: 0.8735 (bce=0.3790 aux_ce=0.6786 domain_ce=0.2230)
  Batch 1090/1279 | Loss: 1.1410 (bce=0.5566 aux_ce=0.6600 domain_ce=0.3204)
  Batch 1100/1279 | Loss: 0.5554 (bce=0.0868 aux_ce=0.4157 domain_ce=0.3023)
  Batch 1110/1279 | Loss: 0.6466 (bce=0.1773 aux_ce=0.3616 domain_ce=0.3246)
  Batch 1120/1279 | Loss: 0.5922 (bce=0.3206 aux_ce=0.4850 domain_ce=0.0776)
  Batch 1130/1279 | Loss: 0.6838 (bce=0.2116 aux_ce=0.2473 domain_ce=0.3733)
  Batch 1140/1279 | Loss: 0.6254 (bce=0.2895 aux_ce=0.1979 domain_ce=0.2568)
  Batch 1150/1279 | Loss: 0.8031 (bce=0.2867 aux_ce=0.7019 domain_ce=0.2357)
  Batch 1160/1279 | Loss: 1.8255 (bce=0.5161 aux_ce=0.9334 domain_ce=0.9361)
  Batch 1170/1279 | Loss: 0.4757 (bce=0.1447 aux_ce=0.4171 domain_ce=0.1641)
  Batch 1180/1279 | Loss: 0.5328 (bce=0.1531 aux_ce=0.3696 domain_ce=0.2319)
  Batch 1190/1279 | Loss: 0.8468 (bce=0.4148 aux_ce=0.3146 domain_ce=0.3062)
  Batch 1200/1279 | Loss: 2.9049 (bce=1.8169 aux_ce=1.5347 domain_ce=0.4741)
  Batch 1210/1279 | Loss: 0.6992 (bce=0.1846 aux_ce=0.5892 domain_ce=0.2789)
  Batch 1220/1279 | Loss: 0.5157 (bce=0.1696 aux_ce=0.1993 domain_ce=0.2663)
  Batch 1230/1279 | Loss: 0.3682 (bce=0.0627 aux_ce=0.6054 domain_ce=0.0634)
  Batch 1240/1279 | Loss: 0.6165 (bce=0.2352 aux_ce=0.7276 domain_ce=0.0902)
  Batch 1250/1279 | Loss: 0.7416 (bce=0.2292 aux_ce=0.1739 domain_ce=0.4429)
  Batch 1260/1279 | Loss: 0.6514 (bce=0.0415 aux_ce=0.5662 domain_ce=0.3834)
  Batch 1270/1279 | Loss: 0.3343 (bce=0.1282 aux_ce=0.4272 domain_ce=0.0352)
Epoch 1 | Train Loss: 1.2416 | Train Acc: 0.8269 | Val AUC: 0.9741 | Domain Acc: 0.8596 (chance=0.333, lambda=0.050)
Saved checkpoint: models\stageA_checkpoint_epoch1.pth
  New best val AUC: 0.9741 - saved stageA_best_model.pth
  Batch 10/1279 | Loss: 0.9501 (bce=0.4978 aux_ce=0.6286 domain_ce=0.2009)
  Batch 20/1279 | Loss: 1.1521 (bce=0.3677 aux_ce=0.8953 domain_ce=0.4263)
  Batch 30/1279 | Loss: 0.7667 (bce=0.3981 aux_ce=0.7924 domain_ce=0.0517)
  Batch 40/1279 | Loss: 0.5008 (bce=0.3241 aux_ce=0.2753 domain_ce=0.0666)
  Batch 50/1279 | Loss: 1.2039 (bce=0.2309 aux_ce=0.1650 domain_ce=0.9071)
  Batch 60/1279 | Loss: 0.5338 (bce=0.1972 aux_ce=0.4018 domain_ce=0.1759)
  Batch 70/1279 | Loss: 0.4703 (bce=0.2680 aux_ce=0.3883 domain_ce=0.0470)
  Batch 80/1279 | Loss: 1.3322 (bce=0.7569 aux_ce=0.5428 domain_ce=0.3581)
  Batch 90/1279 | Loss: 0.7230 (bce=0.1727 aux_ce=0.1249 domain_ce=0.5004)
  Batch 100/1279 | Loss: 1.4585 (bce=0.6664 aux_ce=0.4286 domain_ce=0.6207)
  Batch 110/1279 | Loss: 1.1445 (bce=0.2273 aux_ce=0.7222 domain_ce=0.6284)
  Batch 120/1279 | Loss: 1.3179 (bce=0.4705 aux_ce=0.2652 domain_ce=0.7414)
  Batch 130/1279 | Loss: 1.0757 (bce=0.2919 aux_ce=0.4800 domain_ce=0.5917)
  Batch 140/1279 | Loss: 1.6334 (bce=0.1160 aux_ce=0.9627 domain_ce=1.1323)
  Batch 150/1279 | Loss: 1.0669 (bce=0.1083 aux_ce=0.4362 domain_ce=0.7841)
  Batch 160/1279 | Loss: 1.6974 (bce=0.5277 aux_ce=0.6102 domain_ce=0.9257)
  Batch 170/1279 | Loss: 1.6570 (bce=0.3930 aux_ce=0.4052 domain_ce=1.1019)
  Batch 180/1279 | Loss: 1.4682 (bce=0.2362 aux_ce=0.1587 domain_ce=1.1686)
  Batch 190/1279 | Loss: 1.3735 (bce=0.1126 aux_ce=0.7125 domain_ce=0.9758)
  Batch 200/1279 | Loss: 1.2115 (bce=0.1171 aux_ce=0.0660 domain_ce=1.0681)
  Batch 210/1279 | Loss: 1.1620 (bce=0.1247 aux_ce=0.4525 domain_ce=0.8562)
  Batch 220/1279 | Loss: 1.5538 (bce=0.6338 aux_ce=1.1929 domain_ce=0.4428)
  Batch 230/1279 | Loss: 0.7487 (bce=0.0694 aux_ce=0.3455 domain_ce=0.5411)
  Batch 240/1279 | Loss: 1.2801 (bce=0.1148 aux_ce=0.6237 domain_ce=0.9159)
  Batch 250/1279 | Loss: 1.9746 (bce=0.1582 aux_ce=0.1105 domain_ce=1.7722)
  Batch 260/1279 | Loss: 0.8960 (bce=0.2711 aux_ce=0.4985 domain_ce=0.4255)
  Batch 270/1279 | Loss: 1.7475 (bce=0.5932 aux_ce=0.3818 domain_ce=1.0016)
  Batch 280/1279 | Loss: 0.3666 (bce=0.0621 aux_ce=0.1419 domain_ce=0.2478)
  Batch 290/1279 | Loss: 0.9282 (bce=0.3099 aux_ce=0.3471 domain_ce=0.4795)
  Batch 300/1279 | Loss: 1.7987 (bce=0.5032 aux_ce=0.5145 domain_ce=1.0897)
  Batch 310/1279 | Loss: 0.8427 (bce=0.2719 aux_ce=0.4207 domain_ce=0.4025)
  Batch 320/1279 | Loss: 1.0496 (bce=0.1850 aux_ce=0.5844 domain_ce=0.6309)
  Batch 330/1279 | Loss: 1.3113 (bce=0.1442 aux_ce=0.1513 domain_ce=1.1065)
  Batch 340/1279 | Loss: 1.4509 (bce=0.4878 aux_ce=0.6982 domain_ce=0.6838)
  Batch 350/1279 | Loss: 1.3158 (bce=0.6032 aux_ce=0.6954 domain_ce=0.4344)
  Batch 360/1279 | Loss: 0.9895 (bce=0.1849 aux_ce=0.1795 domain_ce=0.7329)
  Batch 370/1279 | Loss: 1.2080 (bce=0.3052 aux_ce=0.5967 domain_ce=0.6641)
  Batch 380/1279 | Loss: 1.5923 (bce=0.2777 aux_ce=0.7909 domain_ce=0.9982)
  Batch 390/1279 | Loss: 1.0823 (bce=0.2928 aux_ce=0.3493 domain_ce=0.6498)
  Batch 400/1279 | Loss: 0.4632 (bce=0.0465 aux_ce=0.5865 domain_ce=0.1821)
  Batch 410/1279 | Loss: 0.7634 (bce=0.0735 aux_ce=0.5723 domain_ce=0.4609)
  Batch 420/1279 | Loss: 1.2773 (bce=0.1651 aux_ce=0.5010 domain_ce=0.9118)
  Batch 430/1279 | Loss: 1.0035 (bce=0.2144 aux_ce=0.7027 domain_ce=0.5081)
  Batch 440/1279 | Loss: 0.8162 (bce=0.1854 aux_ce=0.1587 domain_ce=0.5673)
  Batch 450/1279 | Loss: 0.7908 (bce=0.1944 aux_ce=0.2493 domain_ce=0.4967)
  Batch 460/1279 | Loss: 0.5111 (bce=0.0461 aux_ce=0.5194 domain_ce=0.2572)
  Batch 470/1279 | Loss: 0.7461 (bce=0.0550 aux_ce=0.1336 domain_ce=0.6376)
  Batch 480/1279 | Loss: 1.5144 (bce=0.6095 aux_ce=0.7430 domain_ce=0.6077)
  Batch 490/1279 | Loss: 0.8269 (bce=0.3455 aux_ce=0.5105 domain_ce=0.2772)
  Batch 500/1279 | Loss: 2.9823 (bce=1.6318 aux_ce=1.2947 domain_ce=0.8327)
  Batch 510/1279 | Loss: 1.3291 (bce=0.3334 aux_ce=1.0380 domain_ce=0.5805)
  Batch 520/1279 | Loss: 1.1196 (bce=0.3852 aux_ce=0.5661 domain_ce=0.5080)
  Batch 530/1279 | Loss: 0.7874 (bce=0.1367 aux_ce=0.2898 domain_ce=0.5348)
  Batch 540/1279 | Loss: 0.7098 (bce=0.1928 aux_ce=0.1767 domain_ce=0.4464)
  Batch 550/1279 | Loss: 1.1766 (bce=0.4441 aux_ce=0.4341 domain_ce=0.5589)
  Batch 560/1279 | Loss: 1.3469 (bce=0.6693 aux_ce=0.4814 domain_ce=0.4850)
  Batch 570/1279 | Loss: 0.6707 (bce=0.2101 aux_ce=0.2162 domain_ce=0.3741)
  Batch 580/1279 | Loss: 1.1780 (bce=0.4476 aux_ce=0.6643 domain_ce=0.4646)
  Batch 590/1279 | Loss: 1.3414 (bce=0.2283 aux_ce=0.1294 domain_ce=1.0613)
  Batch 600/1279 | Loss: 1.2218 (bce=0.2482 aux_ce=0.3817 domain_ce=0.8210)
  Batch 610/1279 | Loss: 1.7650 (bce=0.4893 aux_ce=0.6086 domain_ce=1.0323)
  Batch 620/1279 | Loss: 1.0527 (bce=0.1858 aux_ce=0.1326 domain_ce=0.8139)
  Batch 630/1279 | Loss: 0.7509 (bce=0.1939 aux_ce=0.3033 domain_ce=0.4357)
  Batch 640/1279 | Loss: 1.6268 (bce=0.6184 aux_ce=0.9695 domain_ce=0.6206)
  Batch 650/1279 | Loss: 0.9057 (bce=0.0419 aux_ce=0.1141 domain_ce=0.8182)
  Batch 660/1279 | Loss: 2.3808 (bce=1.1366 aux_ce=1.1175 domain_ce=0.7972)
  Batch 670/1279 | Loss: 1.8230 (bce=0.0826 aux_ce=0.3063 domain_ce=1.6180)
  Batch 680/1279 | Loss: 0.9133 (bce=0.1050 aux_ce=0.8512 domain_ce=0.4678)
  Batch 690/1279 | Loss: 0.7201 (bce=0.0315 aux_ce=0.4215 domain_ce=0.5199)
  Batch 700/1279 | Loss: 1.1042 (bce=0.0604 aux_ce=0.2163 domain_ce=0.9574)
  Batch 710/1279 | Loss: 0.7967 (bce=0.1051 aux_ce=0.1393 domain_ce=0.6359)
  Batch 720/1279 | Loss: 1.2688 (bce=0.4770 aux_ce=0.3830 domain_ce=0.6385)
  Batch 730/1279 | Loss: 1.2832 (bce=0.6390 aux_ce=0.5308 domain_ce=0.4319)
  Batch 740/1279 | Loss: 1.2835 (bce=0.0697 aux_ce=0.3424 domain_ce=1.0769)
  Batch 750/1279 | Loss: 0.7268 (bce=0.1411 aux_ce=0.0716 domain_ce=0.5571)
  Batch 760/1279 | Loss: 1.1232 (bce=0.3092 aux_ce=0.2133 domain_ce=0.7287)
  Batch 770/1279 | Loss: 0.9474 (bce=0.0758 aux_ce=0.0286 domain_ce=0.8602)
  Batch 780/1279 | Loss: 0.9317 (bce=0.1430 aux_ce=0.5739 domain_ce=0.5591)
  Batch 790/1279 | Loss: 1.7123 (bce=0.7339 aux_ce=0.6767 domain_ce=0.7077)
  Batch 800/1279 | Loss: 1.1613 (bce=0.4252 aux_ce=0.4109 domain_ce=0.5717)
  Batch 810/1279 | Loss: 1.1332 (bce=0.5093 aux_ce=0.4415 domain_ce=0.4472)
  Batch 820/1279 | Loss: 1.2683 (bce=0.2328 aux_ce=0.6824 domain_ce=0.7625)
  Batch 830/1279 | Loss: 0.9888 (bce=0.1787 aux_ce=0.0735 domain_ce=0.7807)
  Batch 840/1279 | Loss: 1.6344 (bce=0.0471 aux_ce=0.6309 domain_ce=1.3350)
  Batch 850/1279 | Loss: 1.3203 (bce=0.6361 aux_ce=0.6469 domain_ce=0.4254)
  Batch 860/1279 | Loss: 0.9762 (bce=0.3434 aux_ce=0.3029 domain_ce=0.5117)
  Batch 870/1279 | Loss: 1.4542 (bce=0.2170 aux_ce=0.4430 domain_ce=1.0601)
  Batch 880/1279 | Loss: 1.0044 (bce=0.0744 aux_ce=0.1547 domain_ce=0.8681)
  Batch 890/1279 | Loss: 1.1518 (bce=0.0728 aux_ce=0.7252 domain_ce=0.7889)
  Batch 900/1279 | Loss: 1.1556 (bce=0.0498 aux_ce=0.0383 domain_ce=1.0905)
  Batch 910/1279 | Loss: 0.7020 (bce=0.0875 aux_ce=0.1533 domain_ce=0.5532)
  Batch 920/1279 | Loss: 1.4954 (bce=0.6712 aux_ce=1.0534 domain_ce=0.4029)
  Batch 930/1279 | Loss: 1.2003 (bce=0.3195 aux_ce=0.2887 domain_ce=0.7652)
  Batch 940/1279 | Loss: 0.6075 (bce=0.0559 aux_ce=0.5223 domain_ce=0.3427)
  Batch 950/1279 | Loss: 1.2131 (bce=0.1314 aux_ce=0.5158 domain_ce=0.8754)
  Batch 960/1279 | Loss: 1.8457 (bce=0.3882 aux_ce=0.1860 domain_ce=1.3831)
  Batch 970/1279 | Loss: 0.5025 (bce=0.1236 aux_ce=0.2028 domain_ce=0.2978)
  Batch 980/1279 | Loss: 1.0605 (bce=0.3674 aux_ce=0.2922 domain_ce=0.5762)
  Batch 990/1279 | Loss: 1.0912 (bce=0.5871 aux_ce=0.6395 domain_ce=0.2484)
  Batch 1000/1279 | Loss: 0.9171 (bce=0.0540 aux_ce=0.0940 domain_ce=0.8256)
  Batch 1010/1279 | Loss: 0.6333 (bce=0.0620 aux_ce=0.1453 domain_ce=0.5132)
  Batch 1020/1279 | Loss: 1.5648 (bce=0.6209 aux_ce=0.4970 domain_ce=0.7451)
  Batch 1030/1279 | Loss: 1.2900 (bce=0.2393 aux_ce=0.3977 domain_ce=0.8916)
  Batch 1040/1279 | Loss: 0.9768 (bce=0.2576 aux_ce=0.4005 domain_ce=0.5590)
  Batch 1050/1279 | Loss: 1.8827 (bce=0.8132 aux_ce=0.7646 domain_ce=0.7637)
  Batch 1060/1279 | Loss: 0.9169 (bce=0.1079 aux_ce=0.0686 domain_ce=0.7815)
  Batch 1070/1279 | Loss: 1.3324 (bce=0.3674 aux_ce=0.3008 domain_ce=0.8447)
  Batch 1080/1279 | Loss: 0.5399 (bce=0.2008 aux_ce=0.1403 domain_ce=0.2830)
  Batch 1090/1279 | Loss: 1.4892 (bce=0.1097 aux_ce=0.0815 domain_ce=1.3469)
  Batch 1100/1279 | Loss: 0.5435 (bce=0.0298 aux_ce=0.0922 domain_ce=0.4767)
  Batch 1110/1279 | Loss: 1.5011 (bce=0.7515 aux_ce=0.6265 domain_ce=0.4990)
  Batch 1120/1279 | Loss: 1.3355 (bce=0.2263 aux_ce=0.2727 domain_ce=1.0001)
  Batch 1130/1279 | Loss: 1.1145 (bce=0.2088 aux_ce=0.3775 domain_ce=0.7547)
  Batch 1140/1279 | Loss: 0.9170 (bce=0.0885 aux_ce=0.1231 domain_ce=0.7792)
  Batch 1150/1279 | Loss: 1.1292 (bce=0.0853 aux_ce=0.1464 domain_ce=0.9854)
  Batch 1160/1279 | Loss: 0.9929 (bce=0.3924 aux_ce=0.8347 domain_ce=0.2667)
  Batch 1170/1279 | Loss: 0.7558 (bce=0.1034 aux_ce=0.1486 domain_ce=0.5929)
  Batch 1180/1279 | Loss: 0.6123 (bce=0.0764 aux_ce=0.2848 domain_ce=0.4221)
  Batch 1190/1279 | Loss: 0.7405 (bce=0.0501 aux_ce=0.2017 domain_ce=0.6097)
  Batch 1200/1279 | Loss: 2.1668 (bce=1.0769 aux_ce=0.6520 domain_ce=0.8291)
  Batch 1210/1279 | Loss: 0.7137 (bce=0.0691 aux_ce=0.2476 domain_ce=0.5455)
  Batch 1220/1279 | Loss: 1.5992 (bce=0.5406 aux_ce=0.8637 domain_ce=0.7131)
  Batch 1230/1279 | Loss: 1.9776 (bce=1.1734 aux_ce=0.6616 domain_ce=0.5395)
  Batch 1240/1279 | Loss: 0.5674 (bce=0.0548 aux_ce=0.0325 domain_ce=0.4997)
  Batch 1250/1279 | Loss: 1.7634 (bce=1.1339 aux_ce=0.7490 domain_ce=0.3299)
  Batch 1260/1279 | Loss: 0.5336 (bce=0.0133 aux_ce=0.2471 domain_ce=0.4215)
  Batch 1270/1279 | Loss: 1.7102 (bce=0.9751 aux_ce=0.5325 domain_ce=0.5221)
Epoch 2 | Train Loss: 1.1903 | Train Acc: 0.9153 | Val AUC: 0.9858 | Domain Acc: 0.7315 (chance=0.333, lambda=0.096)
Saved checkpoint: models\stageA_checkpoint_epoch2.pth
  New best val AUC: 0.9858 - saved stageA_best_model.pth
  Batch 10/1279 | Loss: 0.9920 (bce=0.2048 aux_ce=0.2148 domain_ce=0.7012)
  Batch 20/1279 | Loss: 0.9823 (bce=0.4609 aux_ce=0.2711 domain_ce=0.4130)
  Batch 30/1279 | Loss: 1.2198 (bce=0.4232 aux_ce=0.6178 domain_ce=0.5494)
  Batch 40/1279 | Loss: 1.1212 (bce=0.1389 aux_ce=0.0990 domain_ce=0.9427)
  Batch 50/1279 | Loss: 0.8485 (bce=0.1592 aux_ce=0.3961 domain_ce=0.5309)
  Batch 60/1279 | Loss: 0.7820 (bce=0.2457 aux_ce=0.3635 domain_ce=0.3910)
  Batch 70/1279 | Loss: 1.4143 (bce=0.5024 aux_ce=0.7146 domain_ce=0.6261)
  Batch 80/1279 | Loss: 1.5872 (bce=0.5557 aux_ce=0.9435 domain_ce=0.6541)
  Batch 90/1279 | Loss: 0.5580 (bce=0.0264 aux_ce=0.6329 domain_ce=0.2784)
  Batch 100/1279 | Loss: 1.2864 (bce=0.0524 aux_ce=0.0508 domain_ce=1.2136)
  Batch 110/1279 | Loss: 1.3483 (bce=0.0815 aux_ce=0.0609 domain_ce=1.2425)
  Batch 120/1279 | Loss: 1.3868 (bce=0.0303 aux_ce=0.1854 domain_ce=1.2824)
  Batch 130/1279 | Loss: 1.6082 (bce=0.6116 aux_ce=0.6942 domain_ce=0.7189)
  Batch 140/1279 | Loss: 1.7092 (bce=0.0821 aux_ce=0.5697 domain_ce=1.3992)
  Batch 150/1279 | Loss: 0.9030 (bce=0.1193 aux_ce=0.1838 domain_ce=0.7102)
  Batch 160/1279 | Loss: 1.6755 (bce=0.5842 aux_ce=0.6787 domain_ce=0.8198)
  Batch 170/1279 | Loss: 2.1501 (bce=0.6770 aux_ce=0.7104 domain_ce=1.1889)
  Batch 180/1279 | Loss: 0.7613 (bce=0.1915 aux_ce=0.1187 domain_ce=0.5223)
  Batch 190/1279 | Loss: 1.0511 (bce=0.0541 aux_ce=0.1209 domain_ce=0.9487)
  Batch 200/1279 | Loss: 1.5212 (bce=0.4343 aux_ce=0.5755 domain_ce=0.8567)
  Batch 210/1279 | Loss: 1.5048 (bce=0.6160 aux_ce=0.4942 domain_ce=0.6911)
  Batch 220/1279 | Loss: 0.9988 (bce=0.0871 aux_ce=0.1472 domain_ce=0.8528)
  Batch 230/1279 | Loss: 1.2121 (bce=0.0658 aux_ce=0.0763 domain_ce=1.1158)
  Batch 240/1279 | Loss: 0.5309 (bce=0.1120 aux_ce=0.5841 domain_ce=0.1852)
  Batch 250/1279 | Loss: 1.1005 (bce=0.0665 aux_ce=0.0195 domain_ce=1.0262)
  Batch 260/1279 | Loss: 2.6507 (bce=1.4960 aux_ce=1.0363 domain_ce=0.7401)
  Batch 270/1279 | Loss: 0.6921 (bce=0.1723 aux_ce=0.2954 domain_ce=0.4016)
  Batch 280/1279 | Loss: 0.9584 (bce=0.1318 aux_ce=0.1314 domain_ce=0.7740)
  Batch 290/1279 | Loss: 1.5204 (bce=0.6975 aux_ce=0.5106 domain_ce=0.6187)
  Batch 300/1279 | Loss: 1.6258 (bce=0.2013 aux_ce=1.1838 domain_ce=0.9509)
  Batch 310/1279 | Loss: 0.8236 (bce=0.0475 aux_ce=0.2457 domain_ce=0.6779)
  Batch 320/1279 | Loss: 1.1932 (bce=0.0564 aux_ce=0.0609 domain_ce=1.1125)
  Batch 330/1279 | Loss: 1.1578 (bce=0.4019 aux_ce=0.3602 domain_ce=0.6119)
  Batch 340/1279 | Loss: 1.2767 (bce=0.0459 aux_ce=0.2986 domain_ce=1.1114)
  Batch 350/1279 | Loss: 0.8466 (bce=0.0217 aux_ce=0.1894 domain_ce=0.7491)
  Batch 360/1279 | Loss: 0.9414 (bce=0.1593 aux_ce=0.3129 domain_ce=0.6570)
  Batch 370/1279 | Loss: 0.7840 (bce=0.0614 aux_ce=0.1301 domain_ce=0.6705)
  Batch 380/1279 | Loss: 1.0693 (bce=0.5435 aux_ce=0.4345 domain_ce=0.3519)
  Batch 390/1279 | Loss: 0.9879 (bce=0.0733 aux_ce=0.2285 domain_ce=0.8232)
  Batch 400/1279 | Loss: 1.7110 (bce=0.7091 aux_ce=0.7980 domain_ce=0.6826)
  Batch 410/1279 | Loss: 1.5610 (bce=0.5201 aux_ce=0.4168 domain_ce=0.8742)
  Batch 420/1279 | Loss: 1.3945 (bce=0.3114 aux_ce=0.5588 domain_ce=0.8596)
  Batch 430/1279 | Loss: 1.9479 (bce=0.6957 aux_ce=1.2323 domain_ce=0.7593)
  Batch 440/1279 | Loss: 1.1942 (bce=0.0436 aux_ce=0.1070 domain_ce=1.1079)
  Batch 450/1279 | Loss: 1.1334 (bce=0.1330 aux_ce=0.0652 domain_ce=0.9743)
  Batch 460/1279 | Loss: 1.2901 (bce=0.3999 aux_ce=0.4458 domain_ce=0.7119)
  Batch 470/1279 | Loss: 1.4450 (bce=0.7629 aux_ce=0.4267 domain_ce=0.5114)
  Batch 480/1279 | Loss: 1.3424 (bce=0.4101 aux_ce=1.0186 domain_ce=0.5249)
  Batch 490/1279 | Loss: 0.6983 (bce=0.0286 aux_ce=0.3080 domain_ce=0.5465)
  Batch 500/1279 | Loss: 1.9264 (bce=0.8696 aux_ce=0.5954 domain_ce=0.8186)
  Batch 510/1279 | Loss: 0.9160 (bce=0.2741 aux_ce=0.1232 domain_ce=0.5926)
  Batch 520/1279 | Loss: 0.9754 (bce=0.1451 aux_ce=0.1406 domain_ce=0.7740)
  Batch 530/1279 | Loss: 1.1075 (bce=0.0891 aux_ce=0.0659 domain_ce=0.9920)
  Batch 540/1279 | Loss: 1.5737 (bce=0.2024 aux_ce=0.1128 domain_ce=1.3262)
  Batch 550/1279 | Loss: 0.9516 (bce=0.0258 aux_ce=0.0656 domain_ce=0.8996)
  Batch 560/1279 | Loss: 1.1519 (bce=0.0332 aux_ce=0.0170 domain_ce=1.1119)
  Batch 570/1279 | Loss: 1.0542 (bce=0.0467 aux_ce=0.3243 domain_ce=0.8777)
  Batch 580/1279 | Loss: 1.7088 (bce=0.5216 aux_ce=0.3534 domain_ce=1.0458)
  Batch 590/1279 | Loss: 1.0412 (bce=0.2586 aux_ce=0.1572 domain_ce=0.7197)
  Batch 600/1279 | Loss: 1.0723 (bce=0.1616 aux_ce=0.4736 domain_ce=0.7213)
  Batch 610/1279 | Loss: 1.1420 (bce=0.0712 aux_ce=0.0625 domain_ce=1.0458)
  Batch 620/1279 | Loss: 0.9412 (bce=0.0441 aux_ce=0.1303 domain_ce=0.8450)
  Batch 630/1279 | Loss: 1.0799 (bce=0.0697 aux_ce=0.2799 domain_ce=0.8982)
  Batch 640/1279 | Loss: 1.0969 (bce=0.0302 aux_ce=0.1656 domain_ce=1.0005)
  Batch 650/1279 | Loss: 0.7946 (bce=0.0341 aux_ce=0.0834 domain_ce=0.7271)
  Batch 660/1279 | Loss: 1.2663 (bce=0.1919 aux_ce=0.1996 domain_ce=0.9945)
  Batch 670/1279 | Loss: 1.1295 (bce=0.1820 aux_ce=0.1754 domain_ce=0.8774)
  Batch 680/1279 | Loss: 1.3986 (bce=0.1081 aux_ce=0.0732 domain_ce=1.2612)
  Batch 690/1279 | Loss: 0.9494 (bce=0.0312 aux_ce=0.0359 domain_ce=0.9038)
  Batch 700/1279 | Loss: 0.8145 (bce=0.0350 aux_ce=0.2456 domain_ce=0.6813)
  Batch 710/1279 | Loss: 0.9104 (bce=0.0385 aux_ce=0.4013 domain_ce=0.7114)
  Batch 720/1279 | Loss: 1.1333 (bce=0.0516 aux_ce=0.0705 domain_ce=1.0535)
  Batch 730/1279 | Loss: 1.3335 (bce=0.0638 aux_ce=0.7756 domain_ce=0.9594)
  Batch 740/1279 | Loss: 1.3039 (bce=0.3778 aux_ce=0.3042 domain_ce=0.8045)
  Batch 750/1279 | Loss: 1.2742 (bce=0.3411 aux_ce=0.8251 domain_ce=0.6031)
  Batch 760/1279 | Loss: 1.4007 (bce=0.0568 aux_ce=0.3613 domain_ce=1.1994)
  Batch 770/1279 | Loss: 1.0191 (bce=0.1265 aux_ce=0.4448 domain_ce=0.7147)
  Batch 780/1279 | Loss: 0.9099 (bce=0.3064 aux_ce=0.5278 domain_ce=0.3923)
  Batch 790/1279 | Loss: 2.2319 (bce=1.0545 aux_ce=0.6968 domain_ce=0.8987)
  Batch 800/1279 | Loss: 0.5789 (bce=0.1364 aux_ce=0.0655 domain_ce=0.4163)
  Batch 810/1279 | Loss: 0.9773 (bce=0.1265 aux_ce=0.0725 domain_ce=0.8218)
  Batch 820/1279 | Loss: 1.2032 (bce=0.0175 aux_ce=0.6949 domain_ce=0.9077)
  Batch 830/1279 | Loss: 1.0512 (bce=0.3795 aux_ce=0.3229 domain_ce=0.5425)
  Batch 840/1279 | Loss: 0.4799 (bce=0.0428 aux_ce=0.2246 domain_ce=0.3472)
  Batch 850/1279 | Loss: 0.4572 (bce=0.0185 aux_ce=0.0432 domain_ce=0.4214)
  Batch 860/1279 | Loss: 0.7646 (bce=0.0896 aux_ce=0.1831 domain_ce=0.6017)
  Batch 870/1279 | Loss: 0.9854 (bce=0.0392 aux_ce=0.0902 domain_ce=0.9101)
  Batch 880/1279 | Loss: 1.7113 (bce=1.1260 aux_ce=0.5952 domain_ce=0.3472)
  Batch 890/1279 | Loss: 0.9947 (bce=0.0516 aux_ce=0.2658 domain_ce=0.8368)
  Batch 900/1279 | Loss: 1.5861 (bce=0.6534 aux_ce=0.6576 domain_ce=0.6696)
  Batch 910/1279 | Loss: 0.9204 (bce=0.0204 aux_ce=0.3705 domain_ce=0.7518)
  Batch 920/1279 | Loss: 1.1369 (bce=0.4674 aux_ce=0.3745 domain_ce=0.5197)
  Batch 930/1279 | Loss: 1.2665 (bce=0.3147 aux_ce=0.2478 domain_ce=0.8527)
  Batch 940/1279 | Loss: 0.8455 (bce=0.0046 aux_ce=0.9872 domain_ce=0.4460)
  Batch 950/1279 | Loss: 0.6111 (bce=0.0563 aux_ce=0.2047 domain_ce=0.4729)
  Batch 960/1279 | Loss: 0.6157 (bce=0.0877 aux_ce=0.1753 domain_ce=0.4579)
  Batch 970/1279 | Loss: 0.8768 (bce=0.2421 aux_ce=0.3501 domain_ce=0.4946)
  Batch 980/1279 | Loss: 1.1673 (bce=0.3081 aux_ce=0.3602 domain_ce=0.7151)
  Batch 990/1279 | Loss: 0.8209 (bce=0.0916 aux_ce=0.0497 domain_ce=0.7094)
  Batch 1000/1279 | Loss: 0.8635 (bce=0.2271 aux_ce=0.1635 domain_ce=0.5710)
  Batch 1010/1279 | Loss: 1.3554 (bce=0.5273 aux_ce=0.8213 domain_ce=0.4995)
  Batch 1020/1279 | Loss: 0.4889 (bce=0.0570 aux_ce=0.1422 domain_ce=0.3750)
  Batch 1030/1279 | Loss: 1.5579 (bce=0.5180 aux_ce=0.7665 domain_ce=0.7333)
  Batch 1040/1279 | Loss: 0.6513 (bce=0.0489 aux_ce=0.2200 domain_ce=0.5144)
  Batch 1050/1279 | Loss: 0.6178 (bce=0.0466 aux_ce=0.0843 domain_ce=0.5375)
  Batch 1060/1279 | Loss: 0.5948 (bce=0.0127 aux_ce=0.0605 domain_ce=0.5580)
  Batch 1070/1279 | Loss: 1.4961 (bce=0.8583 aux_ce=0.5609 domain_ce=0.4134)
  Batch 1080/1279 | Loss: 0.8967 (bce=0.1557 aux_ce=0.5205 domain_ce=0.5328)
  Batch 1090/1279 | Loss: 1.5134 (bce=0.6441 aux_ce=0.4775 domain_ce=0.6783)
  Batch 1100/1279 | Loss: 0.8472 (bce=0.1299 aux_ce=0.0706 domain_ce=0.6891)
  Batch 1110/1279 | Loss: 1.4776 (bce=0.1495 aux_ce=1.0965 domain_ce=0.8895)
  Batch 1120/1279 | Loss: 0.7065 (bce=0.0471 aux_ce=0.0421 domain_ce=0.6425)
  Batch 1130/1279 | Loss: 1.1102 (bce=0.0365 aux_ce=0.0818 domain_ce=1.0410)
  Batch 1140/1279 | Loss: 1.0822 (bce=0.0379 aux_ce=0.0663 domain_ce=1.0178)
  Batch 1150/1279 | Loss: 1.3513 (bce=0.5374 aux_ce=0.6067 domain_ce=0.5712)
  Batch 1160/1279 | Loss: 1.2009 (bce=0.0620 aux_ce=0.0462 domain_ce=1.1204)
  Batch 1170/1279 | Loss: 0.9983 (bce=0.1343 aux_ce=0.1043 domain_ce=0.8223)
  Batch 1180/1279 | Loss: 1.1451 (bce=0.0529 aux_ce=0.3098 domain_ce=0.9683)
  Batch 1190/1279 | Loss: 0.9924 (bce=0.1460 aux_ce=0.2503 domain_ce=0.7463)
  Batch 1200/1279 | Loss: 0.6931 (bce=0.0579 aux_ce=0.1628 domain_ce=0.5701)
  Batch 1210/1279 | Loss: 0.6494 (bce=0.0283 aux_ce=0.2295 domain_ce=0.5293)
  Batch 1220/1279 | Loss: 1.0801 (bce=0.0341 aux_ce=0.1865 domain_ce=0.9714)
  Batch 1230/1279 | Loss: 2.2202 (bce=1.1167 aux_ce=1.0822 domain_ce=0.6707)
  Batch 1240/1279 | Loss: 0.9242 (bce=0.0353 aux_ce=0.1694 domain_ce=0.8211)
  Batch 1250/1279 | Loss: 1.0267 (bce=0.1884 aux_ce=0.1381 domain_ce=0.7830)
  Batch 1260/1279 | Loss: 0.8197 (bce=0.0409 aux_ce=0.0584 domain_ce=0.7554)
  Batch 1270/1279 | Loss: 1.4742 (bce=0.4175 aux_ce=0.2778 domain_ce=0.9457)
Epoch 3 | Train Loss: 1.1535 | Train Acc: 0.9394 | Val AUC: 0.9838 | Domain Acc: 0.6722 (chance=0.333, lambda=0.139)
Saved checkpoint: models\stageA_checkpoint_epoch3.pth
  No improvement for 1/5 epochs
  Batch 10/1279 | Loss: 1.4456 (bce=0.6337 aux_ce=0.6741 domain_ce=0.5422)
  Batch 20/1279 | Loss: 0.9924 (bce=0.0190 aux_ce=0.5364 domain_ce=0.7589)
  Batch 30/1279 | Loss: 2.1074 (bce=0.9166 aux_ce=1.0207 domain_ce=0.7826)
  Batch 40/1279 | Loss: 0.6828 (bce=0.0266 aux_ce=0.1213 domain_ce=0.6077)
  Batch 50/1279 | Loss: 1.0854 (bce=0.2290 aux_ce=0.1673 domain_ce=0.7894)
  Batch 60/1279 | Loss: 1.4339 (bce=0.0077 aux_ce=0.8087 domain_ce=1.1028)
  Batch 70/1279 | Loss: 0.6907 (bce=0.0270 aux_ce=0.1127 domain_ce=0.6187)
  Batch 80/1279 | Loss: 1.0572 (bce=0.0451 aux_ce=0.4412 domain_ce=0.8356)
  Batch 90/1279 | Loss: 1.1442 (bce=0.3258 aux_ce=0.1639 domain_ce=0.7528)
  Batch 100/1279 | Loss: 1.1888 (bce=0.2515 aux_ce=0.1930 domain_ce=0.8601)
  Batch 110/1279 | Loss: 0.6050 (bce=0.2747 aux_ce=0.1972 domain_ce=0.2514)
  Batch 120/1279 | Loss: 1.4716 (bce=0.7275 aux_ce=0.4056 domain_ce=0.5818)
  Batch 130/1279 | Loss: 0.8500 (bce=0.1865 aux_ce=0.1832 domain_ce=0.5903)
  Batch 140/1279 | Loss: 0.7748 (bce=0.0733 aux_ce=0.3040 domain_ce=0.5799)
  Batch 150/1279 | Loss: 0.9076 (bce=0.0201 aux_ce=0.0969 domain_ce=0.8487)
  Batch 160/1279 | Loss: 0.7476 (bce=0.0619 aux_ce=0.1201 domain_ce=0.6377)
  Batch 170/1279 | Loss: 0.7131 (bce=0.3070 aux_ce=0.3130 domain_ce=0.2810)
  Batch 180/1279 | Loss: 1.4407 (bce=0.5376 aux_ce=0.3307 domain_ce=0.7708)
  Batch 190/1279 | Loss: 0.9319 (bce=0.1366 aux_ce=0.4165 domain_ce=0.6287)
  Batch 200/1279 | Loss: 0.8336 (bce=0.0276 aux_ce=0.0632 domain_ce=0.7807)
  Batch 210/1279 | Loss: 0.5372 (bce=0.0316 aux_ce=0.3211 domain_ce=0.3772)
  Batch 220/1279 | Loss: 1.0882 (bce=0.0444 aux_ce=0.0402 domain_ce=1.0276)
  Batch 230/1279 | Loss: 1.2454 (bce=0.4647 aux_ce=0.4324 domain_ce=0.6078)
  Batch 240/1279 | Loss: 0.8490 (bce=0.0679 aux_ce=0.0636 domain_ce=0.7557)
  Batch 250/1279 | Loss: 1.3023 (bce=0.0634 aux_ce=0.1356 domain_ce=1.1847)
  Batch 260/1279 | Loss: 1.0614 (bce=0.0818 aux_ce=0.1045 domain_ce=0.9379)
  Batch 270/1279 | Loss: 0.8559 (bce=0.0411 aux_ce=0.0717 domain_ce=0.7861)
  Batch 280/1279 | Loss: 0.8102 (bce=0.0531 aux_ce=0.0750 domain_ce=0.7272)
  Batch 290/1279 | Loss: 3.0549 (bce=1.6180 aux_ce=1.3599 domain_ce=0.8929)
  Batch 300/1279 | Loss: 1.5965 (bce=0.9218 aux_ce=0.4554 domain_ce=0.4925)
  Batch 310/1279 | Loss: 0.8874 (bce=0.0629 aux_ce=0.1131 domain_ce=0.7793)
  Batch 320/1279 | Loss: 1.2558 (bce=0.0341 aux_ce=0.0707 domain_ce=1.1935)
  Batch 330/1279 | Loss: 0.5804 (bce=0.1827 aux_ce=0.1328 domain_ce=0.3446)
  Batch 340/1279 | Loss: 1.2485 (bce=0.2198 aux_ce=0.2088 domain_ce=0.9452)
  Batch 350/1279 | Loss: 0.7697 (bce=0.0708 aux_ce=0.1179 domain_ce=0.6517)
  Batch 360/1279 | Loss: 1.2713 (bce=0.5534 aux_ce=0.4775 domain_ce=0.5268)
  Batch 370/1279 | Loss: 2.0382 (bce=1.2721 aux_ce=0.5985 domain_ce=0.5266)
  Batch 380/1279 | Loss: 0.8720 (bce=0.0415 aux_ce=0.5909 domain_ce=0.5941)
  Batch 390/1279 | Loss: 0.7588 (bce=0.0281 aux_ce=0.2556 domain_ce=0.6285)
  Batch 400/1279 | Loss: 0.5402 (bce=0.0456 aux_ce=0.2509 domain_ce=0.3943)
  Batch 410/1279 | Loss: 1.2260 (bce=0.1562 aux_ce=0.0945 domain_ce=1.0320)
  Batch 420/1279 | Loss: 0.8286 (bce=0.0119 aux_ce=0.0880 domain_ce=0.7815)
  Batch 430/1279 | Loss: 0.6591 (bce=0.0245 aux_ce=0.0681 domain_ce=0.6073)
  Batch 440/1279 | Loss: 1.0265 (bce=0.0637 aux_ce=0.4680 domain_ce=0.7755)
  Batch 450/1279 | Loss: 0.6910 (bce=0.0473 aux_ce=0.2434 domain_ce=0.5463)
  Batch 460/1279 | Loss: 0.7006 (bce=0.1024 aux_ce=0.1368 domain_ce=0.5435)
  Batch 470/1279 | Loss: 0.6059 (bce=0.0534 aux_ce=0.0530 domain_ce=0.5313)
  Batch 480/1279 | Loss: 0.6279 (bce=0.0341 aux_ce=0.3092 domain_ce=0.4702)
  Batch 490/1279 | Loss: 0.7956 (bce=0.0976 aux_ce=0.1613 domain_ce=0.6335)
  Batch 500/1279 | Loss: 2.2899 (bce=0.8402 aux_ce=0.6064 domain_ce=1.2071)
  Batch 510/1279 | Loss: 0.9142 (bce=0.1000 aux_ce=0.2111 domain_ce=0.7298)
  Batch 520/1279 | Loss: 1.0014 (bce=0.1145 aux_ce=0.0596 domain_ce=0.8630)
  Batch 530/1279 | Loss: 1.2534 (bce=0.0911 aux_ce=0.0727 domain_ce=1.1333)
  Batch 540/1279 | Loss: 0.8866 (bce=0.0368 aux_ce=0.3400 domain_ce=0.7138)
  Batch 550/1279 | Loss: 0.9571 (bce=0.0952 aux_ce=0.1274 domain_ce=0.8110)
  Batch 560/1279 | Loss: 0.9502 (bce=0.0562 aux_ce=0.0578 domain_ce=0.8709)
  Batch 570/1279 | Loss: 0.7870 (bce=0.2407 aux_ce=0.2743 domain_ce=0.4366)
  Batch 580/1279 | Loss: 0.8143 (bce=0.1133 aux_ce=0.4562 domain_ce=0.5186)
  Batch 590/1279 | Loss: 0.6398 (bce=0.0405 aux_ce=0.3308 domain_ce=0.4670)
  Batch 600/1279 | Loss: 0.5422 (bce=0.0081 aux_ce=0.0494 domain_ce=0.5144)
  Batch 610/1279 | Loss: 1.2969 (bce=0.0389 aux_ce=0.4781 domain_ce=1.0668)
  Batch 620/1279 | Loss: 0.6114 (bce=0.0538 aux_ce=0.2464 domain_ce=0.4590)
  Batch 630/1279 | Loss: 0.7622 (bce=0.0346 aux_ce=0.3929 domain_ce=0.5705)
  Batch 640/1279 | Loss: 0.4506 (bce=0.0247 aux_ce=0.3524 domain_ce=0.2849)
  Batch 650/1279 | Loss: 0.6063 (bce=0.0432 aux_ce=0.1088 domain_ce=0.5196)
  Batch 660/1279 | Loss: 2.3825 (bce=0.8729 aux_ce=1.2158 domain_ce=1.0233)
  Batch 670/1279 | Loss: 1.1090 (bce=0.1385 aux_ce=0.3962 domain_ce=0.8121)
  Batch 680/1279 | Loss: 1.4472 (bce=0.8782 aux_ce=0.5754 domain_ce=0.3389)
  Batch 690/1279 | Loss: 0.7441 (bce=0.0578 aux_ce=0.0600 domain_ce=0.6623)
  Batch 700/1279 | Loss: 0.7434 (bce=0.0615 aux_ce=0.0208 domain_ce=0.6736)
  Batch 710/1279 | Loss: 1.0565 (bce=0.1936 aux_ce=0.5397 domain_ce=0.6470)
  Batch 720/1279 | Loss: 0.6488 (bce=0.0268 aux_ce=0.0202 domain_ce=0.6139)
  Batch 730/1279 | Loss: 1.0918 (bce=0.1832 aux_ce=0.0963 domain_ce=0.8700)
  Batch 740/1279 | Loss: 1.0994 (bce=0.0122 aux_ce=0.2489 domain_ce=0.9877)
  Batch 750/1279 | Loss: 1.7111 (bce=0.7040 aux_ce=0.6149 domain_ce=0.7610)
  Batch 760/1279 | Loss: 1.1831 (bce=0.2863 aux_ce=0.3945 domain_ce=0.7390)
  Batch 770/1279 | Loss: 0.9080 (bce=0.0648 aux_ce=0.4324 domain_ce=0.6702)
  Batch 780/1279 | Loss: 0.6769 (bce=0.0109 aux_ce=0.0873 domain_ce=0.6310)
  Batch 790/1279 | Loss: 0.9859 (bce=0.0234 aux_ce=0.0345 domain_ce=0.9487)
  Batch 800/1279 | Loss: 0.8110 (bce=0.0603 aux_ce=0.0498 domain_ce=0.7308)
  Batch 810/1279 | Loss: 0.7283 (bce=0.0237 aux_ce=0.1209 domain_ce=0.6562)
  Batch 820/1279 | Loss: 0.6323 (bce=0.0273 aux_ce=0.2024 domain_ce=0.5240)
  Batch 830/1279 | Loss: 2.8054 (bce=1.6924 aux_ce=0.7061 domain_ce=0.8306)
  Batch 840/1279 | Loss: 0.7417 (bce=0.3439 aux_ce=0.3942 domain_ce=0.2402)
  Batch 850/1279 | Loss: 0.5154 (bce=0.0157 aux_ce=0.1702 domain_ce=0.4317)
  Batch 860/1279 | Loss: 0.4721 (bce=0.0251 aux_ce=0.0204 domain_ce=0.4389)
  Batch 870/1279 | Loss: 0.9420 (bce=0.1587 aux_ce=0.3434 domain_ce=0.6460)
  Batch 880/1279 | Loss: 0.8307 (bce=0.0211 aux_ce=0.2038 domain_ce=0.7281)
  Batch 890/1279 | Loss: 0.7299 (bce=0.0115 aux_ce=0.2954 domain_ce=0.6002)
  Batch 900/1279 | Loss: 0.8627 (bce=0.0375 aux_ce=0.1131 domain_ce=0.7800)
  Batch 910/1279 | Loss: 0.8841 (bce=0.1691 aux_ce=0.1648 domain_ce=0.6490)
  Batch 920/1279 | Loss: 2.3998 (bce=1.4253 aux_ce=1.0465 domain_ce=0.5560)
  Batch 930/1279 | Loss: 0.6460 (bce=0.0114 aux_ce=0.0373 domain_ce=0.6197)
  Batch 940/1279 | Loss: 1.1322 (bce=0.1552 aux_ce=0.2512 domain_ce=0.8765)
  Batch 950/1279 | Loss: 0.9918 (bce=0.0292 aux_ce=0.4566 domain_ce=0.7799)
  Batch 960/1279 | Loss: 0.8964 (bce=0.2832 aux_ce=0.2065 domain_ce=0.5306)
  Batch 970/1279 | Loss: 0.6465 (bce=0.0384 aux_ce=0.1320 domain_ce=0.5553)
  Batch 980/1279 | Loss: 0.8981 (bce=0.0071 aux_ce=0.0586 domain_ce=0.8676)
  Batch 990/1279 | Loss: 1.9925 (bce=0.8071 aux_ce=1.4552 domain_ce=0.6033)
  Batch 1000/1279 | Loss: 0.5037 (bce=0.0451 aux_ce=0.3065 domain_ce=0.3359)
  Batch 1010/1279 | Loss: 0.7214 (bce=0.0537 aux_ce=0.0573 domain_ce=0.6448)
  Batch 1020/1279 | Loss: 0.9921 (bce=0.0969 aux_ce=0.1179 domain_ce=0.8481)
  Batch 1030/1279 | Loss: 0.6731 (bce=0.1191 aux_ce=0.1137 domain_ce=0.5085)
  Batch 1040/1279 | Loss: 1.4467 (bce=0.1041 aux_ce=1.3361 domain_ce=0.8082)
  Batch 1050/1279 | Loss: 0.7171 (bce=0.0895 aux_ce=0.1001 domain_ce=0.5876)
  Batch 1060/1279 | Loss: 0.5715 (bce=0.0253 aux_ce=0.1720 domain_ce=0.4773)
  Batch 1070/1279 | Loss: 0.8621 (bce=0.0290 aux_ce=0.6628 domain_ce=0.5679)
  Batch 1080/1279 | Loss: 0.9703 (bce=0.0125 aux_ce=0.1127 domain_ce=0.9128)
  Batch 1090/1279 | Loss: 0.9806 (bce=0.3503 aux_ce=0.3932 domain_ce=0.4729)
  Batch 1100/1279 | Loss: 2.3471 (bce=1.4277 aux_ce=0.6874 domain_ce=0.6444)
  Batch 1110/1279 | Loss: 1.4558 (bce=0.2109 aux_ce=0.1412 domain_ce=1.1884)
  Batch 1120/1279 | Loss: 1.0943 (bce=0.0406 aux_ce=0.5089 domain_ce=0.8501)
  Batch 1130/1279 | Loss: 0.7041 (bce=0.0331 aux_ce=0.3377 domain_ce=0.5360)
  Batch 1140/1279 | Loss: 1.0532 (bce=0.1467 aux_ce=0.0852 domain_ce=0.8724)
  Batch 1150/1279 | Loss: 0.9658 (bce=0.0895 aux_ce=0.0839 domain_ce=0.8428)
  Batch 1160/1279 | Loss: 1.3018 (bce=0.0166 aux_ce=0.7709 domain_ce=0.9768)
  Batch 1170/1279 | Loss: 1.7302 (bce=0.6396 aux_ce=0.2633 domain_ce=0.9853)
  Batch 1180/1279 | Loss: 1.6927 (bce=0.9825 aux_ce=0.7216 domain_ce=0.4215)
  Batch 1190/1279 | Loss: 0.7683 (bce=0.2418 aux_ce=0.1668 domain_ce=0.4597)
  Batch 1200/1279 | Loss: 0.5793 (bce=0.1685 aux_ce=0.2203 domain_ce=0.3228)
  Batch 1210/1279 | Loss: 1.3191 (bce=0.6249 aux_ce=0.4624 domain_ce=0.5092)
  Batch 1220/1279 | Loss: 1.1417 (bce=0.1525 aux_ce=0.2010 domain_ce=0.9088)
  Batch 1230/1279 | Loss: 1.0483 (bce=0.0853 aux_ce=0.7599 domain_ce=0.6590)
  Batch 1240/1279 | Loss: 0.9896 (bce=0.0289 aux_ce=0.4936 domain_ce=0.7632)
  Batch 1250/1279 | Loss: 0.8960 (bce=0.0858 aux_ce=0.0523 domain_ce=0.7893)
  Batch 1260/1279 | Loss: 0.6159 (bce=0.0325 aux_ce=0.0237 domain_ce=0.5740)
  Batch 1270/1279 | Loss: 1.4471 (bce=0.2453 aux_ce=0.7865 domain_ce=0.8872)
Epoch 4 | Train Loss: 1.0406 | Train Acc: 0.9515 | Val AUC: 0.9861 | Domain Acc: 0.6949 (chance=0.333, lambda=0.175)
Saved checkpoint: models\stageA_checkpoint_epoch4.pth
  New best val AUC: 0.9861 - saved stageA_best_model.pth
  Batch 10/1279 | Loss: 0.7135 (bce=0.0409 aux_ce=0.0239 domain_ce=0.6631)
  Batch 20/1279 | Loss: 0.5023 (bce=0.0722 aux_ce=0.1744 domain_ce=0.3604)
  Batch 30/1279 | Loss: 0.6198 (bce=0.0244 aux_ce=0.2767 domain_ce=0.4847)
  Batch 40/1279 | Loss: 0.8105 (bce=0.0261 aux_ce=0.0650 domain_ce=0.7585)
  Batch 50/1279 | Loss: 1.3174 (bce=0.3866 aux_ce=0.8958 domain_ce=0.5725)
  Batch 60/1279 | Loss: 0.6072 (bce=0.0692 aux_ce=0.0696 domain_ce=0.5101)
  Batch 70/1279 | Loss: 1.6200 (bce=0.2598 aux_ce=0.1423 domain_ce=1.3033)
  Batch 80/1279 | Loss: 1.1441 (bce=0.1944 aux_ce=0.1249 domain_ce=0.8997)
  Batch 90/1279 | Loss: 0.7742 (bce=0.0435 aux_ce=0.0299 domain_ce=0.7187)
  Batch 100/1279 | Loss: 1.1155 (bce=0.0364 aux_ce=0.2445 domain_ce=0.9813)
  Batch 110/1279 | Loss: 1.1648 (bce=0.1193 aux_ce=0.2635 domain_ce=0.9401)
  Batch 120/1279 | Loss: 0.9222 (bce=0.0184 aux_ce=0.4786 domain_ce=0.7123)
  Batch 130/1279 | Loss: 1.0470 (bce=0.0303 aux_ce=0.2780 domain_ce=0.9055)
  Batch 140/1279 | Loss: 2.0610 (bce=0.8962 aux_ce=0.4302 domain_ce=0.9926)
  Batch 150/1279 | Loss: 0.8056 (bce=0.0399 aux_ce=0.1951 domain_ce=0.6876)
  Batch 160/1279 | Loss: 1.0292 (bce=0.0881 aux_ce=0.0986 domain_ce=0.9016)
  Batch 170/1279 | Loss: 1.0090 (bce=0.0639 aux_ce=0.0945 domain_ce=0.9073)
  Batch 180/1279 | Loss: 1.4121 (bce=0.5161 aux_ce=0.7819 domain_ce=0.5832)
  Batch 190/1279 | Loss: 0.6790 (bce=0.0409 aux_ce=0.0292 domain_ce=0.6264)
  Batch 200/1279 | Loss: 1.3321 (bce=0.0455 aux_ce=0.6193 domain_ce=1.0390)
  Batch 210/1279 | Loss: 1.2584 (bce=0.0239 aux_ce=0.0448 domain_ce=1.2166)
  Batch 220/1279 | Loss: 1.2617 (bce=0.2964 aux_ce=0.1504 domain_ce=0.9052)
  Batch 230/1279 | Loss: 1.8387 (bce=0.6673 aux_ce=0.5532 domain_ce=0.9502)
  Batch 240/1279 | Loss: 1.8401 (bce=0.7553 aux_ce=0.5441 domain_ce=0.8671)
  Batch 250/1279 | Loss: 0.6396 (bce=0.1091 aux_ce=0.1992 domain_ce=0.4508)
  Batch 260/1279 | Loss: 0.8876 (bce=0.1071 aux_ce=0.1512 domain_ce=0.7201)
  Batch 270/1279 | Loss: 0.5590 (bce=0.0352 aux_ce=0.1359 domain_ce=0.4695)
  Batch 280/1279 | Loss: 0.8549 (bce=0.0210 aux_ce=0.1163 domain_ce=0.7873)
  Batch 290/1279 | Loss: 1.3180 (bce=0.0574 aux_ce=0.4223 domain_ce=1.0917)
  Batch 300/1279 | Loss: 0.8319 (bce=0.0527 aux_ce=0.0330 domain_ce=0.7660)
  Batch 310/1279 | Loss: 0.5949 (bce=0.0236 aux_ce=0.0483 domain_ce=0.5519)
  Batch 320/1279 | Loss: 0.6388 (bce=0.0139 aux_ce=0.1143 domain_ce=0.5791)
  Batch 330/1279 | Loss: 0.9237 (bce=0.2730 aux_ce=0.1491 domain_ce=0.5910)
  Batch 340/1279 | Loss: 0.8470 (bce=0.0289 aux_ce=0.3004 domain_ce=0.6980)
  Batch 350/1279 | Loss: 0.8338 (bce=0.0708 aux_ce=0.5391 domain_ce=0.5474)
  Batch 360/1279 | Loss: 1.5989 (bce=0.4637 aux_ce=0.3780 domain_ce=0.9840)
  Batch 370/1279 | Loss: 0.6476 (bce=0.0512 aux_ce=0.0598 domain_ce=0.5725)
  Batch 380/1279 | Loss: 0.5413 (bce=0.0121 aux_ce=0.0528 domain_ce=0.5081)
  Batch 390/1279 | Loss: 1.0019 (bce=0.0112 aux_ce=0.5290 domain_ce=0.7792)
  Batch 400/1279 | Loss: 0.6675 (bce=0.0508 aux_ce=0.0656 domain_ce=0.5904)
  Batch 410/1279 | Loss: 0.3986 (bce=0.0191 aux_ce=0.1246 domain_ce=0.3296)
  Batch 420/1279 | Loss: 0.7204 (bce=0.0150 aux_ce=0.0315 domain_ce=0.6928)
  Batch 430/1279 | Loss: 0.6637 (bce=0.1152 aux_ce=0.3859 domain_ce=0.3941)
  Batch 440/1279 | Loss: 0.8519 (bce=0.0135 aux_ce=0.0342 domain_ce=0.8247)
  Batch 450/1279 | Loss: 1.1610 (bce=0.2101 aux_ce=0.2750 domain_ce=0.8409)
  Batch 460/1279 | Loss: 2.3346 (bce=1.2899 aux_ce=0.5484 domain_ce=0.8254)
  Batch 470/1279 | Loss: 1.3553 (bce=0.0248 aux_ce=0.4746 domain_ce=1.1407)
  Batch 480/1279 | Loss: 1.0765 (bce=0.0155 aux_ce=0.0626 domain_ce=1.0360)
  Batch 490/1279 | Loss: 0.5462 (bce=0.0347 aux_ce=0.0487 domain_ce=0.4920)
  Batch 500/1279 | Loss: 0.7259 (bce=0.0533 aux_ce=0.0450 domain_ce=0.6546)
  Batch 510/1279 | Loss: 2.1623 (bce=0.9597 aux_ce=1.1126 domain_ce=0.7575)
  Batch 520/1279 | Loss: 0.8557 (bce=0.1637 aux_ce=0.1478 domain_ce=0.6329)
  Batch 530/1279 | Loss: 0.6807 (bce=0.0781 aux_ce=0.0387 domain_ce=0.5872)
  Batch 540/1279 | Loss: 1.1352 (bce=0.0243 aux_ce=0.1220 domain_ce=1.0621)
  Batch 550/1279 | Loss: 0.8998 (bce=0.1235 aux_ce=0.1310 domain_ce=0.7238)
  Batch 560/1279 | Loss: 2.3294 (bce=1.4321 aux_ce=0.9288 domain_ce=0.5257)
  Batch 570/1279 | Loss: 0.8675 (bce=0.0657 aux_ce=0.1595 domain_ce=0.7379)
  Batch 580/1279 | Loss: 0.7499 (bce=0.2264 aux_ce=0.1211 domain_ce=0.4750)
  Batch 590/1279 | Loss: 0.7562 (bce=0.0518 aux_ce=0.1388 domain_ce=0.6489)
  Batch 600/1279 | Loss: 1.7921 (bce=0.7368 aux_ce=0.4105 domain_ce=0.8911)
  Batch 610/1279 | Loss: 0.7457 (bce=0.1705 aux_ce=0.1110 domain_ce=0.5309)
  Batch 620/1279 | Loss: 0.7206 (bce=0.1135 aux_ce=0.0989 domain_ce=0.5675)
  Batch 630/1279 | Loss: 0.8805 (bce=0.1034 aux_ce=0.0315 domain_ce=0.7645)
  Batch 640/1279 | Loss: 1.4130 (bce=0.2819 aux_ce=0.2248 domain_ce=1.0412)
  Batch 650/1279 | Loss: 0.7974 (bce=0.0325 aux_ce=0.0228 domain_ce=0.7558)
  Batch 660/1279 | Loss: 2.8924 (bce=1.6403 aux_ce=1.1299 domain_ce=0.8002)
  Batch 670/1279 | Loss: 0.9628 (bce=0.2123 aux_ce=0.5099 domain_ce=0.5465)
  Batch 680/1279 | Loss: 0.6191 (bce=0.1498 aux_ce=0.2977 domain_ce=0.3503)
  Batch 690/1279 | Loss: 0.7462 (bce=0.1087 aux_ce=0.2850 domain_ce=0.5235)
  Batch 700/1279 | Loss: 0.8497 (bce=0.0823 aux_ce=0.2248 domain_ce=0.6775)
  Batch 710/1279 | Loss: 0.9905 (bce=0.1195 aux_ce=0.0572 domain_ce=0.8481)
  Batch 720/1279 | Loss: 2.1811 (bce=1.3060 aux_ce=0.7943 domain_ce=0.5573)
  Batch 730/1279 | Loss: 2.3103 (bce=0.7451 aux_ce=0.5896 domain_ce=1.3293)
  Batch 740/1279 | Loss: 1.1785 (bce=0.0534 aux_ce=0.1243 domain_ce=1.0754)
  Batch 750/1279 | Loss: 1.2293 (bce=0.1609 aux_ce=0.4296 domain_ce=0.8966)
  Batch 760/1279 | Loss: 1.9613 (bce=0.2848 aux_ce=0.1160 domain_ce=1.6301)
  Batch 770/1279 | Loss: 1.1727 (bce=0.0598 aux_ce=0.1716 domain_ce=1.0443)
  Batch 780/1279 | Loss: 1.9884 (bce=0.4675 aux_ce=0.7956 domain_ce=1.2027)
  Batch 790/1279 | Loss: 1.6181 (bce=0.5583 aux_ce=0.2784 domain_ce=0.9484)
  Batch 800/1279 | Loss: 1.5129 (bce=0.0379 aux_ce=0.0816 domain_ce=1.4424)
  Batch 810/1279 | Loss: 1.6500 (bce=0.1874 aux_ce=0.1735 domain_ce=1.3932)
  Batch 820/1279 | Loss: 1.2929 (bce=0.1883 aux_ce=0.1496 domain_ce=1.0447)
  Batch 830/1279 | Loss: 0.7905 (bce=0.0469 aux_ce=0.2541 domain_ce=0.6420)
  Batch 840/1279 | Loss: 0.8455 (bce=0.0649 aux_ce=0.3603 domain_ce=0.6365)
  Batch 850/1279 | Loss: 0.9003 (bce=0.0424 aux_ce=0.1009 domain_ce=0.8176)
  Batch 860/1279 | Loss: 1.4723 (bce=0.0702 aux_ce=0.1627 domain_ce=1.3370)
  Batch 870/1279 | Loss: 0.8303 (bce=0.0448 aux_ce=0.1248 domain_ce=0.7355)
  Batch 880/1279 | Loss: 0.3724 (bce=0.0798 aux_ce=0.0789 domain_ce=0.2611)
  Batch 890/1279 | Loss: 0.7779 (bce=0.0368 aux_ce=0.0644 domain_ce=0.7153)
  Batch 900/1279 | Loss: 0.8378 (bce=0.0857 aux_ce=0.1675 domain_ce=0.6851)
  Batch 910/1279 | Loss: 0.7585 (bce=0.0664 aux_ce=0.0668 domain_ce=0.6654)
  Batch 920/1279 | Loss: 1.1336 (bce=0.3349 aux_ce=0.2805 domain_ce=0.6866)
  Batch 930/1279 | Loss: 0.6731 (bce=0.0244 aux_ce=0.0789 domain_ce=0.6172)
  Batch 940/1279 | Loss: 0.5782 (bce=0.0637 aux_ce=0.0513 domain_ce=0.4940)
  Batch 950/1279 | Loss: 0.6306 (bce=0.0549 aux_ce=0.1174 domain_ce=0.5287)
  Batch 960/1279 | Loss: 0.6603 (bce=0.1161 aux_ce=0.1278 domain_ce=0.4930)
  Batch 970/1279 | Loss: 1.1351 (bce=0.0674 aux_ce=0.2191 domain_ce=0.9800)
  Batch 980/1279 | Loss: 1.1328 (bce=0.5124 aux_ce=0.4645 domain_ce=0.4346)
  Batch 990/1279 | Loss: 1.6350 (bce=0.5099 aux_ce=1.0365 domain_ce=0.7105)
  Batch 1000/1279 | Loss: 1.0704 (bce=0.2308 aux_ce=0.0913 domain_ce=0.8030)
  Batch 1010/1279 | Loss: 1.3185 (bce=0.3998 aux_ce=0.6179 domain_ce=0.6716)
  Batch 1020/1279 | Loss: 0.9718 (bce=0.0503 aux_ce=0.3851 domain_ce=0.7675)
  Batch 1030/1279 | Loss: 0.8025 (bce=0.2590 aux_ce=0.2552 domain_ce=0.4414)
  Batch 1040/1279 | Loss: 1.3110 (bce=0.0877 aux_ce=1.0166 domain_ce=0.8167)
  Batch 1050/1279 | Loss: 1.2811 (bce=0.0453 aux_ce=0.3087 domain_ce=1.1123)
  Batch 1060/1279 | Loss: 0.8743 (bce=0.0261 aux_ce=0.2738 domain_ce=0.7387)
  Batch 1070/1279 | Loss: 0.9179 (bce=0.3040 aux_ce=0.2795 domain_ce=0.5021)
  Batch 1080/1279 | Loss: 0.8940 (bce=0.0394 aux_ce=0.0933 domain_ce=0.8172)
  Batch 1090/1279 | Loss: 0.8303 (bce=0.0174 aux_ce=0.1575 domain_ce=0.7500)
  Batch 1100/1279 | Loss: 0.8229 (bce=0.2686 aux_ce=0.1950 domain_ce=0.4763)
  Batch 1110/1279 | Loss: 0.8752 (bce=0.0374 aux_ce=0.0523 domain_ce=0.8169)
  Batch 1120/1279 | Loss: 0.6923 (bce=0.1322 aux_ce=0.1573 domain_ce=0.4972)
  Batch 1130/1279 | Loss: 1.1749 (bce=0.0083 aux_ce=0.0566 domain_ce=1.1439)
  Batch 1140/1279 | Loss: 0.4324 (bce=0.0162 aux_ce=0.1893 domain_ce=0.3404)
  Batch 1150/1279 | Loss: 0.7278 (bce=0.0169 aux_ce=0.0354 domain_ce=0.6967)
  Batch 1160/1279 | Loss: 1.5543 (bce=0.4451 aux_ce=0.6859 domain_ce=0.8349)
  Batch 1170/1279 | Loss: 0.7252 (bce=0.0132 aux_ce=0.2489 domain_ce=0.6125)
  Batch 1180/1279 | Loss: 0.9775 (bce=0.0205 aux_ce=0.1662 domain_ce=0.8906)
  Batch 1190/1279 | Loss: 0.9432 (bce=0.1500 aux_ce=0.0596 domain_ce=0.7694)
  Batch 1200/1279 | Loss: 1.3966 (bce=0.0455 aux_ce=0.0426 domain_ce=1.3341)
  Batch 1210/1279 | Loss: 2.0654 (bce=1.2685 aux_ce=0.5580 domain_ce=0.5737)
  Batch 1220/1279 | Loss: 1.4624 (bce=0.2036 aux_ce=0.4796 domain_ce=1.0669)
  Batch 1230/1279 | Loss: 0.5633 (bce=0.1762 aux_ce=0.1203 domain_ce=0.3390)
  Batch 1240/1279 | Loss: 2.0622 (bce=1.0928 aux_ce=0.7565 domain_ce=0.6668)
  Batch 1250/1279 | Loss: 0.6671 (bce=0.0706 aux_ce=0.0905 domain_ce=0.5603)
  Batch 1260/1279 | Loss: 0.7752 (bce=0.1052 aux_ce=0.1032 domain_ce=0.6287)
  Batch 1270/1279 | Loss: 0.3634 (bce=0.0306 aux_ce=0.0390 domain_ce=0.3173)
Epoch 5 | Train Loss: 1.0910 | Train Acc: 0.9572 | Val AUC: 0.9796 | Domain Acc: 0.6445 (chance=0.333, lambda=0.205)
Saved checkpoint: models\stageA_checkpoint_epoch5.pth
  No improvement for 1/5 epochs
  Batch 10/1279 | Loss: 1.7333 (bce=0.0545 aux_ce=0.0460 domain_ce=1.6604)
  Batch 20/1279 | Loss: 1.0868 (bce=0.3190 aux_ce=0.3249 domain_ce=0.6379)
  Batch 30/1279 | Loss: 2.1770 (bce=1.4444 aux_ce=0.7451 domain_ce=0.4346)
  Batch 40/1279 | Loss: 0.8893 (bce=0.1842 aux_ce=0.1634 domain_ce=0.6398)
  Batch 50/1279 | Loss: 1.1567 (bce=0.0365 aux_ce=0.1098 domain_ce=1.0763)
  Batch 60/1279 | Loss: 0.7156 (bce=0.0218 aux_ce=0.1749 domain_ce=0.6239)
  Batch 70/1279 | Loss: 1.2710 (bce=0.2623 aux_ce=0.2132 domain_ce=0.9235)
  Batch 80/1279 | Loss: 1.0570 (bce=0.2578 aux_ce=0.2816 domain_ce=0.6866)
  Batch 90/1279 | Loss: 1.5185 (bce=0.5267 aux_ce=0.3559 domain_ce=0.8495)
  Batch 100/1279 | Loss: 0.9146 (bce=0.0493 aux_ce=0.6214 domain_ce=0.6167)
  Batch 110/1279 | Loss: 1.0466 (bce=0.1934 aux_ce=0.2172 domain_ce=0.7663)
  Batch 120/1279 | Loss: 1.2672 (bce=0.1720 aux_ce=0.2342 domain_ce=1.0016)
  Batch 130/1279 | Loss: 0.9257 (bce=0.2188 aux_ce=0.1464 domain_ce=0.6484)
  Batch 140/1279 | Loss: 0.8542 (bce=0.0894 aux_ce=0.0469 domain_ce=0.7460)
  Batch 150/1279 | Loss: 0.9990 (bce=0.0225 aux_ce=0.7864 domain_ce=0.6619)
  Batch 160/1279 | Loss: 0.8616 (bce=0.0420 aux_ce=0.2781 domain_ce=0.7084)
  Batch 170/1279 | Loss: 1.7715 (bce=0.0731 aux_ce=0.4448 domain_ce=1.5205)
  Batch 180/1279 | Loss: 1.4607 (bce=0.2517 aux_ce=0.1258 domain_ce=1.1587)
  Batch 190/1279 | Loss: 2.7257 (bce=1.3384 aux_ce=1.1982 domain_ce=0.9080)
  Batch 200/1279 | Loss: 1.0181 (bce=0.0661 aux_ce=0.1684 domain_ce=0.8846)
  Batch 210/1279 | Loss: 0.7805 (bce=0.0555 aux_ce=0.1049 domain_ce=0.6830)
  Batch 220/1279 | Loss: 1.0803 (bce=0.0587 aux_ce=0.1032 domain_ce=0.9804)
  Batch 230/1279 | Loss: 1.1056 (bce=0.2171 aux_ce=0.4433 domain_ce=0.7111)
  Batch 240/1279 | Loss: 1.2390 (bce=0.3133 aux_ce=0.5672 domain_ce=0.6988)
  Batch 250/1279 | Loss: 0.9474 (bce=0.1150 aux_ce=0.1712 domain_ce=0.7639)
  Batch 260/1279 | Loss: 0.8222 (bce=0.0704 aux_ce=0.0787 domain_ce=0.7203)
  Batch 270/1279 | Loss: 0.8579 (bce=0.1139 aux_ce=0.0874 domain_ce=0.7090)
  Batch 280/1279 | Loss: 1.0044 (bce=0.2753 aux_ce=0.2904 domain_ce=0.6129)
  Batch 290/1279 | Loss: 0.8526 (bce=0.0761 aux_ce=0.0412 domain_ce=0.7600)
  Batch 300/1279 | Loss: 0.9470 (bce=0.0402 aux_ce=0.0502 domain_ce=0.8867)
  Batch 310/1279 | Loss: 1.0286 (bce=0.0666 aux_ce=0.5059 domain_ce=0.7597)
  Batch 320/1279 | Loss: 0.9602 (bce=0.0106 aux_ce=0.1179 domain_ce=0.9025)
  Batch 330/1279 | Loss: 1.4007 (bce=0.2093 aux_ce=0.3588 domain_ce=1.0478)
  Batch 340/1279 | Loss: 0.6932 (bce=0.1188 aux_ce=0.0824 domain_ce=0.5414)
  Batch 350/1279 | Loss: 0.8731 (bce=0.0941 aux_ce=0.5288 domain_ce=0.5675)
  Batch 360/1279 | Loss: 0.8707 (bce=0.1624 aux_ce=0.0373 domain_ce=0.6934)
  Batch 370/1279 | Loss: 0.6691 (bce=0.0499 aux_ce=0.0683 domain_ce=0.5919)
  Batch 380/1279 | Loss: 0.9571 (bce=0.2875 aux_ce=0.2468 domain_ce=0.5709)
  Batch 390/1279 | Loss: 0.8621 (bce=0.0156 aux_ce=0.0380 domain_ce=0.8313)
  Batch 400/1279 | Loss: 1.4323 (bce=0.5229 aux_ce=0.9255 domain_ce=0.5392)
  Batch 410/1279 | Loss: 1.0336 (bce=0.0372 aux_ce=0.4942 domain_ce=0.7987)
  Batch 420/1279 | Loss: 0.6448 (bce=0.0654 aux_ce=0.1709 domain_ce=0.5110)
  Batch 430/1279 | Loss: 0.6794 (bce=0.0452 aux_ce=0.3616 domain_ce=0.4895)
  Batch 440/1279 | Loss: 1.0106 (bce=0.1407 aux_ce=0.3138 domain_ce=0.7444)
  Batch 450/1279 | Loss: 1.0397 (bce=0.1852 aux_ce=0.4335 domain_ce=0.6812)
  Batch 460/1279 | Loss: 1.0112 (bce=0.0560 aux_ce=0.1897 domain_ce=0.8793)
  Batch 470/1279 | Loss: 1.1018 (bce=0.2563 aux_ce=0.1616 domain_ce=0.7809)
  Batch 480/1279 | Loss: 0.7857 (bce=0.0584 aux_ce=0.0690 domain_ce=0.6997)
  Batch 490/1279 | Loss: 0.7013 (bce=0.1662 aux_ce=0.1365 domain_ce=0.4805)
  Batch 500/1279 | Loss: 0.7657 (bce=0.0397 aux_ce=0.0534 domain_ce=0.7046)
  Batch 510/1279 | Loss: 1.0220 (bce=0.0928 aux_ce=0.0750 domain_ce=0.8993)
  Batch 520/1279 | Loss: 0.8325 (bce=0.0267 aux_ce=0.0636 domain_ce=0.7803)
  Batch 530/1279 | Loss: 1.0307 (bce=0.5182 aux_ce=0.4771 domain_ce=0.3217)
  Batch 540/1279 | Loss: 1.0266 (bce=0.1159 aux_ce=0.2660 domain_ce=0.8042)
  Batch 550/1279 | Loss: 1.7991 (bce=0.6949 aux_ce=0.4814 domain_ce=0.9116)
  Batch 560/1279 | Loss: 2.0940 (bce=0.9345 aux_ce=0.5338 domain_ce=0.9460)
  Batch 570/1279 | Loss: 0.8219 (bce=0.0529 aux_ce=0.2457 domain_ce=0.6707)
  Batch 580/1279 | Loss: 0.4601 (bce=0.0184 aux_ce=0.0693 domain_ce=0.4139)
  Batch 590/1279 | Loss: 0.8854 (bce=0.0956 aux_ce=0.1560 domain_ce=0.7274)
  Batch 600/1279 | Loss: 0.9530 (bce=0.0287 aux_ce=0.1599 domain_ce=0.8603)
  Batch 610/1279 | Loss: 0.8097 (bce=0.0475 aux_ce=0.0457 domain_ce=0.7439)
  Batch 620/1279 | Loss: 1.2162 (bce=0.0261 aux_ce=0.2292 domain_ce=1.0984)
  Batch 630/1279 | Loss: 2.2878 (bce=1.0963 aux_ce=0.4274 domain_ce=1.0204)
  Batch 640/1279 | Loss: 0.8078 (bce=0.0118 aux_ce=0.1321 domain_ce=0.7432)
  Batch 650/1279 | Loss: 1.6256 (bce=0.4397 aux_ce=0.5049 domain_ce=0.9839)
  Batch 660/1279 | Loss: 1.0012 (bce=0.0149 aux_ce=0.0250 domain_ce=0.9763)
  Batch 670/1279 | Loss: 1.0899 (bce=0.2271 aux_ce=0.1324 domain_ce=0.8099)
  Batch 680/1279 | Loss: 1.0037 (bce=0.0261 aux_ce=0.4178 domain_ce=0.8105)
  Batch 690/1279 | Loss: 1.2828 (bce=0.1639 aux_ce=0.1095 domain_ce=1.0751)
  Batch 700/1279 | Loss: 0.6244 (bce=0.0217 aux_ce=0.0464 domain_ce=0.5841)
  Batch 710/1279 | Loss: 0.7699 (bce=0.0568 aux_ce=0.3275 domain_ce=0.5821)
  Batch 720/1279 | Loss: 1.0726 (bce=0.0231 aux_ce=0.3898 domain_ce=0.8935)
  Batch 730/1279 | Loss: 0.8421 (bce=0.0252 aux_ce=0.0738 domain_ce=0.7874)
  Batch 740/1279 | Loss: 0.8608 (bce=0.1954 aux_ce=0.0941 domain_ce=0.6277)
  Batch 750/1279 | Loss: 1.0704 (bce=0.0709 aux_ce=0.5700 domain_ce=0.7715)
  Batch 760/1279 | Loss: 0.7197 (bce=0.0886 aux_ce=0.1150 domain_ce=0.5850)
  Batch 770/1279 | Loss: 1.9660 (bce=0.7009 aux_ce=0.7359 domain_ce=0.9707)
  Batch 780/1279 | Loss: 1.1085 (bce=0.2223 aux_ce=0.2402 domain_ce=0.7901)
  Batch 790/1279 | Loss: 1.3899 (bce=0.1456 aux_ce=0.0842 domain_ce=1.2106)
  Batch 800/1279 | Loss: 0.9579 (bce=0.1081 aux_ce=0.0580 domain_ce=0.8266)
  Batch 810/1279 | Loss: 1.1542 (bce=0.0311 aux_ce=0.7233 domain_ce=0.8338)
  Batch 820/1279 | Loss: 1.2761 (bce=0.0686 aux_ce=0.3055 domain_ce=1.0853)
  Batch 830/1279 | Loss: 1.0282 (bce=0.2361 aux_ce=0.1122 domain_ce=0.7472)
  Batch 840/1279 | Loss: 0.9547 (bce=0.0706 aux_ce=0.0700 domain_ce=0.8561)
  Batch 850/1279 | Loss: 1.1544 (bce=0.0744 aux_ce=0.0385 domain_ce=1.0645)
  Batch 860/1279 | Loss: 0.7222 (bce=0.0193 aux_ce=0.3050 domain_ce=0.5809)
  Batch 870/1279 | Loss: 0.8387 (bce=0.0142 aux_ce=0.0347 domain_ce=0.8105)
  Batch 880/1279 | Loss: 1.1482 (bce=0.1095 aux_ce=0.1556 domain_ce=0.9765)
  Batch 890/1279 | Loss: 0.6723 (bce=0.0306 aux_ce=0.0350 domain_ce=0.6276)
  Batch 900/1279 | Loss: 1.0364 (bce=0.1566 aux_ce=0.1499 domain_ce=0.8198)
  Batch 910/1279 | Loss: 0.8593 (bce=0.0223 aux_ce=0.0225 domain_ce=0.8280)
  Batch 920/1279 | Loss: 1.4567 (bce=0.2230 aux_ce=0.1996 domain_ce=1.1538)
  Batch 930/1279 | Loss: 0.9570 (bce=0.0912 aux_ce=0.0725 domain_ce=0.8369)
  Batch 940/1279 | Loss: 1.6524 (bce=0.0192 aux_ce=0.0074 domain_ce=1.6302)
  Batch 950/1279 | Loss: 1.1039 (bce=0.0221 aux_ce=0.0484 domain_ce=1.0624)
  Batch 960/1279 | Loss: 0.9035 (bce=0.0112 aux_ce=0.1024 domain_ce=0.8513)
  Batch 970/1279 | Loss: 1.1857 (bce=0.0170 aux_ce=0.0546 domain_ce=1.1468)
  Batch 980/1279 | Loss: 1.1841 (bce=0.0297 aux_ce=0.5134 domain_ce=0.9491)
  Batch 990/1279 | Loss: 0.7361 (bce=0.0917 aux_ce=0.0589 domain_ce=0.6208)
  Batch 1000/1279 | Loss: 0.4837 (bce=0.0085 aux_ce=0.2091 domain_ce=0.3917)
  Batch 1010/1279 | Loss: 0.7632 (bce=0.0604 aux_ce=0.0896 domain_ce=0.6669)
  Batch 1020/1279 | Loss: 0.9809 (bce=0.0167 aux_ce=0.0938 domain_ce=0.9267)
  Batch 1030/1279 | Loss: 1.0964 (bce=0.0676 aux_ce=0.0506 domain_ce=1.0086)
  Batch 1040/1279 | Loss: 1.4910 (bce=0.5490 aux_ce=0.4375 domain_ce=0.7670)
  Batch 1050/1279 | Loss: 1.2601 (bce=0.0697 aux_ce=0.0455 domain_ce=1.1722)
  Batch 1060/1279 | Loss: 0.7279 (bce=0.0302 aux_ce=0.0487 domain_ce=0.6782)
  Batch 1070/1279 | Loss: 1.1712 (bce=0.0232 aux_ce=0.0125 domain_ce=1.1430)
  Batch 1080/1279 | Loss: 0.6125 (bce=0.1806 aux_ce=0.1687 domain_ce=0.3644)
  Batch 1090/1279 | Loss: 1.3928 (bce=0.0241 aux_ce=0.5321 domain_ce=1.1558)
  Batch 1100/1279 | Loss: 0.8360 (bce=0.1434 aux_ce=0.2407 domain_ce=0.5963)
  Batch 1110/1279 | Loss: 0.9815 (bce=0.0312 aux_ce=0.0156 domain_ce=0.9441)
  Batch 1120/1279 | Loss: 0.8938 (bce=0.0159 aux_ce=0.3017 domain_ce=0.7573)
  Batch 1130/1279 | Loss: 0.9375 (bce=0.0978 aux_ce=0.3394 domain_ce=0.7040)
  Batch 1140/1279 | Loss: 1.5416 (bce=0.0510 aux_ce=0.9765 domain_ce=1.1001)
  Batch 1150/1279 | Loss: 1.8030 (bce=0.7398 aux_ce=0.4461 domain_ce=0.8848)
  Batch 1160/1279 | Loss: 1.5501 (bce=0.7328 aux_ce=0.4437 domain_ce=0.6398)
  Batch 1170/1279 | Loss: 1.1598 (bce=0.0159 aux_ce=0.0582 domain_ce=1.1206)
  Batch 1180/1279 | Loss: 0.7897 (bce=0.0363 aux_ce=0.0752 domain_ce=0.7233)
  Batch 1190/1279 | Loss: 0.6735 (bce=0.0661 aux_ce=0.0361 domain_ce=0.5930)
  Batch 1200/1279 | Loss: 1.0526 (bce=0.2856 aux_ce=0.2872 domain_ce=0.6522)
  Batch 1210/1279 | Loss: 0.8641 (bce=0.0346 aux_ce=0.0203 domain_ce=0.8214)
  Batch 1220/1279 | Loss: 1.2285 (bce=0.1691 aux_ce=0.1597 domain_ce=0.9956)
  Batch 1230/1279 | Loss: 0.7289 (bce=0.0348 aux_ce=0.3309 domain_ce=0.5618)
  Batch 1240/1279 | Loss: 1.9863 (bce=0.1810 aux_ce=1.4060 domain_ce=1.2429)
  Batch 1250/1279 | Loss: 0.6518 (bce=0.0491 aux_ce=0.2288 domain_ce=0.5112)
  Batch 1260/1279 | Loss: 1.3414 (bce=0.0602 aux_ce=1.5864 domain_ce=0.6467)
  Batch 1270/1279 | Loss: 1.3809 (bce=0.6610 aux_ce=0.3864 domain_ce=0.5653)
Epoch 6 | Train Loss: 1.0739 | Train Acc: 0.9609 | Val AUC: 0.9875 | Domain Acc: 0.6473 (chance=0.333, lambda=0.228)
Saved checkpoint: models\stageA_checkpoint_epoch6.pth
  New best val AUC: 0.9875 - saved stageA_best_model.pth
  Batch 10/1279 | Loss: 0.8176 (bce=0.1094 aux_ce=0.0926 domain_ce=0.6712)
  Batch 20/1279 | Loss: 1.0973 (bce=0.1555 aux_ce=0.1534 domain_ce=0.8805)
  Batch 30/1279 | Loss: 1.0229 (bce=0.0364 aux_ce=0.0377 domain_ce=0.9715)
  Batch 40/1279 | Loss: 0.7129 (bce=0.0508 aux_ce=0.1468 domain_ce=0.6034)
  Batch 50/1279 | Loss: 0.8869 (bce=0.0893 aux_ce=0.2388 domain_ce=0.7021)
  Batch 60/1279 | Loss: 0.8412 (bce=0.0362 aux_ce=0.4626 domain_ce=0.6200)
  Batch 70/1279 | Loss: 0.7334 (bce=0.0081 aux_ce=0.0706 domain_ce=0.6971)
  Batch 80/1279 | Loss: 0.8021 (bce=0.0125 aux_ce=0.0322 domain_ce=0.7768)
  Batch 90/1279 | Loss: 0.7649 (bce=0.0091 aux_ce=0.0608 domain_ce=0.7315)
  Batch 100/1279 | Loss: 0.9198 (bce=0.0180 aux_ce=0.0193 domain_ce=0.8940)
  Batch 110/1279 | Loss: 0.6676 (bce=0.0465 aux_ce=0.0679 domain_ce=0.5940)
  Batch 120/1279 | Loss: 1.0716 (bce=0.0207 aux_ce=0.0201 domain_ce=1.0429)
  Batch 130/1279 | Loss: 1.4289 (bce=0.3807 aux_ce=0.2478 domain_ce=0.9490)
  Batch 140/1279 | Loss: 0.7640 (bce=0.0372 aux_ce=0.0328 domain_ce=0.7137)
  Batch 150/1279 | Loss: 0.8787 (bce=0.0392 aux_ce=0.7845 domain_ce=0.5257)
  Batch 160/1279 | Loss: 0.8007 (bce=0.0199 aux_ce=0.0956 domain_ce=0.7426)
  Batch 170/1279 | Loss: 1.1484 (bce=0.0223 aux_ce=0.3751 domain_ce=0.9762)
  Batch 180/1279 | Loss: 0.5022 (bce=0.0167 aux_ce=0.1001 domain_ce=0.4455)
  Batch 190/1279 | Loss: 1.0282 (bce=0.0140 aux_ce=0.1812 domain_ce=0.9417)
  Batch 200/1279 | Loss: 1.0762 (bce=0.0214 aux_ce=0.1623 domain_ce=0.9899)
  Batch 210/1279 | Loss: 0.8588 (bce=0.0102 aux_ce=0.0875 domain_ce=0.8136)
  Batch 220/1279 | Loss: 1.1179 (bce=0.0703 aux_ce=0.0919 domain_ce=1.0108)
  Batch 230/1279 | Loss: 1.3488 (bce=0.0906 aux_ce=0.2253 domain_ce=1.1680)
  Batch 240/1279 | Loss: 1.4819 (bce=0.0320 aux_ce=0.1973 domain_ce=1.3710)
  Batch 250/1279 | Loss: 0.8541 (bce=0.0177 aux_ce=0.3453 domain_ce=0.6983)
  Batch 260/1279 | Loss: 0.9300 (bce=0.0144 aux_ce=0.3683 domain_ce=0.7683)
  Batch 270/1279 | Loss: 0.7801 (bce=0.0072 aux_ce=0.0970 domain_ce=0.7341)
  Batch 280/1279 | Loss: 1.6582 (bce=0.0152 aux_ce=0.0185 domain_ce=1.6355)
  Batch 290/1279 | Loss: 0.7884 (bce=0.0205 aux_ce=0.0827 domain_ce=0.7347)
  Batch 300/1279 | Loss: 0.7444 (bce=0.0514 aux_ce=0.0922 domain_ce=0.6561)
  Batch 310/1279 | Loss: 0.7961 (bce=0.0016 aux_ce=0.1401 domain_ce=0.7386)
  Batch 320/1279 | Loss: 1.5449 (bce=0.1294 aux_ce=1.1545 domain_ce=0.9537)
  Batch 330/1279 | Loss: 0.6842 (bce=0.0372 aux_ce=0.1540 domain_ce=0.5854)
  Batch 340/1279 | Loss: 1.0055 (bce=0.2895 aux_ce=0.3833 domain_ce=0.5627)
  Batch 350/1279 | Loss: 0.7641 (bce=0.0226 aux_ce=0.0271 domain_ce=0.7307)
  Batch 360/1279 | Loss: 1.1362 (bce=0.1741 aux_ce=0.1134 domain_ce=0.9167)
  Batch 370/1279 | Loss: 0.7524 (bce=0.0155 aux_ce=0.0398 domain_ce=0.7211)
  Batch 380/1279 | Loss: 1.0902 (bce=0.0242 aux_ce=0.0329 domain_ce=1.0529)
  Batch 390/1279 | Loss: 1.0491 (bce=0.0315 aux_ce=0.1821 domain_ce=0.9448)
  Batch 400/1279 | Loss: 1.1097 (bce=0.2364 aux_ce=0.1077 domain_ce=0.8302)
  Batch 410/1279 | Loss: 0.9171 (bce=0.0335 aux_ce=0.0862 domain_ce=0.8491)
  Batch 420/1279 | Loss: 2.8715 (bce=1.3573 aux_ce=1.9290 domain_ce=0.7426)
  Batch 430/1279 | Loss: 0.5864 (bce=0.0093 aux_ce=0.1566 domain_ce=0.5145)
  Batch 440/1279 | Loss: 1.0249 (bce=0.0584 aux_ce=0.1850 domain_ce=0.8925)
  Batch 450/1279 | Loss: 1.1101 (bce=0.0728 aux_ce=0.0573 domain_ce=1.0144)
  Batch 460/1279 | Loss: 1.0944 (bce=0.0625 aux_ce=0.5451 domain_ce=0.8139)
  Batch 470/1279 | Loss: 1.0327 (bce=0.0735 aux_ce=0.0766 domain_ce=0.9285)
  Batch 480/1279 | Loss: 1.7013 (bce=0.3044 aux_ce=0.7663 domain_ce=1.0903)
  Batch 490/1279 | Loss: 1.6170 (bce=0.7961 aux_ce=0.6433 domain_ce=0.5635)
  Batch 500/1279 | Loss: 2.2577 (bce=1.2741 aux_ce=0.7927 domain_ce=0.6665)
  Batch 510/1279 | Loss: 1.0426 (bce=0.0391 aux_ce=0.0905 domain_ce=0.9673)
  Batch 520/1279 | Loss: 1.0100 (bce=0.0730 aux_ce=0.1329 domain_ce=0.8838)
  Batch 530/1279 | Loss: 1.5182 (bce=0.0167 aux_ce=0.9167 domain_ce=1.1349)
  Batch 540/1279 | Loss: 1.3401 (bce=0.0421 aux_ce=0.7271 domain_ce=1.0072)
  Batch 550/1279 | Loss: 1.4205 (bce=0.4147 aux_ce=0.6400 domain_ce=0.7498)
  Batch 560/1279 | Loss: 0.8800 (bce=0.0371 aux_ce=0.1504 domain_ce=0.7828)
  Batch 570/1279 | Loss: 1.6190 (bce=0.0344 aux_ce=0.2770 domain_ce=1.4738)
  Batch 580/1279 | Loss: 1.3924 (bce=0.1252 aux_ce=0.1411 domain_ce=1.2108)
  Batch 590/1279 | Loss: 0.7113 (bce=0.0144 aux_ce=0.1412 domain_ce=0.6405)
  Batch 600/1279 | Loss: 1.6079 (bce=0.0239 aux_ce=0.0628 domain_ce=1.5588)
  Batch 610/1279 | Loss: 0.8979 (bce=0.0267 aux_ce=0.3405 domain_ce=0.7351)
  Batch 620/1279 | Loss: 1.2095 (bce=0.1426 aux_ce=0.3287 domain_ce=0.9355)
  Batch 630/1279 | Loss: 0.5388 (bce=0.0216 aux_ce=0.0715 domain_ce=0.4886)
  Batch 640/1279 | Loss: 0.9858 (bce=0.0304 aux_ce=0.0722 domain_ce=0.9265)
  Batch 650/1279 | Loss: 1.2225 (bce=0.1175 aux_ce=0.2221 domain_ce=1.0162)
  Batch 660/1279 | Loss: 1.5944 (bce=0.5826 aux_ce=1.0088 domain_ce=0.6083)
  Batch 670/1279 | Loss: 1.6863 (bce=0.0684 aux_ce=0.0164 domain_ce=1.6113)
  Batch 680/1279 | Loss: 1.3712 (bce=0.1249 aux_ce=0.1402 domain_ce=1.1902)
  Batch 690/1279 | Loss: 0.9469 (bce=0.0200 aux_ce=0.0317 domain_ce=0.9142)
  Batch 700/1279 | Loss: 0.7791 (bce=0.0508 aux_ce=0.0795 domain_ce=0.6965)
  Batch 710/1279 | Loss: 1.0368 (bce=0.0058 aux_ce=0.1317 domain_ce=0.9784)
  Batch 720/1279 | Loss: 1.0835 (bce=0.0261 aux_ce=0.3194 domain_ce=0.9296)
  Batch 730/1279 | Loss: 1.5459 (bce=0.1289 aux_ce=0.1428 domain_ce=1.3599)
  Batch 740/1279 | Loss: 1.0879 (bce=0.2015 aux_ce=0.1149 domain_ce=0.8404)
  Batch 750/1279 | Loss: 0.7914 (bce=0.0608 aux_ce=0.0475 domain_ce=0.7116)
  Batch 760/1279 | Loss: 0.8672 (bce=0.0480 aux_ce=0.4421 domain_ce=0.6424)
  Batch 770/1279 | Loss: 1.5133 (bce=0.0824 aux_ce=0.8930 domain_ce=1.0738)
  Batch 780/1279 | Loss: 0.7301 (bce=0.0298 aux_ce=0.1048 domain_ce=0.6584)
  Batch 790/1279 | Loss: 1.1377 (bce=0.0556 aux_ce=0.0869 domain_ce=1.0473)
  Batch 800/1279 | Loss: 1.6455 (bce=0.5746 aux_ce=0.7268 domain_ce=0.7802)
  Batch 810/1279 | Loss: 1.1772 (bce=0.1713 aux_ce=0.3195 domain_ce=0.8781)
  Batch 820/1279 | Loss: 1.0405 (bce=0.1058 aux_ce=0.0773 domain_ce=0.9037)
  Batch 830/1279 | Loss: 1.1243 (bce=0.1732 aux_ce=0.3743 domain_ce=0.8014)
  Batch 840/1279 | Loss: 1.1004 (bce=0.1164 aux_ce=0.0593 domain_ce=0.9603)
  Batch 850/1279 | Loss: 0.9700 (bce=0.0751 aux_ce=0.0722 domain_ce=0.8661)
  Batch 860/1279 | Loss: 1.1847 (bce=0.0188 aux_ce=0.6043 domain_ce=0.9241)
  Batch 870/1279 | Loss: 1.3869 (bce=0.0443 aux_ce=0.1418 domain_ce=1.2859)
  Batch 880/1279 | Loss: 0.8977 (bce=0.2872 aux_ce=0.1152 domain_ce=0.5644)
  Batch 890/1279 | Loss: 1.0709 (bce=0.0325 aux_ce=0.0694 domain_ce=1.0106)
  Batch 900/1279 | Loss: 1.2314 (bce=0.1008 aux_ce=0.3901 domain_ce=0.9746)
  Batch 910/1279 | Loss: 1.1274 (bce=0.0235 aux_ce=0.0240 domain_ce=1.0943)
  Batch 920/1279 | Loss: 0.8288 (bce=0.0171 aux_ce=0.0145 domain_ce=0.8059)
  Batch 930/1279 | Loss: 1.9061 (bce=1.0714 aux_ce=0.7766 domain_ce=0.5240)
  Batch 940/1279 | Loss: 1.0234 (bce=0.1047 aux_ce=0.1537 domain_ce=0.8572)
  Batch 950/1279 | Loss: 1.5444 (bce=0.5934 aux_ce=0.3197 domain_ce=0.8232)
  Batch 960/1279 | Loss: 1.4422 (bce=0.3719 aux_ce=0.2629 domain_ce=0.9651)
  Batch 970/1279 | Loss: 1.8540 (bce=0.0970 aux_ce=0.3500 domain_ce=1.6170)
  Batch 980/1279 | Loss: 1.0064 (bce=0.0215 aux_ce=0.0367 domain_ce=0.9702)
  Batch 990/1279 | Loss: 2.2714 (bce=0.3573 aux_ce=0.7764 domain_ce=1.6035)
  Batch 1000/1279 | Loss: 0.9687 (bce=0.0193 aux_ce=0.1285 domain_ce=0.8980)
  Batch 1010/1279 | Loss: 0.9639 (bce=0.0602 aux_ce=0.0818 domain_ce=0.8709)
  Batch 1020/1279 | Loss: 1.0313 (bce=0.1431 aux_ce=0.4832 domain_ce=0.6948)
  Batch 1030/1279 | Loss: 1.0289 (bce=0.0354 aux_ce=0.0195 domain_ce=0.9857)
  Batch 1040/1279 | Loss: 1.5376 (bce=0.0136 aux_ce=1.3774 domain_ce=0.9731)
  Batch 1050/1279 | Loss: 1.3785 (bce=0.0430 aux_ce=0.2055 domain_ce=1.2532)
  Batch 1060/1279 | Loss: 1.1455 (bce=0.0181 aux_ce=0.4491 domain_ce=0.9477)
  Batch 1070/1279 | Loss: 1.2616 (bce=0.0406 aux_ce=0.2557 domain_ce=1.1187)
  Batch 1080/1279 | Loss: 1.2994 (bce=0.0156 aux_ce=0.1960 domain_ce=1.2054)
  Batch 1090/1279 | Loss: 1.1606 (bce=0.0144 aux_ce=0.1254 domain_ce=1.0961)
  Batch 1100/1279 | Loss: 1.1469 (bce=0.0120 aux_ce=0.3954 domain_ce=0.9767)
  Batch 1110/1279 | Loss: 0.9659 (bce=0.0621 aux_ce=0.0589 domain_ce=0.8803)
  Batch 1120/1279 | Loss: 1.2734 (bce=0.0723 aux_ce=0.3921 domain_ce=1.0443)
  Batch 1130/1279 | Loss: 1.3775 (bce=0.1235 aux_ce=0.5747 domain_ce=1.0242)
  Batch 1140/1279 | Loss: 1.0646 (bce=0.0623 aux_ce=0.8114 domain_ce=0.6777)
  Batch 1150/1279 | Loss: 1.0430 (bce=0.0881 aux_ce=0.1382 domain_ce=0.8995)
  Batch 1160/1279 | Loss: 1.7237 (bce=0.0043 aux_ce=1.2897 domain_ce=1.2035)
  Batch 1170/1279 | Loss: 0.8144 (bce=0.0294 aux_ce=0.2142 domain_ce=0.6993)
  Batch 1180/1279 | Loss: 0.7612 (bce=0.0118 aux_ce=0.3644 domain_ce=0.6036)
  Batch 1190/1279 | Loss: 0.9834 (bce=0.0227 aux_ce=0.1042 domain_ce=0.9191)
  Batch 1200/1279 | Loss: 1.0920 (bce=0.0661 aux_ce=0.1466 domain_ce=0.9673)
  Batch 1210/1279 | Loss: 1.2600 (bce=0.0745 aux_ce=0.3782 domain_ce=1.0342)
  Batch 1220/1279 | Loss: 1.3714 (bce=0.0608 aux_ce=0.1296 domain_ce=1.2589)
  Batch 1230/1279 | Loss: 1.1683 (bce=0.0110 aux_ce=0.3267 domain_ce=1.0266)
  Batch 1240/1279 | Loss: 1.2940 (bce=0.0252 aux_ce=0.1347 domain_ce=1.2150)
  Batch 1250/1279 | Loss: 1.6657 (bce=0.1295 aux_ce=0.1281 domain_ce=1.4850)
  Batch 1260/1279 | Loss: 1.4959 (bce=0.5013 aux_ce=0.5821 domain_ce=0.7618)
  Batch 1270/1279 | Loss: 1.0950 (bce=0.0346 aux_ce=0.1474 domain_ce=1.0014)
Epoch 7 | Train Loss: 1.2098 | Train Acc: 0.9674 | Val AUC: 0.9838 | Domain Acc: 0.5855 (chance=0.333, lambda=0.247)
Saved checkpoint: models\stageA_checkpoint_epoch7.pth
  No improvement for 1/5 epochs
  Batch 10/1279 | Loss: 0.9844 (bce=0.0086 aux_ce=0.1925 domain_ce=0.8988)
  Batch 20/1279 | Loss: 1.6231 (bce=0.4200 aux_ce=0.3900 domain_ce=1.0471)
  Batch 30/1279 | Loss: 3.2259 (bce=1.4475 aux_ce=1.3607 domain_ce=1.2342)
  Batch 40/1279 | Loss: 0.9715 (bce=0.0532 aux_ce=0.1516 domain_ce=0.8577)
  Batch 50/1279 | Loss: 1.6438 (bce=0.5248 aux_ce=0.4769 domain_ce=0.9282)
  Batch 60/1279 | Loss: 1.0756 (bce=0.0350 aux_ce=0.1501 domain_ce=0.9806)
  Batch 70/1279 | Loss: 1.4100 (bce=0.0093 aux_ce=0.1944 domain_ce=1.3230)
  Batch 80/1279 | Loss: 1.7480 (bce=0.1221 aux_ce=1.6891 domain_ce=0.9503)
  Batch 90/1279 | Loss: 2.4483 (bce=1.0952 aux_ce=0.7440 domain_ce=1.0555)
  Batch 100/1279 | Loss: 1.1061 (bce=0.1235 aux_ce=0.2729 domain_ce=0.8734)
  Batch 110/1279 | Loss: 1.2226 (bce=0.1754 aux_ce=0.2015 domain_ce=0.9665)
  Batch 120/1279 | Loss: 0.9562 (bce=0.0075 aux_ce=0.0960 domain_ce=0.9102)
  Batch 130/1279 | Loss: 1.8845 (bce=0.3933 aux_ce=0.5257 domain_ce=1.2808)
  Batch 140/1279 | Loss: 1.7323 (bce=0.1100 aux_ce=0.3170 domain_ce=1.4955)
  Batch 150/1279 | Loss: 1.1942 (bce=0.0097 aux_ce=0.2639 domain_ce=1.0790)
  Batch 160/1279 | Loss: 1.5592 (bce=0.0043 aux_ce=0.5956 domain_ce=1.3167)
  Batch 170/1279 | Loss: 1.1123 (bce=0.0026 aux_ce=0.3972 domain_ce=0.9508)
  Batch 180/1279 | Loss: 2.5088 (bce=0.7120 aux_ce=1.0906 domain_ce=1.3606)
  Batch 190/1279 | Loss: 1.8923 (bce=0.1273 aux_ce=0.1239 domain_ce=1.7154)
  Batch 200/1279 | Loss: 1.4237 (bce=0.0352 aux_ce=0.3141 domain_ce=1.2629)
  Batch 210/1279 | Loss: 1.7705 (bce=0.4167 aux_ce=0.4046 domain_ce=1.1920)
  Batch 220/1279 | Loss: 1.2665 (bce=0.0120 aux_ce=0.0770 domain_ce=1.2237)
  Batch 230/1279 | Loss: 1.8651 (bce=0.2374 aux_ce=0.3425 domain_ce=1.4907)
  Batch 240/1279 | Loss: 1.1509 (bce=0.0204 aux_ce=0.3050 domain_ce=1.0085)
  Batch 250/1279 | Loss: 1.6567 (bce=0.1255 aux_ce=0.2468 domain_ce=1.4325)
  Batch 260/1279 | Loss: 2.0391 (bce=0.5724 aux_ce=0.7225 domain_ce=1.1777)
  Batch 270/1279 | Loss: 0.9784 (bce=0.2032 aux_ce=0.1097 domain_ce=0.7314)
  Batch 280/1279 | Loss: 3.0991 (bce=1.3805 aux_ce=1.1736 domain_ce=1.2491)
  Batch 290/1279 | Loss: 1.0737 (bce=0.0305 aux_ce=0.1224 domain_ce=0.9943)
  Batch 300/1279 | Loss: 1.4165 (bce=0.2607 aux_ce=0.2845 domain_ce=1.0420)
  Batch 310/1279 | Loss: 1.1482 (bce=0.0349 aux_ce=0.0555 domain_ce=1.0911)
  Batch 320/1279 | Loss: 0.9498 (bce=0.0335 aux_ce=0.0528 domain_ce=0.8952)
  Batch 330/1279 | Loss: 0.7614 (bce=0.0659 aux_ce=0.1445 domain_ce=0.6377)
  Batch 340/1279 | Loss: 1.1065 (bce=0.0390 aux_ce=0.1774 domain_ce=0.9965)
  Batch 350/1279 | Loss: 1.5040 (bce=0.0108 aux_ce=0.1251 domain_ce=1.4432)
  Batch 360/1279 | Loss: 1.3122 (bce=0.0059 aux_ce=0.1783 domain_ce=1.2350)
  Batch 370/1279 | Loss: 1.8449 (bce=0.5309 aux_ce=0.5441 domain_ce=1.0964)
  Batch 380/1279 | Loss: 1.3503 (bce=0.2676 aux_ce=0.2870 domain_ce=0.9679)
  Batch 390/1279 | Loss: 1.5841 (bce=0.3224 aux_ce=0.5743 domain_ce=1.0320)
  Batch 400/1279 | Loss: 1.6780 (bce=0.0032 aux_ce=0.8538 domain_ce=1.3333)
  Batch 410/1279 | Loss: 0.9642 (bce=0.0238 aux_ce=0.1437 domain_ce=0.8829)
  Batch 420/1279 | Loss: 1.4314 (bce=0.0811 aux_ce=0.1927 domain_ce=1.2733)
  Batch 430/1279 | Loss: 1.3261 (bce=0.2656 aux_ce=0.2517 domain_ce=0.9598)
  Batch 440/1279 | Loss: 0.9124 (bce=0.0631 aux_ce=0.0727 domain_ce=0.8203)
  Batch 450/1279 | Loss: 2.5112 (bce=0.6587 aux_ce=1.2643 domain_ce=1.3467)
  Batch 460/1279 | Loss: 1.1023 (bce=0.1983 aux_ce=0.2171 domain_ce=0.8171)
  Batch 470/1279 | Loss: 0.8221 (bce=0.0099 aux_ce=0.1103 domain_ce=0.7681)
  Batch 480/1279 | Loss: 1.1873 (bce=0.1721 aux_ce=0.3370 domain_ce=0.8804)
  Batch 490/1279 | Loss: 1.2646 (bce=0.0098 aux_ce=0.2131 domain_ce=1.1696)
  Batch 500/1279 | Loss: 1.1139 (bce=0.0162 aux_ce=0.2928 domain_ce=0.9805)
  Batch 510/1279 | Loss: 1.6278 (bce=0.0056 aux_ce=0.0237 domain_ce=1.6128)
  Batch 520/1279 | Loss: 1.6205 (bce=0.3305 aux_ce=0.1830 domain_ce=1.2168)
  Batch 530/1279 | Loss: 1.0017 (bce=0.0741 aux_ce=0.1386 domain_ce=0.8722)
  Batch 540/1279 | Loss: 1.2164 (bce=0.0841 aux_ce=0.2108 domain_ce=1.0480)
  Batch 550/1279 | Loss: 1.2556 (bce=0.0564 aux_ce=0.0300 domain_ce=1.1872)
  Batch 560/1279 | Loss: 1.4502 (bce=0.0097 aux_ce=0.0311 domain_ce=1.4280)
  Batch 570/1279 | Loss: 0.8684 (bce=0.0189 aux_ce=0.1245 domain_ce=0.7997)
  Batch 580/1279 | Loss: 1.3364 (bce=0.0188 aux_ce=0.0296 domain_ce=1.3057)
  Batch 590/1279 | Loss: 1.2852 (bce=0.0103 aux_ce=0.6119 domain_ce=1.0302)
  Batch 600/1279 | Loss: 0.9886 (bce=0.0297 aux_ce=0.0976 domain_ce=0.9199)
  Batch 610/1279 | Loss: 0.9107 (bce=0.0303 aux_ce=0.0477 domain_ce=0.8613)
  Batch 620/1279 | Loss: 1.0452 (bce=0.0079 aux_ce=0.0319 domain_ce=1.0245)
  Batch 630/1279 | Loss: 0.9835 (bce=0.0556 aux_ce=0.2683 domain_ce=0.8205)
  Batch 640/1279 | Loss: 1.4337 (bce=0.0500 aux_ce=0.1663 domain_ce=1.3172)
  Batch 650/1279 | Loss: 1.5106 (bce=0.1042 aux_ce=0.1815 domain_ce=1.3338)
  Batch 660/1279 | Loss: 1.0828 (bce=0.1509 aux_ce=0.4270 domain_ce=0.7612)
  Batch 670/1279 | Loss: 1.1979 (bce=0.0884 aux_ce=0.1149 domain_ce=1.0636)
  Batch 680/1279 | Loss: 1.6624 (bce=0.0968 aux_ce=0.3759 domain_ce=1.4152)
  Batch 690/1279 | Loss: 1.4565 (bce=0.2081 aux_ce=0.2713 domain_ce=1.1400)
  Batch 700/1279 | Loss: 1.1447 (bce=0.1029 aux_ce=0.1313 domain_ce=0.9893)
  Batch 710/1279 | Loss: 1.6677 (bce=0.0181 aux_ce=0.6278 domain_ce=1.3984)
  Batch 720/1279 | Loss: 2.8843 (bce=1.2632 aux_ce=0.7582 domain_ce=1.3179)
  Batch 730/1279 | Loss: 1.5385 (bce=0.0173 aux_ce=0.2122 domain_ce=1.4363)
  Batch 740/1279 | Loss: 1.2850 (bce=0.0270 aux_ce=0.1949 domain_ce=1.1800)
  Batch 750/1279 | Loss: 1.5382 (bce=0.0629 aux_ce=0.3950 domain_ce=1.3174)
  Batch 760/1279 | Loss: 1.6775 (bce=0.6071 aux_ce=0.4886 domain_ce=0.8750)
  Batch 770/1279 | Loss: 1.3760 (bce=0.0243 aux_ce=0.4301 domain_ce=1.1797)
  Batch 780/1279 | Loss: 1.1483 (bce=0.0113 aux_ce=0.1495 domain_ce=1.0772)
  Batch 790/1279 | Loss: 1.2786 (bce=0.0154 aux_ce=0.0391 domain_ce=1.2476)
  Batch 800/1279 | Loss: 1.1167 (bce=0.0136 aux_ce=0.2044 domain_ce=1.0214)
  Batch 810/1279 | Loss: 1.2550 (bce=0.0054 aux_ce=0.0412 domain_ce=1.2331)
  Batch 820/1279 | Loss: 1.3850 (bce=0.0194 aux_ce=0.0957 domain_ce=1.3273)
  Batch 830/1279 | Loss: 1.1189 (bce=0.0146 aux_ce=0.2004 domain_ce=1.0241)
  Batch 840/1279 | Loss: 2.0329 (bce=0.6355 aux_ce=0.5023 domain_ce=1.1965)
  Batch 850/1279 | Loss: 2.4400 (bce=0.4287 aux_ce=1.3549 domain_ce=1.4694)
  Batch 860/1279 | Loss: 0.9835 (bce=0.0688 aux_ce=0.0849 domain_ce=0.8807)
  Batch 870/1279 | Loss: 1.0238 (bce=0.0315 aux_ce=0.1460 domain_ce=0.9338)
  Batch 880/1279 | Loss: 1.0322 (bce=0.0347 aux_ce=0.3115 domain_ce=0.8729)
  Batch 890/1279 | Loss: 0.9852 (bce=0.0302 aux_ce=0.0449 domain_ce=0.9370)
  Batch 900/1279 | Loss: 0.9665 (bce=0.1753 aux_ce=0.2059 domain_ce=0.7089)
  Batch 910/1279 | Loss: 0.8909 (bce=0.0241 aux_ce=0.0863 domain_ce=0.8323)
  Batch 920/1279 | Loss: 0.8592 (bce=0.0449 aux_ce=0.0660 domain_ce=0.7879)
  Batch 930/1279 | Loss: 1.2456 (bce=0.1622 aux_ce=0.1831 domain_ce=1.0102)
  Batch 940/1279 | Loss: 1.6904 (bce=0.2391 aux_ce=0.1613 domain_ce=1.3867)
  Batch 950/1279 | Loss: 1.0457 (bce=0.0165 aux_ce=0.1251 domain_ce=0.9792)
  Batch 960/1279 | Loss: 1.1632 (bce=0.0215 aux_ce=0.0414 domain_ce=1.1251)
  Batch 970/1279 | Loss: 0.7887 (bce=0.0133 aux_ce=0.0349 domain_ce=0.7614)
  Batch 980/1279 | Loss: 1.0301 (bce=0.0241 aux_ce=0.4843 domain_ce=0.8122)
  Batch 990/1279 | Loss: 1.0225 (bce=0.0316 aux_ce=0.1922 domain_ce=0.9140)
  Batch 1000/1279 | Loss: 1.4428 (bce=0.0117 aux_ce=0.1922 domain_ce=1.3542)
  Batch 1010/1279 | Loss: 1.3290 (bce=0.1160 aux_ce=0.1669 domain_ce=1.1463)
  Batch 1020/1279 | Loss: 1.3281 (bce=0.0223 aux_ce=0.0673 domain_ce=1.2789)
  Batch 1030/1279 | Loss: 1.1583 (bce=0.0100 aux_ce=0.0522 domain_ce=1.1274)
  Batch 1040/1279 | Loss: 0.9869 (bce=0.0446 aux_ce=0.0913 domain_ce=0.9058)
  Batch 1050/1279 | Loss: 1.3549 (bce=0.0238 aux_ce=0.0898 domain_ce=1.2951)
  Batch 1060/1279 | Loss: 1.1496 (bce=0.0607 aux_ce=0.1635 domain_ce=1.0235)
  Batch 1070/1279 | Loss: 1.1035 (bce=0.0341 aux_ce=0.0610 domain_ce=1.0450)
  Batch 1080/1279 | Loss: 1.3219 (bce=0.0106 aux_ce=0.1257 domain_ce=1.2610)
  Batch 1090/1279 | Loss: 1.2937 (bce=0.0091 aux_ce=0.1313 domain_ce=1.2321)
  Batch 1100/1279 | Loss: 0.6377 (bce=0.0060 aux_ce=0.0559 domain_ce=0.6094)
  Batch 1110/1279 | Loss: 0.6844 (bce=0.0140 aux_ce=0.0832 domain_ce=0.6371)
  Batch 1120/1279 | Loss: 0.6829 (bce=0.0183 aux_ce=0.0526 domain_ce=0.6436)
  Batch 1130/1279 | Loss: 0.6547 (bce=0.0358 aux_ce=0.1094 domain_ce=0.5752)
  Batch 1140/1279 | Loss: 1.2591 (bce=0.0672 aux_ce=0.1328 domain_ce=1.1388)
  Batch 1150/1279 | Loss: 0.6284 (bce=0.0725 aux_ce=0.0718 domain_ce=0.5272)
  Batch 1160/1279 | Loss: 0.9420 (bce=0.0239 aux_ce=0.1172 domain_ce=0.8713)
  Batch 1170/1279 | Loss: 1.5194 (bce=0.3652 aux_ce=0.2908 domain_ce=1.0379)
  Batch 1180/1279 | Loss: 1.1962 (bce=0.3057 aux_ce=0.2168 domain_ce=0.8039)
  Batch 1190/1279 | Loss: 0.5759 (bce=0.0377 aux_ce=0.0441 domain_ce=0.5205)
  Batch 1200/1279 | Loss: 1.7174 (bce=0.3237 aux_ce=0.5266 domain_ce=1.1830)
  Batch 1210/1279 | Loss: 0.9236 (bce=0.0088 aux_ce=0.0806 domain_ce=0.8826)
  Batch 1220/1279 | Loss: 1.6341 (bce=0.0287 aux_ce=0.5754 domain_ce=1.3753)
  Batch 1230/1279 | Loss: 0.8131 (bce=0.0147 aux_ce=0.1534 domain_ce=0.7371)
  Batch 1240/1279 | Loss: 0.7591 (bce=0.0354 aux_ce=0.0308 domain_ce=0.7114)
  Batch 1250/1279 | Loss: 0.8761 (bce=0.0248 aux_ce=0.0387 domain_ce=0.8358)
  Batch 1260/1279 | Loss: 1.0852 (bce=0.0855 aux_ce=0.1176 domain_ce=0.9527)
  Batch 1270/1279 | Loss: 0.9013 (bce=0.0454 aux_ce=0.1491 domain_ce=0.7962)
Epoch 8 | Train Loss: 1.3006 | Train Acc: 0.9735 | Val AUC: 0.9805 | Domain Acc: 0.5060 (chance=0.333, lambda=0.261)
Saved checkpoint: models\stageA_checkpoint_epoch8.pth
  No improvement for 2/5 epochs
  Batch 10/1279 | Loss: 0.9921 (bce=0.1060 aux_ce=0.2550 domain_ce=0.7841)
  Batch 20/1279 | Loss: 1.5713 (bce=0.4747 aux_ce=1.0941 domain_ce=0.6590)
  Batch 30/1279 | Loss: 1.2063 (bce=0.1257 aux_ce=0.0977 domain_ce=1.0415)
  Batch 40/1279 | Loss: 0.9635 (bce=0.0541 aux_ce=0.4890 domain_ce=0.7138)
  Batch 50/1279 | Loss: 0.6752 (bce=0.0236 aux_ce=0.0795 domain_ce=0.6198)
  Batch 60/1279 | Loss: 0.9566 (bce=0.0364 aux_ce=0.4199 domain_ce=0.7523)
  Batch 70/1279 | Loss: 1.1791 (bce=0.0175 aux_ce=0.3092 domain_ce=1.0379)
  Batch 80/1279 | Loss: 1.0308 (bce=0.2230 aux_ce=0.2160 domain_ce=0.7215)
  Batch 90/1279 | Loss: 0.9533 (bce=0.0147 aux_ce=0.1406 domain_ce=0.8823)
  Batch 100/1279 | Loss: 1.1577 (bce=0.1618 aux_ce=0.2431 domain_ce=0.8986)
  Batch 110/1279 | Loss: 1.5219 (bce=0.0442 aux_ce=0.1838 domain_ce=1.4042)
  Batch 120/1279 | Loss: 1.1903 (bce=0.0349 aux_ce=0.0884 domain_ce=1.1200)
  Batch 130/1279 | Loss: 1.1648 (bce=0.0200 aux_ce=0.2436 domain_ce=1.0473)
  Batch 140/1279 | Loss: 1.8835 (bce=0.0342 aux_ce=1.3304 domain_ce=1.3172)
  Batch 150/1279 | Loss: 1.0697 (bce=0.0219 aux_ce=0.1991 domain_ce=0.9682)
  Batch 160/1279 | Loss: 2.0574 (bce=0.7605 aux_ce=0.4814 domain_ce=1.1044)
  Batch 170/1279 | Loss: 1.1728 (bce=0.0262 aux_ce=0.0833 domain_ce=1.1133)
  Batch 180/1279 | Loss: 1.1296 (bce=0.0308 aux_ce=0.2272 domain_ce=1.0079)
  Batch 190/1279 | Loss: 1.3911 (bce=0.0341 aux_ce=0.1775 domain_ce=1.2860)
  Batch 200/1279 | Loss: 1.6752 (bce=0.3359 aux_ce=0.4815 domain_ce=1.1467)
  Batch 210/1279 | Loss: 1.8940 (bce=0.5550 aux_ce=0.4537 domain_ce=1.1574)
  Batch 220/1279 | Loss: 1.0903 (bce=0.1962 aux_ce=0.2178 domain_ce=0.8071)
  Batch 230/1279 | Loss: 1.2926 (bce=0.0687 aux_ce=0.0987 domain_ce=1.1844)
  Batch 240/1279 | Loss: 1.1857 (bce=0.0453 aux_ce=0.1174 domain_ce=1.0934)
  Batch 250/1279 | Loss: 1.4481 (bce=0.2384 aux_ce=0.5335 domain_ce=0.9963)
  Batch 260/1279 | Loss: 2.0651 (bce=0.4714 aux_ce=1.1314 domain_ce=1.1412)
  Batch 270/1279 | Loss: 1.5094 (bce=0.5480 aux_ce=0.4130 domain_ce=0.7962)
  Batch 280/1279 | Loss: 0.9291 (bce=0.1381 aux_ce=0.0618 domain_ce=0.7662)
  Batch 290/1279 | Loss: 1.0392 (bce=0.0390 aux_ce=0.1119 domain_ce=0.9555)
  Batch 300/1279 | Loss: 2.2443 (bce=1.0362 aux_ce=0.6027 domain_ce=0.9670)
  Batch 310/1279 | Loss: 1.3164 (bce=0.0220 aux_ce=0.6882 domain_ce=1.0191)
  Batch 320/1279 | Loss: 0.9561 (bce=0.0310 aux_ce=0.1848 domain_ce=0.8512)
  Batch 330/1279 | Loss: 1.3445 (bce=0.0160 aux_ce=1.1734 domain_ce=0.8591)
  Batch 340/1279 | Loss: 1.1561 (bce=0.1360 aux_ce=0.0735 domain_ce=0.9906)
  Batch 350/1279 | Loss: 1.3361 (bce=0.0729 aux_ce=0.1428 domain_ce=1.2060)
  Batch 360/1279 | Loss: 2.5610 (bce=0.9396 aux_ce=1.5229 domain_ce=1.0122)
  Batch 370/1279 | Loss: 0.8827 (bce=0.0193 aux_ce=0.1802 domain_ce=0.7913)
  Batch 380/1279 | Loss: 1.7298 (bce=0.5491 aux_ce=0.4322 domain_ce=1.0078)
  Batch 390/1279 | Loss: 1.0998 (bce=0.0209 aux_ce=0.1560 domain_ce=1.0165)
  Batch 400/1279 | Loss: 0.6564 (bce=0.0270 aux_ce=0.0353 domain_ce=0.6153)
  Batch 410/1279 | Loss: 1.3973 (bce=0.0321 aux_ce=0.5910 domain_ce=1.1288)
  Batch 420/1279 | Loss: 0.9707 (bce=0.0258 aux_ce=0.2150 domain_ce=0.8589)
  Batch 430/1279 | Loss: 1.0121 (bce=0.0067 aux_ce=0.1266 domain_ce=0.9547)
  Batch 440/1279 | Loss: 0.9760 (bce=0.0239 aux_ce=0.1269 domain_ce=0.9013)
  Batch 450/1279 | Loss: 1.1322 (bce=0.0765 aux_ce=0.1210 domain_ce=1.0073)
  Batch 460/1279 | Loss: 0.9748 (bce=0.0074 aux_ce=0.0311 domain_ce=0.9550)
  Batch 470/1279 | Loss: 1.3057 (bce=0.0771 aux_ce=0.1099 domain_ce=1.1847)
  Batch 480/1279 | Loss: 0.9535 (bce=0.0080 aux_ce=0.1957 domain_ce=0.8672)
  Batch 490/1279 | Loss: 1.2312 (bce=0.1049 aux_ce=0.0824 domain_ce=1.0933)
  Batch 500/1279 | Loss: 1.2761 (bce=0.0360 aux_ce=0.2192 domain_ce=1.1525)
  Batch 510/1279 | Loss: 2.4922 (bce=1.1680 aux_ce=0.7872 domain_ce=1.0094)
  Batch 520/1279 | Loss: 1.1292 (bce=0.0379 aux_ce=0.0826 domain_ce=1.0582)
  Batch 530/1279 | Loss: 1.4606 (bce=0.0316 aux_ce=0.3835 domain_ce=1.2756)
  Batch 540/1279 | Loss: 1.1910 (bce=0.0169 aux_ce=0.0609 domain_ce=1.1498)
  Batch 550/1279 | Loss: 1.0388 (bce=0.0125 aux_ce=0.0958 domain_ce=0.9880)
  Batch 560/1279 | Loss: 1.5694 (bce=0.2673 aux_ce=0.8145 domain_ce=0.9763)
  Batch 570/1279 | Loss: 1.0097 (bce=0.0375 aux_ce=0.0993 domain_ce=0.9326)
  Batch 580/1279 | Loss: 1.4482 (bce=0.1556 aux_ce=0.2609 domain_ce=1.1883)
  Batch 590/1279 | Loss: 1.7353 (bce=0.1167 aux_ce=0.2684 domain_ce=1.5112)
  Batch 600/1279 | Loss: 1.2816 (bce=0.0823 aux_ce=0.1779 domain_ce=1.1281)
  Batch 610/1279 | Loss: 2.6658 (bce=1.0224 aux_ce=0.9682 domain_ce=1.2561)
  Batch 620/1279 | Loss: 1.4169 (bce=0.1191 aux_ce=0.1238 domain_ce=1.2482)
  Batch 630/1279 | Loss: 1.3729 (bce=0.0210 aux_ce=0.2055 domain_ce=1.2697)
  Batch 640/1279 | Loss: 1.1767 (bce=0.0611 aux_ce=0.1392 domain_ce=1.0600)
  Batch 650/1279 | Loss: 2.1793 (bce=0.6879 aux_ce=0.6958 domain_ce=1.2131)
  Batch 660/1279 | Loss: 1.7817 (bce=0.1608 aux_ce=0.0778 domain_ce=1.5898)
  Batch 670/1279 | Loss: 1.7478 (bce=0.0095 aux_ce=0.0173 domain_ce=1.7314)
  Batch 680/1279 | Loss: 1.4386 (bce=0.0283 aux_ce=0.0612 domain_ce=1.3859)
  Batch 690/1279 | Loss: 2.8646 (bce=0.8767 aux_ce=0.7312 domain_ce=1.6954)
  Batch 700/1279 | Loss: 1.5306 (bce=0.0242 aux_ce=0.1350 domain_ce=1.4524)
  Batch 710/1279 | Loss: 0.9598 (bce=0.0225 aux_ce=0.2205 domain_ce=0.8491)
  Batch 720/1279 | Loss: 1.1849 (bce=0.0739 aux_ce=0.0941 domain_ce=1.0733)
  Batch 730/1279 | Loss: 1.5162 (bce=0.0435 aux_ce=0.3528 domain_ce=1.3316)
  Batch 740/1279 | Loss: 1.1414 (bce=0.0188 aux_ce=0.1731 domain_ce=1.0533)
  Batch 750/1279 | Loss: 1.0836 (bce=0.0185 aux_ce=0.1652 domain_ce=0.9990)
  Batch 760/1279 | Loss: 0.8415 (bce=0.0033 aux_ce=0.1448 domain_ce=0.7802)
  Batch 770/1279 | Loss: 1.1440 (bce=0.3629 aux_ce=0.2638 domain_ce=0.6756)
  Batch 780/1279 | Loss: 1.4102 (bce=0.0076 aux_ce=0.7073 domain_ce=1.1198)
  Batch 790/1279 | Loss: 1.2121 (bce=0.0184 aux_ce=0.1559 domain_ce=1.1314)
  Batch 800/1279 | Loss: 1.5363 (bce=0.0188 aux_ce=0.4356 domain_ce=1.3433)
  Batch 810/1279 | Loss: 1.5886 (bce=0.2326 aux_ce=0.7166 domain_ce=1.0693)
  Batch 820/1279 | Loss: 0.9672 (bce=0.0634 aux_ce=0.0222 domain_ce=0.8949)
  Batch 830/1279 | Loss: 1.1562 (bce=0.1190 aux_ce=0.1441 domain_ce=0.9796)
  Batch 840/1279 | Loss: 1.2661 (bce=0.0280 aux_ce=0.2021 domain_ce=1.1573)
  Batch 850/1279 | Loss: 2.6150 (bce=1.2636 aux_ce=1.0010 domain_ce=0.9510)
  Batch 860/1279 | Loss: 0.8689 (bce=0.0509 aux_ce=0.1090 domain_ce=0.7744)
  Batch 870/1279 | Loss: 0.8116 (bce=0.0331 aux_ce=0.1646 domain_ce=0.7127)
  Batch 880/1279 | Loss: 1.0729 (bce=0.0437 aux_ce=0.1457 domain_ce=0.9709)
  Batch 890/1279 | Loss: 1.0973 (bce=0.1888 aux_ce=0.1552 domain_ce=0.8464)
  Batch 900/1279 | Loss: 1.1650 (bce=0.0219 aux_ce=0.0193 domain_ce=1.1354)
  Batch 910/1279 | Loss: 1.6530 (bce=0.5279 aux_ce=0.6842 domain_ce=0.8514)
  Batch 920/1279 | Loss: 0.8647 (bce=0.0236 aux_ce=0.0693 domain_ce=0.8134)
  Batch 930/1279 | Loss: 1.3365 (bce=0.2506 aux_ce=0.2920 domain_ce=0.9691)
  Batch 940/1279 | Loss: 1.3697 (bce=0.0763 aux_ce=0.7214 domain_ce=1.0048)
  Batch 950/1279 | Loss: 1.1683 (bce=0.0076 aux_ce=0.4025 domain_ce=0.9997)
  Batch 960/1279 | Loss: 1.0595 (bce=0.0315 aux_ce=0.0560 domain_ce=1.0056)
  Batch 970/1279 | Loss: 1.2460 (bce=0.0629 aux_ce=0.0931 domain_ce=1.1458)
  Batch 980/1279 | Loss: 1.1350 (bce=0.0539 aux_ce=0.3848 domain_ce=0.9272)
  Batch 990/1279 | Loss: 1.0924 (bce=0.0703 aux_ce=0.0633 domain_ce=0.9967)
  Batch 1000/1279 | Loss: 1.4213 (bce=0.0794 aux_ce=0.3879 domain_ce=1.1867)
  Batch 1010/1279 | Loss: 1.6373 (bce=0.2857 aux_ce=0.4670 domain_ce=1.1647)
  Batch 1020/1279 | Loss: 1.1809 (bce=0.0670 aux_ce=0.0869 domain_ce=1.0791)
  Batch 1030/1279 | Loss: 1.0529 (bce=0.0606 aux_ce=0.1070 domain_ce=0.9495)
  Batch 1040/1279 | Loss: 1.6132 (bce=0.3113 aux_ce=0.3817 domain_ce=1.1492)
  Batch 1050/1279 | Loss: 1.1121 (bce=0.0069 aux_ce=0.0607 domain_ce=1.0808)
  Batch 1060/1279 | Loss: 1.6613 (bce=0.4372 aux_ce=0.3329 domain_ce=1.0909)
  Batch 1070/1279 | Loss: 1.6031 (bce=0.3836 aux_ce=0.8582 domain_ce=0.8763)
  Batch 1080/1279 | Loss: 0.8996 (bce=0.0765 aux_ce=0.1926 domain_ce=0.7460)
  Batch 1090/1279 | Loss: 1.2707 (bce=0.0694 aux_ce=0.0461 domain_ce=1.1829)
  Batch 1100/1279 | Loss: 1.1561 (bce=0.0145 aux_ce=0.0947 domain_ce=1.1037)
  Batch 1110/1279 | Loss: 0.8261 (bce=0.0037 aux_ce=0.0129 domain_ce=0.8172)
  Batch 1120/1279 | Loss: 0.8930 (bce=0.0514 aux_ce=0.1997 domain_ce=0.7617)
  Batch 1130/1279 | Loss: 1.2054 (bce=0.0073 aux_ce=0.0865 domain_ce=1.1635)
  Batch 1140/1279 | Loss: 1.1906 (bce=0.0922 aux_ce=0.0870 domain_ce=1.0636)
  Batch 1150/1279 | Loss: 1.0730 (bce=0.0067 aux_ce=0.0801 domain_ce=1.0342)
  Batch 1160/1279 | Loss: 1.4506 (bce=0.0117 aux_ce=0.8193 domain_ce=1.1111)
  Batch 1170/1279 | Loss: 1.2394 (bce=0.0381 aux_ce=0.1291 domain_ce=1.1497)
  Batch 1180/1279 | Loss: 1.3544 (bce=0.1578 aux_ce=0.3782 domain_ce=1.0453)
  Batch 1190/1279 | Loss: 1.1977 (bce=0.0352 aux_ce=0.2219 domain_ce=1.0737)
  Batch 1200/1279 | Loss: 1.1519 (bce=0.0058 aux_ce=0.0716 domain_ce=1.1174)
  Batch 1210/1279 | Loss: 1.1218 (bce=0.3092 aux_ce=0.2846 domain_ce=0.6987)
  Batch 1220/1279 | Loss: 1.0685 (bce=0.0042 aux_ce=0.1187 domain_ce=1.0168)
  Batch 1230/1279 | Loss: 0.8690 (bce=0.0096 aux_ce=0.2334 domain_ce=0.7661)
  Batch 1240/1279 | Loss: 0.7868 (bce=0.0092 aux_ce=0.0871 domain_ce=0.7428)
  Batch 1250/1279 | Loss: 1.8509 (bce=0.4302 aux_ce=0.6471 domain_ce=1.1619)
  Batch 1260/1279 | Loss: 1.2254 (bce=0.2707 aux_ce=0.3123 domain_ce=0.8299)
  Batch 1270/1279 | Loss: 1.0551 (bce=0.0351 aux_ce=0.0267 domain_ce=1.0093)
Epoch 9 | Train Loss: 1.3004 | Train Acc: 0.9703 | Val AUC: 0.9835 | Domain Acc: 0.4849 (chance=0.333, lambda=0.272)
Saved checkpoint: models\stageA_checkpoint_epoch9.pth
  No improvement for 3/5 epochs
  Batch 10/1279 | Loss: 0.8965 (bce=0.0104 aux_ce=0.2162 domain_ce=0.7996)
  Batch 20/1279 | Loss: 1.5260 (bce=0.0016 aux_ce=0.1070 domain_ce=1.4816)
  Batch 30/1279 | Loss: 1.4526 (bce=0.3205 aux_ce=0.5366 domain_ce=0.9175)
  Batch 40/1279 | Loss: 0.9201 (bce=0.0752 aux_ce=0.2121 domain_ce=0.7601)
  Batch 50/1279 | Loss: 0.7812 (bce=0.0097 aux_ce=0.1093 domain_ce=0.7279)
  Batch 60/1279 | Loss: 1.0969 (bce=0.0036 aux_ce=0.4736 domain_ce=0.9039)
  Batch 70/1279 | Loss: 0.7836 (bce=0.0507 aux_ce=0.0465 domain_ce=0.7143)
  Batch 80/1279 | Loss: 1.2621 (bce=0.0137 aux_ce=0.0827 domain_ce=1.2153)
  Batch 90/1279 | Loss: 1.1560 (bce=0.1620 aux_ce=0.1914 domain_ce=0.9174)
  Batch 100/1279 | Loss: 1.4147 (bce=0.0090 aux_ce=0.4403 domain_ce=1.2296)
  Batch 110/1279 | Loss: 1.1309 (bce=0.0281 aux_ce=0.6435 domain_ce=0.8454)
  Batch 120/1279 | Loss: 1.1847 (bce=0.0050 aux_ce=0.2425 domain_ce=1.0827)
  Batch 130/1279 | Loss: 1.5237 (bce=0.0141 aux_ce=0.0079 domain_ce=1.5065)
  Batch 140/1279 | Loss: 1.0056 (bce=0.0287 aux_ce=0.2400 domain_ce=0.8808)
  Batch 150/1279 | Loss: 1.2279 (bce=0.0084 aux_ce=0.8403 domain_ce=0.8834)
  Batch 160/1279 | Loss: 0.9715 (bce=0.1135 aux_ce=0.3453 domain_ce=0.7198)
  Batch 170/1279 | Loss: 1.5331 (bce=0.0662 aux_ce=0.1102 domain_ce=1.4228)
  Batch 180/1279 | Loss: 2.6195 (bce=1.2844 aux_ce=0.9227 domain_ce=0.9660)
  Batch 190/1279 | Loss: 0.9219 (bce=0.0068 aux_ce=0.1006 domain_ce=0.8748)
  Batch 200/1279 | Loss: 1.0332 (bce=0.0033 aux_ce=0.1005 domain_ce=0.9897)
  Batch 210/1279 | Loss: 1.4254 (bce=0.0836 aux_ce=0.0448 domain_ce=1.3239)
  Batch 220/1279 | Loss: 1.0317 (bce=0.1415 aux_ce=0.1244 domain_ce=0.8405)
  Batch 230/1279 | Loss: 1.1518 (bce=0.2659 aux_ce=0.2748 domain_ce=0.7760)
  Batch 240/1279 | Loss: 0.7060 (bce=0.0369 aux_ce=0.0976 domain_ce=0.6301)
  Batch 250/1279 | Loss: 0.8144 (bce=0.1336 aux_ce=0.0661 domain_ce=0.6544)
  Batch 260/1279 | Loss: 0.7454 (bce=0.0370 aux_ce=0.1029 domain_ce=0.6672)
  Batch 270/1279 | Loss: 0.9875 (bce=0.0296 aux_ce=0.1049 domain_ce=0.9160)
  Batch 280/1279 | Loss: 1.6301 (bce=0.5134 aux_ce=0.2994 domain_ce=0.9969)
  Batch 290/1279 | Loss: 1.1091 (bce=0.0145 aux_ce=0.3298 domain_ce=0.9626)
  Batch 300/1279 | Loss: 1.2803 (bce=0.3308 aux_ce=0.3206 domain_ce=0.8213)
  Batch 310/1279 | Loss: 0.9269 (bce=0.0319 aux_ce=0.0586 domain_ce=0.8716)
  Batch 320/1279 | Loss: 2.0719 (bce=1.1528 aux_ce=0.6350 domain_ce=0.6651)
  Batch 330/1279 | Loss: 1.0139 (bce=0.0453 aux_ce=0.1443 domain_ce=0.9108)
  Batch 340/1279 | Loss: 0.7691 (bce=0.0429 aux_ce=0.0834 domain_ce=0.6929)
  Batch 350/1279 | Loss: 1.0353 (bce=0.0510 aux_ce=0.0301 domain_ce=0.9723)
  Batch 360/1279 | Loss: 1.0569 (bce=0.0530 aux_ce=0.1904 domain_ce=0.9278)
  Batch 370/1279 | Loss: 2.9668 (bce=1.1451 aux_ce=1.4862 domain_ce=1.2272)
  Batch 380/1279 | Loss: 1.0061 (bce=0.0596 aux_ce=0.0426 domain_ce=0.9294)
  Batch 390/1279 | Loss: 1.0388 (bce=0.0334 aux_ce=0.0668 domain_ce=0.9787)
  Batch 400/1279 | Loss: 1.0388 (bce=0.0144 aux_ce=0.3030 domain_ce=0.9032)
  Batch 410/1279 | Loss: 1.7719 (bce=0.3268 aux_ce=0.7262 domain_ce=1.1546)
  Batch 420/1279 | Loss: 1.1709 (bce=0.0324 aux_ce=0.2861 domain_ce=1.0241)
  Batch 430/1279 | Loss: 1.5667 (bce=0.1913 aux_ce=0.0889 domain_ce=1.3398)
  Batch 440/1279 | Loss: 1.4467 (bce=0.0103 aux_ce=0.5894 domain_ce=1.2007)
  Batch 450/1279 | Loss: 1.2076 (bce=0.0053 aux_ce=0.1923 domain_ce=1.1253)
  Batch 460/1279 | Loss: 0.9778 (bce=0.0221 aux_ce=0.1108 domain_ce=0.9114)
  Batch 470/1279 | Loss: 1.2794 (bce=0.0757 aux_ce=0.1031 domain_ce=1.1625)
  Batch 480/1279 | Loss: 1.4512 (bce=0.3808 aux_ce=0.4127 domain_ce=0.9052)
  Batch 490/1279 | Loss: 1.3213 (bce=0.2650 aux_ce=0.1655 domain_ce=0.9901)
  Batch 500/1279 | Loss: 0.6749 (bce=0.0117 aux_ce=0.0561 domain_ce=0.6407)
  Batch 510/1279 | Loss: 1.2680 (bce=0.4359 aux_ce=0.3486 domain_ce=0.6927)
  Batch 520/1279 | Loss: 0.8257 (bce=0.0066 aux_ce=0.1876 domain_ce=0.7440)
  Batch 530/1279 | Loss: 0.8571 (bce=0.0123 aux_ce=0.0304 domain_ce=0.8326)
  Batch 540/1279 | Loss: 0.8467 (bce=0.0242 aux_ce=0.0731 domain_ce=0.7933)
  Batch 550/1279 | Loss: 1.0546 (bce=0.0201 aux_ce=0.1101 domain_ce=0.9904)
  Batch 560/1279 | Loss: 1.1613 (bce=0.0080 aux_ce=0.0235 domain_ce=1.1438)
  Batch 570/1279 | Loss: 0.6430 (bce=0.0397 aux_ce=0.0910 domain_ce=0.5669)
  Batch 580/1279 | Loss: 0.8298 (bce=0.0183 aux_ce=0.0748 domain_ce=0.7816)
  Batch 590/1279 | Loss: 1.0302 (bce=0.0479 aux_ce=1.1455 domain_ce=0.5240)
  Batch 600/1279 | Loss: 1.4242 (bce=0.5467 aux_ce=0.4003 domain_ce=0.7174)
  Batch 610/1279 | Loss: 0.7586 (bce=0.0111 aux_ce=0.0413 domain_ce=0.7310)
  Batch 620/1279 | Loss: 0.8411 (bce=0.0126 aux_ce=0.0608 domain_ce=0.8042)
  Batch 630/1279 | Loss: 0.7061 (bce=0.0183 aux_ce=0.0958 domain_ce=0.6495)
  Batch 640/1279 | Loss: 0.8039 (bce=0.0072 aux_ce=0.1499 domain_ce=0.7367)
  Batch 650/1279 | Loss: 0.6875 (bce=0.0069 aux_ce=0.0536 domain_ce=0.6591)
  Batch 660/1279 | Loss: 1.0121 (bce=0.0173 aux_ce=0.4444 domain_ce=0.8170)
  Batch 670/1279 | Loss: 1.0105 (bce=0.3476 aux_ce=0.0753 domain_ce=0.6328)
  Batch 680/1279 | Loss: 2.3886 (bce=1.2873 aux_ce=0.6649 domain_ce=0.8354)
  Batch 690/1279 | Loss: 1.4298 (bce=0.4283 aux_ce=0.4641 domain_ce=0.8159)
  Batch 700/1279 | Loss: 0.8698 (bce=0.0934 aux_ce=0.2570 domain_ce=0.6736)
  Batch 710/1279 | Loss: 0.6439 (bce=0.0104 aux_ce=0.1091 domain_ce=0.5898)
  Batch 720/1279 | Loss: 0.9466 (bce=0.0077 aux_ce=0.0622 domain_ce=0.9140)
  Batch 730/1279 | Loss: 0.7394 (bce=0.0152 aux_ce=0.0769 domain_ce=0.6935)
  Batch 740/1279 | Loss: 1.4244 (bce=0.3144 aux_ce=0.3923 domain_ce=0.9531)
  Batch 750/1279 | Loss: 1.0512 (bce=0.0252 aux_ce=0.0458 domain_ce=1.0078)
  Batch 760/1279 | Loss: 1.1690 (bce=0.1285 aux_ce=0.0593 domain_ce=1.0167)
  Batch 770/1279 | Loss: 0.9739 (bce=0.0633 aux_ce=0.4878 domain_ce=0.7154)
  Batch 780/1279 | Loss: 1.1422 (bce=0.0087 aux_ce=0.0826 domain_ce=1.1005)
  Batch 790/1279 | Loss: 0.7393 (bce=0.0276 aux_ce=0.0858 domain_ce=0.6773)
  Batch 800/1279 | Loss: 0.9509 (bce=0.0064 aux_ce=0.0286 domain_ce=0.9330)
  Batch 810/1279 | Loss: 0.9453 (bce=0.0949 aux_ce=0.0727 domain_ce=0.8213)
  Batch 820/1279 | Loss: 0.7689 (bce=0.0063 aux_ce=0.2789 domain_ce=0.6511)
  Batch 830/1279 | Loss: 1.2653 (bce=0.0178 aux_ce=0.5343 domain_ce=1.0339)
  Batch 840/1279 | Loss: 0.9465 (bce=0.0790 aux_ce=0.1515 domain_ce=0.8069)
  Batch 850/1279 | Loss: 0.9287 (bce=0.0960 aux_ce=0.1657 domain_ce=0.7664)
  Batch 860/1279 | Loss: 0.9236 (bce=0.0119 aux_ce=0.0453 domain_ce=0.8936)
  Batch 870/1279 | Loss: 0.8916 (bce=0.0121 aux_ce=0.0646 domain_ce=0.8537)
  Batch 880/1279 | Loss: 1.0296 (bce=0.0065 aux_ce=0.1723 domain_ce=0.9542)
  Batch 890/1279 | Loss: 0.5835 (bce=0.0056 aux_ce=0.0889 domain_ce=0.5424)
  Batch 900/1279 | Loss: 2.5650 (bce=1.1898 aux_ce=0.9804 domain_ce=0.9831)
  Batch 910/1279 | Loss: 1.3223 (bce=0.0440 aux_ce=0.0648 domain_ce=1.2523)
  Batch 920/1279 | Loss: 1.2167 (bce=0.0322 aux_ce=0.4724 domain_ce=0.9955)
  Batch 930/1279 | Loss: 0.9383 (bce=0.0811 aux_ce=0.3572 domain_ce=0.7143)
  Batch 940/1279 | Loss: 0.6466 (bce=0.0165 aux_ce=0.0757 domain_ce=0.5998)
  Batch 950/1279 | Loss: 1.0938 (bce=0.0057 aux_ce=0.1181 domain_ce=1.0409)
  Batch 960/1279 | Loss: 0.9594 (bce=0.0105 aux_ce=0.0777 domain_ce=0.9179)
  Batch 970/1279 | Loss: 0.7564 (bce=0.0130 aux_ce=0.0143 domain_ce=0.7376)
  Batch 980/1279 | Loss: 1.0197 (bce=0.0044 aux_ce=0.0318 domain_ce=1.0025)
  Batch 990/1279 | Loss: 1.1958 (bce=0.0120 aux_ce=0.0508 domain_ce=1.1635)
  Batch 1000/1279 | Loss: 1.0605 (bce=0.2191 aux_ce=0.2360 domain_ce=0.7470)
  Batch 1010/1279 | Loss: 1.1101 (bce=0.0987 aux_ce=0.2065 domain_ce=0.9287)
  Batch 1020/1279 | Loss: 1.4093 (bce=0.3187 aux_ce=0.4299 domain_ce=0.9186)
  Batch 1030/1279 | Loss: 0.7924 (bce=0.0611 aux_ce=0.1097 domain_ce=0.6875)
  Batch 1040/1279 | Loss: 0.8036 (bce=0.0413 aux_ce=0.0614 domain_ce=0.7378)
  Batch 1050/1279 | Loss: 1.2061 (bce=0.0077 aux_ce=0.0281 domain_ce=1.1871)
  Batch 1060/1279 | Loss: 1.1954 (bce=0.1424 aux_ce=0.1205 domain_ce=1.0048)
  Batch 1070/1279 | Loss: 1.6127 (bce=0.4701 aux_ce=0.7027 domain_ce=0.8615)
  Batch 1080/1279 | Loss: 1.2678 (bce=0.0085 aux_ce=0.0588 domain_ce=1.2358)
  Batch 1090/1279 | Loss: 1.2760 (bce=0.2215 aux_ce=0.2514 domain_ce=0.9540)
  Batch 1100/1279 | Loss: 0.9387 (bce=0.0243 aux_ce=0.0352 domain_ce=0.9003)
  Batch 1110/1279 | Loss: 1.2535 (bce=0.0865 aux_ce=0.0368 domain_ce=1.1523)
  Batch 1120/1279 | Loss: 1.3965 (bce=0.0062 aux_ce=0.0603 domain_ce=1.3662)
  Batch 1130/1279 | Loss: 1.2081 (bce=0.0130 aux_ce=0.2560 domain_ce=1.0927)
  Batch 1140/1279 | Loss: 2.6793 (bce=1.7150 aux_ce=0.9015 domain_ce=0.6037)
  Batch 1150/1279 | Loss: 0.9999 (bce=0.0409 aux_ce=0.0898 domain_ce=0.9231)
  Batch 1160/1279 | Loss: 1.1256 (bce=0.0346 aux_ce=0.1835 domain_ce=1.0175)
  Batch 1170/1279 | Loss: 1.1458 (bce=0.1374 aux_ce=0.0582 domain_ce=0.9852)
  Batch 1180/1279 | Loss: 0.8471 (bce=0.0375 aux_ce=0.0376 domain_ce=0.7946)
  Batch 1190/1279 | Loss: 1.1678 (bce=0.0777 aux_ce=0.0652 domain_ce=1.0641)
  Batch 1200/1279 | Loss: 1.2090 (bce=0.0348 aux_ce=0.0300 domain_ce=1.1622)
  Batch 1210/1279 | Loss: 0.9813 (bce=0.0107 aux_ce=0.1010 domain_ce=0.9302)
  Batch 1220/1279 | Loss: 0.8437 (bce=0.0262 aux_ce=0.0677 domain_ce=0.7904)
  Batch 1230/1279 | Loss: 0.8479 (bce=0.0247 aux_ce=0.0304 domain_ce=0.8111)
  Batch 1240/1279 | Loss: 0.9241 (bce=0.1163 aux_ce=0.3421 domain_ce=0.6709)
  Batch 1250/1279 | Loss: 2.7008 (bce=1.4929 aux_ce=1.4541 domain_ce=0.6263)
  Batch 1260/1279 | Loss: 0.8468 (bce=0.0159 aux_ce=0.0269 domain_ce=0.8201)
  Batch 1270/1279 | Loss: 1.4707 (bce=0.0960 aux_ce=0.0521 domain_ce=1.3538)
Epoch 10 | Train Loss: 1.1385 | Train Acc: 0.9757 | Val AUC: 0.9752 | Domain Acc: 0.5678 (chance=0.333, lambda=0.279)
Saved checkpoint: models\stageA_checkpoint_epoch10.pth
  No improvement for 4/5 epochs
  Batch 10/1279 | Loss: 1.3713 (bce=0.3718 aux_ce=0.4697 domain_ce=0.8117)
  Batch 20/1279 | Loss: 0.9205 (bce=0.0166 aux_ce=0.1745 domain_ce=0.8341)
  Batch 30/1279 | Loss: 1.2039 (bce=0.3268 aux_ce=0.2526 domain_ce=0.7760)
  Batch 40/1279 | Loss: 0.6839 (bce=0.0060 aux_ce=0.0852 domain_ce=0.6438)
  Batch 50/1279 | Loss: 0.9291 (bce=0.0101 aux_ce=0.1491 domain_ce=0.8594)
  Batch 60/1279 | Loss: 0.9683 (bce=0.0300 aux_ce=0.0199 domain_ce=0.9303)
  Batch 70/1279 | Loss: 1.3494 (bce=0.3972 aux_ce=0.3488 domain_ce=0.8127)
  Batch 80/1279 | Loss: 1.0804 (bce=0.0117 aux_ce=0.2587 domain_ce=0.9651)
  Batch 90/1279 | Loss: 1.0655 (bce=0.0166 aux_ce=0.1052 domain_ce=1.0068)
  Batch 100/1279 | Loss: 0.8652 (bce=0.0123 aux_ce=0.0858 domain_ce=0.8185)
  Batch 110/1279 | Loss: 0.9954 (bce=0.0073 aux_ce=0.0320 domain_ce=0.9753)
  Batch 120/1279 | Loss: 0.8079 (bce=0.0603 aux_ce=0.1819 domain_ce=0.6748)
  Batch 130/1279 | Loss: 1.0213 (bce=0.0028 aux_ce=0.0566 domain_ce=0.9958)
  Batch 140/1279 | Loss: 0.9638 (bce=0.0117 aux_ce=0.0818 domain_ce=0.9194)
  Batch 150/1279 | Loss: 1.3352 (bce=0.0029 aux_ce=0.1655 domain_ce=1.2661)
  Batch 160/1279 | Loss: 1.4032 (bce=0.0089 aux_ce=0.1017 domain_ce=1.3536)
  Batch 170/1279 | Loss: 2.5633 (bce=1.4356 aux_ce=0.6545 domain_ce=0.8659)
  Batch 180/1279 | Loss: 1.4767 (bce=0.5005 aux_ce=0.4499 domain_ce=0.7962)
  Batch 190/1279 | Loss: 1.4857 (bce=0.0053 aux_ce=0.1174 domain_ce=1.4335)
  Batch 200/1279 | Loss: 1.5407 (bce=0.0109 aux_ce=0.0148 domain_ce=1.5238)
  Batch 210/1279 | Loss: 1.2906 (bce=0.2332 aux_ce=0.2270 domain_ce=0.9666)
  Batch 220/1279 | Loss: 0.9832 (bce=0.0238 aux_ce=0.1752 domain_ce=0.8893)
  Batch 230/1279 | Loss: 1.1541 (bce=0.0098 aux_ce=0.0572 domain_ce=1.1215)
  Batch 240/1279 | Loss: 0.8754 (bce=0.0125 aux_ce=0.0695 domain_ce=0.8351)
  Batch 250/1279 | Loss: 1.0469 (bce=0.0536 aux_ce=0.0744 domain_ce=0.9635)
  Batch 260/1279 | Loss: 1.1000 (bce=0.0224 aux_ce=0.2080 domain_ce=0.9944)
  Batch 270/1279 | Loss: 0.9471 (bce=0.1884 aux_ce=0.0949 domain_ce=0.7208)
  Batch 280/1279 | Loss: 1.6712 (bce=0.0146 aux_ce=0.0400 domain_ce=1.6406)
  Batch 290/1279 | Loss: 1.1918 (bce=0.1048 aux_ce=0.1852 domain_ce=1.0129)
  Batch 300/1279 | Loss: 1.2819 (bce=0.0315 aux_ce=0.2285 domain_ce=1.1591)
  Batch 310/1279 | Loss: 1.6743 (bce=0.3505 aux_ce=0.5800 domain_ce=1.0917)
  Batch 320/1279 | Loss: 1.4492 (bce=0.5155 aux_ce=0.2132 domain_ce=0.8485)
  Batch 330/1279 | Loss: 0.7836 (bce=0.0236 aux_ce=0.0641 domain_ce=0.7343)
  Batch 340/1279 | Loss: 1.2311 (bce=0.0109 aux_ce=0.0600 domain_ce=1.1963)
  Batch 350/1279 | Loss: 1.0888 (bce=0.0105 aux_ce=0.0284 domain_ce=1.0670)
  Batch 360/1279 | Loss: 1.9166 (bce=0.0725 aux_ce=0.3250 domain_ce=1.7141)
  Batch 370/1279 | Loss: 1.1287 (bce=0.0019 aux_ce=0.2496 domain_ce=1.0269)
  Batch 380/1279 | Loss: 0.9483 (bce=0.0074 aux_ce=0.1327 domain_ce=0.8878)
  Batch 390/1279 | Loss: 1.1490 (bce=0.0287 aux_ce=0.1405 domain_ce=1.0641)
  Batch 400/1279 | Loss: 1.1574 (bce=0.0303 aux_ce=0.0757 domain_ce=1.0969)
  Batch 410/1279 | Loss: 0.9868 (bce=0.0664 aux_ce=0.1083 domain_ce=0.8772)
  Batch 420/1279 | Loss: 1.6190 (bce=0.5151 aux_ce=0.7049 domain_ce=0.8219)
  Batch 430/1279 | Loss: 1.8014 (bce=0.3952 aux_ce=0.6040 domain_ce=1.1646)
  Batch 440/1279 | Loss: 1.5849 (bce=0.0935 aux_ce=0.1623 domain_ce=1.4265)
  Batch 450/1279 | Loss: 1.6188 (bce=0.0334 aux_ce=0.1749 domain_ce=1.5154)
  Batch 460/1279 | Loss: 3.8438 (bce=1.6150 aux_ce=1.8919 domain_ce=1.4720)
  Batch 470/1279 | Loss: 1.5915 (bce=0.0290 aux_ce=0.2440 domain_ce=1.4649)
  Batch 480/1279 | Loss: 1.1108 (bce=0.0081 aux_ce=0.1272 domain_ce=1.0518)
  Batch 490/1279 | Loss: 2.0094 (bce=0.0352 aux_ce=0.1131 domain_ce=1.9290)
  Batch 500/1279 | Loss: 2.1681 (bce=0.0197 aux_ce=0.1688 domain_ce=2.0809)
  Batch 510/1279 | Loss: 2.9712 (bce=0.8766 aux_ce=1.3771 domain_ce=1.5437)
  Batch 520/1279 | Loss: 2.0779 (bce=0.2541 aux_ce=0.5046 domain_ce=1.6219)
  Batch 530/1279 | Loss: 1.8107 (bce=0.0124 aux_ce=0.0975 domain_ce=1.7593)
  Batch 540/1279 | Loss: 1.7186 (bce=0.0906 aux_ce=0.0892 domain_ce=1.5923)
  Batch 550/1279 | Loss: 1.4005 (bce=0.0252 aux_ce=0.0451 domain_ce=1.3573)
  Batch 560/1279 | Loss: 1.1657 (bce=0.0123 aux_ce=0.0818 domain_ce=1.1207)
  Batch 570/1279 | Loss: 0.8273 (bce=0.0037 aux_ce=0.1545 domain_ce=0.7618)
  Batch 580/1279 | Loss: 1.5651 (bce=0.0080 aux_ce=0.1914 domain_ce=1.4806)
  Batch 590/1279 | Loss: 2.4372 (bce=0.9457 aux_ce=1.1419 domain_ce=1.0347)
  Batch 600/1279 | Loss: 1.1038 (bce=0.0825 aux_ce=0.2294 domain_ce=0.9295)
  Batch 610/1279 | Loss: 1.0880 (bce=0.0878 aux_ce=0.2126 domain_ce=0.9152)
  Batch 620/1279 | Loss: 0.6210 (bce=0.0374 aux_ce=0.0207 domain_ce=0.5753)
  Batch 630/1279 | Loss: 1.0946 (bce=0.0378 aux_ce=0.0657 domain_ce=1.0305)
  Batch 640/1279 | Loss: 1.1518 (bce=0.0273 aux_ce=0.2804 domain_ce=1.0124)
  Batch 650/1279 | Loss: 1.5188 (bce=0.4923 aux_ce=0.5182 domain_ce=0.8192)
  Batch 660/1279 | Loss: 1.1578 (bce=0.0264 aux_ce=0.1063 domain_ce=1.0889)
  Batch 670/1279 | Loss: 1.1758 (bce=0.0094 aux_ce=0.3261 domain_ce=1.0360)
  Batch 680/1279 | Loss: 1.2416 (bce=0.1177 aux_ce=0.1076 domain_ce=1.0808)
  Batch 690/1279 | Loss: 1.2071 (bce=0.0114 aux_ce=0.1176 domain_ce=1.1487)
  Batch 700/1279 | Loss: 1.2698 (bce=0.0145 aux_ce=0.0950 domain_ce=1.2173)
  Batch 710/1279 | Loss: 1.2761 (bce=0.0075 aux_ce=0.1891 domain_ce=1.1930)
  Batch 720/1279 | Loss: 1.2734 (bce=0.0340 aux_ce=0.1649 domain_ce=1.1734)
  Batch 730/1279 | Loss: 1.2759 (bce=0.0179 aux_ce=0.4822 domain_ce=1.0651)
  Batch 740/1279 | Loss: 1.2899 (bce=0.0303 aux_ce=0.2231 domain_ce=1.1703)
  Batch 750/1279 | Loss: 1.0272 (bce=0.0201 aux_ce=0.0252 domain_ce=0.9970)
  Batch 760/1279 | Loss: 1.1121 (bce=0.0660 aux_ce=0.1005 domain_ce=1.0058)
  Batch 770/1279 | Loss: 1.0992 (bce=0.0559 aux_ce=0.1777 domain_ce=0.9722)
  Batch 780/1279 | Loss: 0.9258 (bce=0.0263 aux_ce=0.0230 domain_ce=0.8903)
  Batch 790/1279 | Loss: 0.9998 (bce=0.0840 aux_ce=0.0517 domain_ce=0.8951)
  Batch 800/1279 | Loss: 0.9114 (bce=0.0075 aux_ce=0.0175 domain_ce=0.8969)
  Batch 810/1279 | Loss: 1.1150 (bce=0.0054 aux_ce=0.2373 domain_ce=1.0147)
  Batch 820/1279 | Loss: 1.3902 (bce=0.0524 aux_ce=0.2012 domain_ce=1.2573)
  Batch 830/1279 | Loss: 1.3679 (bce=0.0035 aux_ce=0.1068 domain_ce=1.3217)
  Batch 840/1279 | Loss: 2.2649 (bce=1.0414 aux_ce=0.9282 domain_ce=0.8522)
  Batch 850/1279 | Loss: 1.6746 (bce=0.5003 aux_ce=0.6509 domain_ce=0.9139)
  Batch 860/1279 | Loss: 3.1685 (bce=1.5640 aux_ce=1.2989 domain_ce=1.0848)
  Batch 870/1279 | Loss: 1.0766 (bce=0.0506 aux_ce=0.1039 domain_ce=0.9845)
  Batch 880/1279 | Loss: 1.7153 (bce=0.7508 aux_ce=1.0033 domain_ce=0.5632)
  Batch 890/1279 | Loss: 1.5427 (bce=0.2428 aux_ce=0.1645 domain_ce=1.2341)
  Batch 900/1279 | Loss: 0.9845 (bce=0.2062 aux_ce=0.1443 domain_ce=0.7207)
  Batch 910/1279 | Loss: 0.9445 (bce=0.1056 aux_ce=0.0539 domain_ce=0.8174)
  Batch 920/1279 | Loss: 1.4837 (bce=0.0715 aux_ce=0.1802 domain_ce=1.3402)
  Batch 930/1279 | Loss: 0.8905 (bce=0.0074 aux_ce=0.0951 domain_ce=0.8451)
  Batch 940/1279 | Loss: 1.1064 (bce=0.0944 aux_ce=0.0630 domain_ce=0.9868)
  Batch 950/1279 | Loss: 1.1177 (bce=0.0091 aux_ce=0.0244 domain_ce=1.0988)
  Batch 960/1279 | Loss: 1.3168 (bce=0.0120 aux_ce=0.0231 domain_ce=1.2955)
  Batch 970/1279 | Loss: 1.0706 (bce=0.0153 aux_ce=0.1514 domain_ce=0.9947)
  Batch 980/1279 | Loss: 1.5524 (bce=0.0371 aux_ce=0.5668 domain_ce=1.2886)
  Batch 990/1279 | Loss: 1.5462 (bce=0.0395 aux_ce=1.8823 domain_ce=0.7538)
  Batch 1000/1279 | Loss: 1.0099 (bce=0.0410 aux_ce=0.1004 domain_ce=0.9287)
  Batch 1010/1279 | Loss: 1.0795 (bce=0.0108 aux_ce=0.1256 domain_ce=1.0184)
  Batch 1020/1279 | Loss: 1.2606 (bce=0.0147 aux_ce=0.2843 domain_ce=1.1322)
  Batch 1030/1279 | Loss: 0.9428 (bce=0.0591 aux_ce=0.1183 domain_ce=0.8364)
  Batch 1040/1279 | Loss: 1.1816 (bce=0.0409 aux_ce=0.7092 domain_ce=0.8570)
  Batch 1050/1279 | Loss: 0.8254 (bce=0.0121 aux_ce=0.0543 domain_ce=0.7915)
  Batch 1060/1279 | Loss: 1.0757 (bce=0.0994 aux_ce=0.1133 domain_ce=0.9309)
  Batch 1070/1279 | Loss: 0.9161 (bce=0.0126 aux_ce=0.0503 domain_ce=0.8835)
  Batch 1080/1279 | Loss: 1.1949 (bce=0.0153 aux_ce=0.0312 domain_ce=1.1671)
  Batch 1090/1279 | Loss: 1.0673 (bce=0.0153 aux_ce=0.0120 domain_ce=1.0472)
  Batch 1100/1279 | Loss: 0.9546 (bce=0.0122 aux_ce=0.2036 domain_ce=0.8609)
  Batch 1110/1279 | Loss: 0.8959 (bce=0.0838 aux_ce=0.1464 domain_ce=0.7535)
  Batch 1120/1279 | Loss: 0.8698 (bce=0.1054 aux_ce=0.1256 domain_ce=0.7142)
  Batch 1130/1279 | Loss: 1.0517 (bce=0.0190 aux_ce=0.0944 domain_ce=0.9949)
  Batch 1140/1279 | Loss: 1.2823 (bce=0.0042 aux_ce=0.1909 domain_ce=1.2018)
  Batch 1150/1279 | Loss: 0.9466 (bce=0.0126 aux_ce=0.0708 domain_ce=0.9056)
  Batch 1160/1279 | Loss: 0.9992 (bce=0.0310 aux_ce=0.0699 domain_ce=0.9402)
  Batch 1170/1279 | Loss: 0.9593 (bce=0.0020 aux_ce=0.1712 domain_ce=0.8887)
  Batch 1180/1279 | Loss: 2.1234 (bce=0.8659 aux_ce=0.8703 domain_ce=0.9094)
  Batch 1190/1279 | Loss: 1.0584 (bce=0.0103 aux_ce=0.0999 domain_ce=1.0082)
  Batch 1200/1279 | Loss: 0.8219 (bce=0.2201 aux_ce=0.1282 domain_ce=0.5505)
  Batch 1210/1279 | Loss: 0.8209 (bce=0.0517 aux_ce=0.0544 domain_ce=0.7475)
  Batch 1220/1279 | Loss: 1.1610 (bce=0.1052 aux_ce=0.1314 domain_ce=1.0032)
  Batch 1230/1279 | Loss: 1.1313 (bce=0.3356 aux_ce=0.2709 domain_ce=0.6873)
  Batch 1240/1279 | Loss: 1.1384 (bce=0.1369 aux_ce=0.2082 domain_ce=0.9182)
  Batch 1250/1279 | Loss: 1.5259 (bce=0.3503 aux_ce=0.5105 domain_ce=0.9714)
  Batch 1260/1279 | Loss: 1.4224 (bce=0.3044 aux_ce=0.5735 domain_ce=0.8886)
  Batch 1270/1279 | Loss: 1.0027 (bce=0.0324 aux_ce=0.1786 domain_ce=0.8989)
Epoch 11 | Train Loss: 1.2635 | Train Acc: 0.9745 | Val AUC: 0.9877 | Domain Acc: 0.5145 (chance=0.333, lambda=0.285)
Saved checkpoint: models\stageA_checkpoint_epoch11.pth
  New best val AUC: 0.9877 - saved stageA_best_model.pth
  Batch 10/1279 | Loss: 0.7907 (bce=0.0103 aux_ce=0.2306 domain_ce=0.6882)
  Batch 20/1279 | Loss: 1.1015 (bce=0.0508 aux_ce=0.0220 domain_ce=1.0419)
  Batch 30/1279 | Loss: 0.7176 (bce=0.0099 aux_ce=0.0363 domain_ce=0.6932)
  Batch 40/1279 | Loss: 1.0919 (bce=0.0092 aux_ce=0.1176 domain_ce=1.0357)
  Batch 50/1279 | Loss: 0.8982 (bce=0.0056 aux_ce=0.4365 domain_ce=0.7180)
  Batch 60/1279 | Loss: 0.8868 (bce=0.0096 aux_ce=0.0165 domain_ce=0.8706)
  Batch 70/1279 | Loss: 1.1331 (bce=0.0521 aux_ce=0.0728 domain_ce=1.0519)
  Batch 80/1279 | Loss: 1.0280 (bce=0.0269 aux_ce=0.1172 domain_ce=0.9542)
  Batch 90/1279 | Loss: 0.9985 (bce=0.0505 aux_ce=0.0945 domain_ce=0.9102)
  Batch 100/1279 | Loss: 1.0970 (bce=0.0116 aux_ce=0.0412 domain_ce=1.0689)
  Batch 110/1279 | Loss: 1.4223 (bce=0.1381 aux_ce=0.6162 domain_ce=1.0377)
  Batch 120/1279 | Loss: 1.1485 (bce=0.0583 aux_ce=0.4405 domain_ce=0.9140)
  Batch 130/1279 | Loss: 1.1152 (bce=0.0049 aux_ce=0.2805 domain_ce=0.9981)
  Batch 140/1279 | Loss: 1.6373 (bce=0.0147 aux_ce=0.1842 domain_ce=1.5489)
  Batch 150/1279 | Loss: 1.0223 (bce=0.0107 aux_ce=0.0931 domain_ce=0.9743)
  Batch 160/1279 | Loss: 1.1949 (bce=0.0226 aux_ce=0.0142 domain_ce=1.1666)
  Batch 170/1279 | Loss: 1.1951 (bce=0.0089 aux_ce=0.0205 domain_ce=1.1780)
  Batch 180/1279 | Loss: 1.9157 (bce=0.7122 aux_ce=0.7224 domain_ce=0.9145)
  Batch 190/1279 | Loss: 1.0828 (bce=0.0032 aux_ce=0.1591 domain_ce=1.0160)
  Batch 200/1279 | Loss: 1.0440 (bce=0.0482 aux_ce=0.1505 domain_ce=0.9355)
  Batch 210/1279 | Loss: 1.3477 (bce=0.0211 aux_ce=0.1837 domain_ce=1.2532)
  Batch 220/1279 | Loss: 1.0449 (bce=0.0107 aux_ce=0.0599 domain_ce=1.0102)
  Batch 230/1279 | Loss: 1.0103 (bce=0.0590 aux_ce=0.1260 domain_ce=0.9009)
  Batch 240/1279 | Loss: 3.5255 (bce=1.9634 aux_ce=1.4373 domain_ce=0.9871)
  Batch 250/1279 | Loss: 1.7432 (bce=0.2801 aux_ce=1.0817 domain_ce=1.0304)
  Batch 260/1279 | Loss: 0.8622 (bce=0.0096 aux_ce=0.0786 domain_ce=0.8212)
  Batch 270/1279 | Loss: 1.4999 (bce=0.2759 aux_ce=0.3387 domain_ce=1.0885)
  Batch 280/1279 | Loss: 1.0957 (bce=0.0083 aux_ce=0.1451 domain_ce=1.0294)
  Batch 290/1279 | Loss: 1.1881 (bce=0.0176 aux_ce=0.0501 domain_ce=1.1505)
  Batch 300/1279 | Loss: 1.5521 (bce=0.3758 aux_ce=0.3954 domain_ce=1.0182)
  Batch 310/1279 | Loss: 1.2444 (bce=0.0099 aux_ce=0.0395 domain_ce=1.2187)
  Batch 320/1279 | Loss: 0.8404 (bce=0.0372 aux_ce=0.0923 domain_ce=0.7663)
  Batch 330/1279 | Loss: 1.1092 (bce=0.0117 aux_ce=0.4015 domain_ce=0.9369)
  Batch 340/1279 | Loss: 0.9700 (bce=0.0086 aux_ce=0.0696 domain_ce=0.9335)
  Batch 350/1279 | Loss: 1.0795 (bce=0.0209 aux_ce=0.2171 domain_ce=0.9718)
  Batch 360/1279 | Loss: 0.8640 (bce=0.0082 aux_ce=0.1019 domain_ce=0.8150)
  Batch 370/1279 | Loss: 1.4127 (bce=0.0069 aux_ce=0.4131 domain_ce=1.2405)
  Batch 380/1279 | Loss: 0.8562 (bce=0.0161 aux_ce=0.0295 domain_ce=0.8283)
  Batch 390/1279 | Loss: 1.0392 (bce=0.1357 aux_ce=0.0834 domain_ce=0.8702)
  Batch 400/1279 | Loss: 0.8951 (bce=0.0038 aux_ce=0.0235 domain_ce=0.8819)
  Batch 410/1279 | Loss: 1.3163 (bce=0.0028 aux_ce=0.6012 domain_ce=1.0729)
  Batch 420/1279 | Loss: 1.3088 (bce=0.0042 aux_ce=0.5608 domain_ce=1.0803)
  Batch 430/1279 | Loss: 1.0077 (bce=0.0052 aux_ce=0.0564 domain_ce=0.9799)
  Batch 440/1279 | Loss: 1.2295 (bce=0.0635 aux_ce=0.1105 domain_ce=1.1218)
  Batch 450/1279 | Loss: 0.9899 (bce=0.0131 aux_ce=0.0972 domain_ce=0.9380)
  Batch 460/1279 | Loss: 0.8322 (bce=0.1356 aux_ce=0.1449 domain_ce=0.6386)
  Batch 470/1279 | Loss: 0.9096 (bce=0.0185 aux_ce=0.1034 domain_ce=0.8498)
  Batch 480/1279 | Loss: 4.0251 (bce=1.9136 aux_ce=2.2433 domain_ce=1.2142)
  Batch 490/1279 | Loss: 0.9407 (bce=0.0086 aux_ce=0.1657 domain_ce=0.8658)
  Batch 500/1279 | Loss: 1.2059 (bce=0.0838 aux_ce=0.1763 domain_ce=1.0516)
  Batch 510/1279 | Loss: 0.9402 (bce=0.0320 aux_ce=0.3369 domain_ce=0.7734)
  Batch 520/1279 | Loss: 1.1521 (bce=0.0051 aux_ce=0.4102 domain_ce=0.9829)
  Batch 530/1279 | Loss: 1.0327 (bce=0.0040 aux_ce=0.0802 domain_ce=0.9966)
  Batch 540/1279 | Loss: 1.4004 (bce=0.0178 aux_ce=0.1434 domain_ce=1.3253)
  Batch 550/1279 | Loss: 1.3696 (bce=0.0279 aux_ce=0.0710 domain_ce=1.3133)
  Batch 560/1279 | Loss: 1.3234 (bce=0.0110 aux_ce=0.0373 domain_ce=1.2975)
  Batch 570/1279 | Loss: 1.3657 (bce=0.0051 aux_ce=0.0663 domain_ce=1.3340)
  Batch 580/1279 | Loss: 1.4296 (bce=0.0678 aux_ce=0.2878 domain_ce=1.2466)
  Batch 590/1279 | Loss: 1.3243 (bce=0.0649 aux_ce=0.0463 domain_ce=1.2409)
  Batch 600/1279 | Loss: 1.5455 (bce=0.0090 aux_ce=0.3249 domain_ce=1.4066)
  Batch 610/1279 | Loss: 1.2082 (bce=0.0096 aux_ce=0.2346 domain_ce=1.1047)
  Batch 620/1279 | Loss: 1.2102 (bce=0.0864 aux_ce=0.0486 domain_ce=1.1044)
  Batch 630/1279 | Loss: 1.0972 (bce=0.1335 aux_ce=0.1362 domain_ce=0.9092)
  Batch 640/1279 | Loss: 1.4691 (bce=0.0160 aux_ce=0.0872 domain_ce=1.4182)
  Batch 650/1279 | Loss: 1.2874 (bce=0.0188 aux_ce=0.8036 domain_ce=0.9472)
  Batch 660/1279 | Loss: 1.0419 (bce=0.0228 aux_ce=0.4158 domain_ce=0.8528)
  Batch 670/1279 | Loss: 1.8024 (bce=0.0871 aux_ce=0.5963 domain_ce=1.4768)
  Batch 680/1279 | Loss: 0.8890 (bce=0.0375 aux_ce=0.0441 domain_ce=0.8339)
  Batch 690/1279 | Loss: 1.5828 (bce=0.0022 aux_ce=0.0453 domain_ce=1.5625)
  Batch 700/1279 | Loss: 0.7867 (bce=0.0052 aux_ce=0.0330 domain_ce=0.7683)
  Batch 710/1279 | Loss: 1.5555 (bce=0.0012 aux_ce=0.0492 domain_ce=1.5346)
  Batch 720/1279 | Loss: 1.2707 (bce=0.0026 aux_ce=0.2319 domain_ce=1.1754)
  Batch 730/1279 | Loss: 1.4229 (bce=0.0087 aux_ce=0.3951 domain_ce=1.2562)
  Batch 740/1279 | Loss: 1.2082 (bce=0.1382 aux_ce=0.1089 domain_ce=1.0265)
  Batch 750/1279 | Loss: 0.9518 (bce=0.0039 aux_ce=0.1148 domain_ce=0.9020)
  Batch 760/1279 | Loss: 1.1263 (bce=0.0016 aux_ce=0.0614 domain_ce=1.1002)
  Batch 770/1279 | Loss: 1.6784 (bce=0.2766 aux_ce=0.1914 domain_ce=1.3252)
  Batch 780/1279 | Loss: 1.2732 (bce=0.0049 aux_ce=0.0413 domain_ce=1.2518)
  Batch 790/1279 | Loss: 0.8399 (bce=0.0020 aux_ce=0.0475 domain_ce=0.8188)
  Batch 800/1279 | Loss: 0.8335 (bce=0.0409 aux_ce=0.3032 domain_ce=0.6713)
  Batch 810/1279 | Loss: 0.8721 (bce=0.0039 aux_ce=0.0982 domain_ce=0.8289)
  Batch 820/1279 | Loss: 1.1457 (bce=0.0032 aux_ce=0.0774 domain_ce=1.1116)
  Batch 830/1279 | Loss: 1.1009 (bce=0.0129 aux_ce=0.1137 domain_ce=1.0425)
  Batch 840/1279 | Loss: 0.9939 (bce=0.0146 aux_ce=0.0927 domain_ce=0.9422)
  Batch 850/1279 | Loss: 1.1214 (bce=0.0024 aux_ce=0.0675 domain_ce=1.0920)
  Batch 860/1279 | Loss: 1.1314 (bce=0.0158 aux_ce=0.5854 domain_ce=0.8815)
  Batch 870/1279 | Loss: 0.9791 (bce=0.0053 aux_ce=0.1411 domain_ce=0.9173)
  Batch 880/1279 | Loss: 1.5262 (bce=0.0290 aux_ce=0.8465 domain_ce=1.1586)
  Batch 890/1279 | Loss: 0.9721 (bce=0.1567 aux_ce=0.3181 domain_ce=0.6882)
  Batch 900/1279 | Loss: 0.8144 (bce=0.1459 aux_ce=0.1138 domain_ce=0.6230)
  Batch 910/1279 | Loss: 0.8173 (bce=0.0382 aux_ce=0.0697 domain_ce=0.7513)
  Batch 920/1279 | Loss: 0.7366 (bce=0.0151 aux_ce=0.0783 domain_ce=0.6902)
  Batch 930/1279 | Loss: 1.2311 (bce=0.0022 aux_ce=0.0400 domain_ce=1.2130)
  Batch 940/1279 | Loss: 1.3735 (bce=0.1947 aux_ce=0.2279 domain_ce=1.0876)
  Batch 950/1279 | Loss: 0.9166 (bce=0.0158 aux_ce=0.1895 domain_ce=0.8250)
  Batch 960/1279 | Loss: 1.1750 (bce=0.0243 aux_ce=0.0594 domain_ce=1.1269)
  Batch 970/1279 | Loss: 2.5389 (bce=1.3502 aux_ce=1.0841 domain_ce=0.7550)
  Batch 980/1279 | Loss: 0.8804 (bce=0.0379 aux_ce=0.0814 domain_ce=0.8099)
  Batch 990/1279 | Loss: 0.8412 (bce=0.0152 aux_ce=0.0368 domain_ce=0.8113)
  Batch 1000/1279 | Loss: 0.9717 (bce=0.0189 aux_ce=0.1795 domain_ce=0.8810)
  Batch 1010/1279 | Loss: 1.4020 (bce=0.2306 aux_ce=0.3662 domain_ce=1.0249)
  Batch 1020/1279 | Loss: 0.9285 (bce=0.0323 aux_ce=0.1112 domain_ce=0.8518)
  Batch 1030/1279 | Loss: 1.0630 (bce=0.0791 aux_ce=0.2156 domain_ce=0.8976)
  Batch 1040/1279 | Loss: 0.9371 (bce=0.0097 aux_ce=0.0693 domain_ce=0.8997)
  Batch 1050/1279 | Loss: 0.7762 (bce=0.0027 aux_ce=0.0455 domain_ce=0.7553)
  Batch 1060/1279 | Loss: 1.1545 (bce=0.0119 aux_ce=0.1522 domain_ce=1.0817)
  Batch 1070/1279 | Loss: 2.7560 (bce=1.4294 aux_ce=1.0860 domain_ce=0.8922)
  Batch 1080/1279 | Loss: 3.3068 (bce=1.8252 aux_ce=1.4967 domain_ce=0.8829)
  Batch 1090/1279 | Loss: 1.0749 (bce=0.0934 aux_ce=0.2041 domain_ce=0.8998)
  Batch 1100/1279 | Loss: 0.7302 (bce=0.0543 aux_ce=0.0331 domain_ce=0.6627)
  Batch 1110/1279 | Loss: 0.9706 (bce=0.1532 aux_ce=0.1856 domain_ce=0.7431)
  Batch 1120/1279 | Loss: 1.2114 (bce=0.0348 aux_ce=0.6501 domain_ce=0.9165)
  Batch 1130/1279 | Loss: 1.1731 (bce=0.0400 aux_ce=0.0560 domain_ce=1.1107)
  Batch 1140/1279 | Loss: 1.3173 (bce=0.2702 aux_ce=0.1186 domain_ce=0.9997)
  Batch 1150/1279 | Loss: 0.9344 (bce=0.1189 aux_ce=0.0445 domain_ce=0.7977)
  Batch 1160/1279 | Loss: 0.7852 (bce=0.0175 aux_ce=0.0655 domain_ce=0.7415)
  Batch 1170/1279 | Loss: 1.1293 (bce=0.0273 aux_ce=0.0497 domain_ce=1.0821)
  Batch 1180/1279 | Loss: 0.8436 (bce=0.0166 aux_ce=0.0331 domain_ce=0.8137)
  Batch 1190/1279 | Loss: 0.9692 (bce=0.1876 aux_ce=0.1464 domain_ce=0.7231)
  Batch 1200/1279 | Loss: 1.1129 (bce=0.0439 aux_ce=0.0491 domain_ce=1.0493)
  Batch 1210/1279 | Loss: 0.8935 (bce=0.0111 aux_ce=0.0476 domain_ce=0.8633)
  Batch 1220/1279 | Loss: 1.1913 (bce=0.0364 aux_ce=0.1386 domain_ce=1.0994)
  Batch 1230/1279 | Loss: 1.0747 (bce=0.0659 aux_ce=0.0256 domain_ce=0.9985)
  Batch 1240/1279 | Loss: 0.9309 (bce=0.0031 aux_ce=0.4227 domain_ce=0.7588)
  Batch 1250/1279 | Loss: 0.9430 (bce=0.0100 aux_ce=0.2392 domain_ce=0.8373)
  Batch 1260/1279 | Loss: 0.6196 (bce=0.0167 aux_ce=0.0515 domain_ce=0.5823)
  Batch 1270/1279 | Loss: 0.9157 (bce=0.0079 aux_ce=0.0596 domain_ce=0.8839)
Epoch 12 | Train Loss: 1.1462 | Train Acc: 0.9842 | Val AUC: 0.9872 | Domain Acc: 0.5674 (chance=0.333, lambda=0.289)
Saved checkpoint: models\stageA_checkpoint_epoch12.pth
  No improvement for 1/5 epochs
  Batch 10/1279 | Loss: 1.3226 (bce=0.0672 aux_ce=0.6291 domain_ce=1.0038)
  Batch 20/1279 | Loss: 0.9274 (bce=0.0138 aux_ce=0.0954 domain_ce=0.8755)
  Batch 30/1279 | Loss: 0.9330 (bce=0.0120 aux_ce=0.0454 domain_ce=0.9028)
  Batch 40/1279 | Loss: 0.9582 (bce=0.0230 aux_ce=0.0873 domain_ce=0.9002)
  Batch 50/1279 | Loss: 0.9963 (bce=0.1478 aux_ce=0.1327 domain_ce=0.7955)
  Batch 60/1279 | Loss: 1.9694 (bce=0.8020 aux_ce=0.6058 domain_ce=0.9251)
  Batch 70/1279 | Loss: 1.4880 (bce=0.1371 aux_ce=0.2820 domain_ce=1.2381)
  Batch 80/1279 | Loss: 0.9870 (bce=0.0999 aux_ce=0.1197 domain_ce=0.8392)
  Batch 90/1279 | Loss: 1.0021 (bce=0.0310 aux_ce=0.0284 domain_ce=0.9598)
  Batch 100/1279 | Loss: 1.1376 (bce=0.0173 aux_ce=0.0349 domain_ce=1.1063)
  Batch 110/1279 | Loss: 0.8564 (bce=0.0058 aux_ce=0.1137 domain_ce=0.8051)
  Batch 120/1279 | Loss: 1.2004 (bce=0.0078 aux_ce=0.1280 domain_ce=1.1413)
  Batch 130/1279 | Loss: 1.4511 (bce=0.5478 aux_ce=0.3997 domain_ce=0.7434)
  Batch 140/1279 | Loss: 1.0161 (bce=0.0494 aux_ce=0.0558 domain_ce=0.9444)
  Batch 150/1279 | Loss: 1.3609 (bce=0.0346 aux_ce=0.0405 domain_ce=1.3101)
  Batch 160/1279 | Loss: 1.0847 (bce=0.0103 aux_ce=0.0318 domain_ce=1.0618)
  Batch 170/1279 | Loss: 1.2922 (bce=0.0132 aux_ce=0.0295 domain_ce=1.2672)
  Batch 180/1279 | Loss: 1.1924 (bce=0.0030 aux_ce=0.1135 domain_ce=1.1440)
  Batch 190/1279 | Loss: 1.7774 (bce=0.0302 aux_ce=0.3841 domain_ce=1.5935)
  Batch 200/1279 | Loss: 4.4323 (bce=2.5385 aux_ce=1.2216 domain_ce=1.4052)
  Batch 210/1279 | Loss: 1.3620 (bce=0.0122 aux_ce=0.0858 domain_ce=1.3154)
  Batch 220/1279 | Loss: 1.4826 (bce=0.0066 aux_ce=0.2501 domain_ce=1.3759)
  Batch 230/1279 | Loss: 2.4305 (bce=0.0300 aux_ce=0.1040 domain_ce=2.3589)
  Batch 240/1279 | Loss: 1.6587 (bce=0.0439 aux_ce=0.3132 domain_ce=1.4895)
  Batch 250/1279 | Loss: 1.9333 (bce=0.1215 aux_ce=0.3379 domain_ce=1.6766)
  Batch 260/1279 | Loss: 1.6120 (bce=0.0231 aux_ce=0.2050 domain_ce=1.5069)
  Batch 270/1279 | Loss: 1.6682 (bce=0.3838 aux_ce=0.2935 domain_ce=1.1670)
  Batch 280/1279 | Loss: 1.6113 (bce=0.1373 aux_ce=0.0916 domain_ce=1.4374)
  Batch 290/1279 | Loss: 3.2460 (bce=1.4695 aux_ce=1.3555 domain_ce=1.2342)
  Batch 300/1279 | Loss: 1.6901 (bce=0.0280 aux_ce=0.1679 domain_ce=1.5950)
  Batch 310/1279 | Loss: 1.0680 (bce=0.0088 aux_ce=0.3307 domain_ce=0.9269)
  Batch 320/1279 | Loss: 2.4328 (bce=0.7089 aux_ce=0.9762 domain_ce=1.3335)
  Batch 330/1279 | Loss: 1.9435 (bce=0.0189 aux_ce=0.0194 domain_ce=1.9168)
  Batch 340/1279 | Loss: 1.2468 (bce=0.0079 aux_ce=0.2997 domain_ce=1.1190)
  Batch 350/1279 | Loss: 0.8019 (bce=0.0216 aux_ce=0.0678 domain_ce=0.7531)
  Batch 360/1279 | Loss: 1.2351 (bce=0.0269 aux_ce=0.3088 domain_ce=1.0847)
  Batch 370/1279 | Loss: 1.0755 (bce=0.0441 aux_ce=0.0561 domain_ce=1.0090)
  Batch 380/1279 | Loss: 1.1668 (bce=0.0104 aux_ce=0.3195 domain_ce=1.0286)
  Batch 390/1279 | Loss: 0.6789 (bce=0.0044 aux_ce=0.0458 domain_ce=0.6562)
  Batch 400/1279 | Loss: 1.0530 (bce=0.0056 aux_ce=0.0742 domain_ce=1.0178)
  Batch 410/1279 | Loss: 1.1294 (bce=0.0047 aux_ce=0.1152 domain_ce=1.0786)
  Batch 420/1279 | Loss: 1.2763 (bce=0.0035 aux_ce=0.0729 domain_ce=1.2437)
  Batch 430/1279 | Loss: 1.1006 (bce=0.0201 aux_ce=0.1929 domain_ce=1.0033)
  Batch 440/1279 | Loss: 1.5688 (bce=0.0075 aux_ce=0.1174 domain_ce=1.5143)
  Batch 450/1279 | Loss: 1.4421 (bce=0.2450 aux_ce=0.3489 domain_ce=1.0576)
  Batch 460/1279 | Loss: 1.6709 (bce=0.0153 aux_ce=0.1463 domain_ce=1.5970)
  Batch 470/1279 | Loss: 1.4961 (bce=0.0051 aux_ce=0.1006 domain_ce=1.4508)
  Batch 480/1279 | Loss: 1.4068 (bce=0.0126 aux_ce=0.0191 domain_ce=1.3866)
  Batch 490/1279 | Loss: 0.8680 (bce=0.0381 aux_ce=0.0458 domain_ce=0.8116)
  Batch 500/1279 | Loss: 1.3172 (bce=0.0527 aux_ce=0.1336 domain_ce=1.2111)
  Batch 510/1279 | Loss: 1.1319 (bce=0.0056 aux_ce=0.2513 domain_ce=1.0258)
  Batch 520/1279 | Loss: 0.9823 (bce=0.0189 aux_ce=0.0297 domain_ce=0.9516)
  Batch 530/1279 | Loss: 1.2199 (bce=0.0510 aux_ce=0.0681 domain_ce=1.1417)
  Batch 540/1279 | Loss: 1.2209 (bce=0.0410 aux_ce=0.2384 domain_ce=1.0845)
  Batch 550/1279 | Loss: 0.9658 (bce=0.0387 aux_ce=0.0460 domain_ce=0.9087)
  Batch 560/1279 | Loss: 1.1765 (bce=0.0367 aux_ce=0.0613 domain_ce=1.1153)
  Batch 570/1279 | Loss: 0.9011 (bce=0.0138 aux_ce=0.0341 domain_ce=0.8737)
  Batch 580/1279 | Loss: 0.8252 (bce=0.0616 aux_ce=0.0189 domain_ce=0.7560)
  Batch 590/1279 | Loss: 1.0904 (bce=0.0066 aux_ce=0.0622 domain_ce=1.0589)
  Batch 600/1279 | Loss: 0.9787 (bce=0.0064 aux_ce=0.0694 domain_ce=0.9445)
  Batch 610/1279 | Loss: 1.1519 (bce=0.0025 aux_ce=0.0912 domain_ce=1.1130)
  Batch 620/1279 | Loss: 0.9379 (bce=0.0038 aux_ce=0.2759 domain_ce=0.8237)
  Batch 630/1279 | Loss: 1.3116 (bce=0.0069 aux_ce=0.0638 domain_ce=1.2791)
  Batch 640/1279 | Loss: 1.0993 (bce=0.0261 aux_ce=0.1140 domain_ce=1.0276)
  Batch 650/1279 | Loss: 1.1724 (bce=0.0076 aux_ce=0.0098 domain_ce=1.1609)
  Batch 660/1279 | Loss: 1.2590 (bce=0.0088 aux_ce=0.0127 domain_ce=1.2452)
  Batch 670/1279 | Loss: 1.2586 (bce=0.0062 aux_ce=0.0944 domain_ce=1.2147)
  Batch 680/1279 | Loss: 1.5385 (bce=0.0063 aux_ce=0.0966 domain_ce=1.4935)
  Batch 690/1279 | Loss: 1.9470 (bce=0.7626 aux_ce=0.2482 domain_ce=1.0851)
  Batch 700/1279 | Loss: 1.3713 (bce=0.0130 aux_ce=0.0739 domain_ce=1.3287)
  Batch 710/1279 | Loss: 1.3654 (bce=0.0904 aux_ce=0.0560 domain_ce=1.2526)
  Batch 720/1279 | Loss: 1.0364 (bce=0.0064 aux_ce=0.0575 domain_ce=1.0070)
  Batch 730/1279 | Loss: 1.2418 (bce=0.0021 aux_ce=0.0637 domain_ce=1.2142)
  Batch 740/1279 | Loss: 1.0916 (bce=0.0600 aux_ce=0.1482 domain_ce=0.9723)
  Batch 750/1279 | Loss: 1.6956 (bce=0.4490 aux_ce=0.5366 domain_ce=1.0320)
  Batch 760/1279 | Loss: 1.0945 (bce=0.0322 aux_ce=0.0827 domain_ce=1.0292)
  Batch 770/1279 | Loss: 0.7728 (bce=0.0286 aux_ce=0.0463 domain_ce=0.7256)
  Batch 780/1279 | Loss: 0.9701 (bce=0.2707 aux_ce=0.1316 domain_ce=0.6468)
  Batch 790/1279 | Loss: 1.0748 (bce=0.0444 aux_ce=0.0306 domain_ce=1.0182)
  Batch 800/1279 | Loss: 0.9864 (bce=0.0656 aux_ce=0.2341 domain_ce=0.8271)
  Batch 810/1279 | Loss: 1.0972 (bce=0.0374 aux_ce=0.0562 domain_ce=1.0373)
  Batch 820/1279 | Loss: 1.2569 (bce=0.0669 aux_ce=0.0357 domain_ce=1.1757)
  Batch 830/1279 | Loss: 0.7150 (bce=0.0318 aux_ce=0.0474 domain_ce=0.6642)
  Batch 840/1279 | Loss: 0.8296 (bce=0.0192 aux_ce=0.0593 domain_ce=0.7866)
  Batch 850/1279 | Loss: 1.0911 (bce=0.0170 aux_ce=0.1055 domain_ce=1.0319)
  Batch 860/1279 | Loss: 0.9403 (bce=0.0148 aux_ce=0.0067 domain_ce=0.9229)
  Batch 870/1279 | Loss: 0.8439 (bce=0.0017 aux_ce=0.0766 domain_ce=0.8116)
  Batch 880/1279 | Loss: 1.3468 (bce=0.0025 aux_ce=0.0016 domain_ce=1.3436)
  Batch 890/1279 | Loss: 1.3062 (bce=0.0039 aux_ce=0.0266 domain_ce=1.2917)
  Batch 900/1279 | Loss: 1.2654 (bce=0.0071 aux_ce=0.0450 domain_ce=1.2403)
  Batch 910/1279 | Loss: 1.2710 (bce=0.0317 aux_ce=0.1498 domain_ce=1.1794)
  Batch 920/1279 | Loss: 1.8278 (bce=0.2460 aux_ce=0.5609 domain_ce=1.3574)
  Batch 930/1279 | Loss: 0.9064 (bce=0.0218 aux_ce=0.1105 domain_ce=0.8404)
  Batch 940/1279 | Loss: 1.0353 (bce=0.0165 aux_ce=0.0882 domain_ce=0.9835)
  Batch 950/1279 | Loss: 1.1352 (bce=0.0147 aux_ce=0.0965 domain_ce=1.0818)
  Batch 960/1279 | Loss: 0.9930 (bce=0.0036 aux_ce=0.0539 domain_ce=0.9678)
  Batch 970/1279 | Loss: 0.8217 (bce=0.0030 aux_ce=0.0597 domain_ce=0.7949)
  Batch 980/1279 | Loss: 1.0971 (bce=0.0034 aux_ce=0.0802 domain_ce=1.0616)
  Batch 990/1279 | Loss: 1.1475 (bce=0.0103 aux_ce=0.1371 domain_ce=1.0823)
  Batch 1000/1279 | Loss: 1.2362 (bce=0.0070 aux_ce=0.1531 domain_ce=1.1680)
  Batch 1010/1279 | Loss: 1.5739 (bce=0.4860 aux_ce=0.4408 domain_ce=0.9116)
  Batch 1020/1279 | Loss: 0.9773 (bce=0.0225 aux_ce=0.0620 domain_ce=0.9300)
  Batch 1030/1279 | Loss: 0.8760 (bce=0.0053 aux_ce=0.0696 domain_ce=0.8429)
  Batch 1040/1279 | Loss: 0.8991 (bce=0.0100 aux_ce=0.0578 domain_ce=0.8660)
  Batch 1050/1279 | Loss: 2.3883 (bce=1.1370 aux_ce=1.0663 domain_ce=0.8248)
  Batch 1060/1279 | Loss: 0.8969 (bce=0.0351 aux_ce=0.2766 domain_ce=0.7512)
  Batch 1070/1279 | Loss: 1.3897 (bce=0.0392 aux_ce=0.7694 domain_ce=1.0427)
  Batch 1080/1279 | Loss: 1.1834 (bce=0.0094 aux_ce=0.1260 domain_ce=1.1236)
  Batch 1090/1279 | Loss: 0.8425 (bce=0.0447 aux_ce=0.0810 domain_ce=0.7654)
  Batch 1100/1279 | Loss: 0.9635 (bce=0.0120 aux_ce=0.0228 domain_ce=0.9423)
  Batch 1110/1279 | Loss: 1.0223 (bce=0.1082 aux_ce=0.0824 domain_ce=0.8812)
  Batch 1120/1279 | Loss: 1.2711 (bce=0.1564 aux_ce=0.3764 domain_ce=0.9642)
  Batch 1130/1279 | Loss: 0.7039 (bce=0.0057 aux_ce=0.0417 domain_ce=0.6815)
  Batch 1140/1279 | Loss: 0.8385 (bce=0.0311 aux_ce=0.5020 domain_ce=0.6066)
  Batch 1150/1279 | Loss: 1.1806 (bce=0.0032 aux_ce=0.0228 domain_ce=1.1682)
  Batch 1160/1279 | Loss: 1.4073 (bce=0.0396 aux_ce=0.3342 domain_ce=1.2339)
  Batch 1170/1279 | Loss: 1.0941 (bce=0.0027 aux_ce=0.0232 domain_ce=1.0822)
  Batch 1180/1279 | Loss: 0.8067 (bce=0.0062 aux_ce=0.2148 domain_ce=0.7145)
  Batch 1190/1279 | Loss: 1.0448 (bce=0.0152 aux_ce=0.0371 domain_ce=1.0147)
  Batch 1200/1279 | Loss: 1.1040 (bce=0.1855 aux_ce=0.1086 domain_ce=0.8751)
  Batch 1210/1279 | Loss: 0.9407 (bce=0.0650 aux_ce=0.0550 domain_ce=0.8537)
  Batch 1220/1279 | Loss: 1.0383 (bce=0.0117 aux_ce=0.0186 domain_ce=1.0192)
  Batch 1230/1279 | Loss: 1.0471 (bce=0.0495 aux_ce=0.1631 domain_ce=0.9324)
  Batch 1240/1279 | Loss: 0.9511 (bce=0.1206 aux_ce=0.1050 domain_ce=0.7885)
  Batch 1250/1279 | Loss: 1.2245 (bce=0.1879 aux_ce=0.4036 domain_ce=0.8751)
  Batch 1260/1279 | Loss: 1.0070 (bce=0.0097 aux_ce=0.0504 domain_ce=0.9771)
  Batch 1270/1279 | Loss: 1.4315 (bce=0.0053 aux_ce=0.1540 domain_ce=1.3646)
Epoch 13 | Train Loss: 1.2816 | Train Acc: 0.9824 | Val AUC: 0.9819 | Domain Acc: 0.5048 (chance=0.333, lambda=0.292)
Saved checkpoint: models\stageA_checkpoint_epoch13.pth
  No improvement for 2/5 epochs
  Batch 10/1279 | Loss: 0.9674 (bce=0.0449 aux_ce=0.1312 domain_ce=0.8701)
  Batch 20/1279 | Loss: 1.2767 (bce=0.0035 aux_ce=0.0170 domain_ce=1.2664)
  Batch 30/1279 | Loss: 0.8253 (bce=0.0054 aux_ce=0.0968 domain_ce=0.7812)
  Batch 40/1279 | Loss: 1.1739 (bce=0.0269 aux_ce=0.0748 domain_ce=1.1172)
  Batch 50/1279 | Loss: 0.7905 (bce=0.0483 aux_ce=0.0859 domain_ce=0.7078)
  Batch 60/1279 | Loss: 0.8926 (bce=0.0865 aux_ce=0.0880 domain_ce=0.7708)
  Batch 70/1279 | Loss: 1.2625 (bce=0.0047 aux_ce=0.2385 domain_ce=1.1625)
  Batch 80/1279 | Loss: 0.9918 (bce=0.0037 aux_ce=0.0423 domain_ce=0.9712)
  Batch 90/1279 | Loss: 1.2662 (bce=0.0054 aux_ce=0.0967 domain_ce=1.2221)
  Batch 100/1279 | Loss: 0.9806 (bce=0.0146 aux_ce=0.1139 domain_ce=0.9205)
  Batch 110/1279 | Loss: 0.9022 (bce=0.0124 aux_ce=0.0226 domain_ce=0.8807)
  Batch 120/1279 | Loss: 0.8508 (bce=0.0346 aux_ce=0.2889 domain_ce=0.7007)
  Batch 130/1279 | Loss: 1.4045 (bce=0.0189 aux_ce=0.0690 domain_ce=1.3580)
  Batch 140/1279 | Loss: 0.9012 (bce=0.0037 aux_ce=0.1473 domain_ce=0.8386)
  Batch 150/1279 | Loss: 1.2969 (bce=0.1018 aux_ce=0.3231 domain_ce=1.0659)
  Batch 160/1279 | Loss: 1.1378 (bce=0.0110 aux_ce=0.1019 domain_ce=1.0861)
  Batch 170/1279 | Loss: 0.9351 (bce=0.0164 aux_ce=0.4008 domain_ce=0.7584)
  Batch 180/1279 | Loss: 0.8681 (bce=0.0142 aux_ce=0.0322 domain_ce=0.8410)
  Batch 190/1279 | Loss: 1.2237 (bce=0.0128 aux_ce=0.1639 domain_ce=1.1454)
  Batch 200/1279 | Loss: 1.1308 (bce=0.0168 aux_ce=0.0633 domain_ce=1.0886)
  Batch 210/1279 | Loss: 1.4329 (bce=0.0063 aux_ce=1.2022 domain_ce=0.9457)
  Batch 220/1279 | Loss: 1.3041 (bce=0.0096 aux_ce=0.0034 domain_ce=1.2931)
  Batch 230/1279 | Loss: 0.9931 (bce=0.0803 aux_ce=0.2177 domain_ce=0.8257)
  Batch 240/1279 | Loss: 1.3783 (bce=0.0022 aux_ce=1.2569 domain_ce=0.8733)
  Batch 250/1279 | Loss: 1.0129 (bce=0.0078 aux_ce=0.0022 domain_ce=1.0042)
  Batch 260/1279 | Loss: 1.0267 (bce=0.0343 aux_ce=0.0795 domain_ce=0.9606)
  Batch 270/1279 | Loss: 0.9706 (bce=0.0154 aux_ce=0.2290 domain_ce=0.8635)
  Batch 280/1279 | Loss: 1.1819 (bce=0.0900 aux_ce=0.3127 domain_ce=0.9668)
  Batch 290/1279 | Loss: 1.1655 (bce=0.0279 aux_ce=0.0396 domain_ce=1.1218)
  Batch 300/1279 | Loss: 0.9331 (bce=0.0159 aux_ce=0.0944 domain_ce=0.8794)
  Batch 310/1279 | Loss: 1.3529 (bce=0.0704 aux_ce=0.0309 domain_ce=1.2701)
  Batch 320/1279 | Loss: 1.1938 (bce=0.0177 aux_ce=0.2332 domain_ce=1.0828)
  Batch 330/1279 | Loss: 1.2346 (bce=0.0106 aux_ce=0.0513 domain_ce=1.2035)
  Batch 340/1279 | Loss: 1.0135 (bce=0.0005 aux_ce=0.1832 domain_ce=0.9397)
  Batch 350/1279 | Loss: 0.9803 (bce=0.0304 aux_ce=0.0928 domain_ce=0.9128)
  Batch 360/1279 | Loss: 1.1878 (bce=0.0083 aux_ce=0.0401 domain_ce=1.1635)
  Batch 370/1279 | Loss: 0.7869 (bce=0.0024 aux_ce=0.0445 domain_ce=0.7667)
  Batch 380/1279 | Loss: 1.7512 (bce=0.0121 aux_ce=0.1421 domain_ce=1.6823)
  Batch 390/1279 | Loss: 1.5463 (bce=0.0064 aux_ce=0.1230 domain_ce=1.4907)
  Batch 400/1279 | Loss: 1.5718 (bce=0.0616 aux_ce=0.0981 domain_ce=1.4709)
  Batch 410/1279 | Loss: 1.3245 (bce=0.0035 aux_ce=0.0677 domain_ce=1.2939)
  Batch 420/1279 | Loss: 0.9814 (bce=0.0041 aux_ce=0.1194 domain_ce=0.9296)
  Batch 430/1279 | Loss: 1.1789 (bce=0.0907 aux_ce=0.0516 domain_ce=1.0675)
  Batch 440/1279 | Loss: 0.7478 (bce=0.0046 aux_ce=0.0218 domain_ce=0.7345)
  Batch 450/1279 | Loss: 1.1820 (bce=0.0039 aux_ce=0.2143 domain_ce=1.0924)
  Batch 460/1279 | Loss: 1.2593 (bce=0.0124 aux_ce=0.1090 domain_ce=1.2032)
  Batch 470/1279 | Loss: 0.6756 (bce=0.0050 aux_ce=0.0386 domain_ce=0.6552)
  Batch 480/1279 | Loss: 1.2060 (bce=0.0298 aux_ce=0.0881 domain_ce=1.1409)
  Batch 490/1279 | Loss: 0.9122 (bce=0.0215 aux_ce=0.1137 domain_ce=0.8452)
  Batch 500/1279 | Loss: 1.3750 (bce=0.0040 aux_ce=0.0306 domain_ce=1.3588)
  Batch 510/1279 | Loss: 0.8376 (bce=0.0280 aux_ce=0.0484 domain_ce=0.7903)
  Batch 520/1279 | Loss: 1.1140 (bce=0.0124 aux_ce=0.0511 domain_ce=1.0811)
  Batch 530/1279 | Loss: 1.0518 (bce=0.2295 aux_ce=0.2152 domain_ce=0.7362)
  Batch 540/1279 | Loss: 0.9801 (bce=0.0091 aux_ce=0.1125 domain_ce=0.9261)
  Batch 550/1279 | Loss: 0.7590 (bce=0.0148 aux_ce=0.0633 domain_ce=0.7188)
  Batch 560/1279 | Loss: 0.9342 (bce=0.0038 aux_ce=0.0394 domain_ce=0.9146)
  Batch 570/1279 | Loss: 1.0197 (bce=0.0640 aux_ce=0.4426 domain_ce=0.7787)
  Batch 580/1279 | Loss: 1.0480 (bce=0.1361 aux_ce=0.2178 domain_ce=0.8248)
  Batch 590/1279 | Loss: 1.4737 (bce=0.4936 aux_ce=0.2242 domain_ce=0.8904)
  Batch 600/1279 | Loss: 0.8343 (bce=0.0184 aux_ce=0.2807 domain_ce=0.7037)
  Batch 610/1279 | Loss: 0.7844 (bce=0.0119 aux_ce=0.0205 domain_ce=0.7643)
  Batch 620/1279 | Loss: 1.1309 (bce=0.0043 aux_ce=0.3208 domain_ce=0.9983)
  Batch 630/1279 | Loss: 1.1736 (bce=0.0974 aux_ce=0.0749 domain_ce=1.0463)
  Batch 640/1279 | Loss: 1.0068 (bce=0.0076 aux_ce=0.0905 domain_ce=0.9630)
  Batch 650/1279 | Loss: 0.9384 (bce=0.2410 aux_ce=0.2660 domain_ce=0.5909)
  Batch 660/1279 | Loss: 1.1778 (bce=0.0032 aux_ce=0.4068 domain_ce=1.0120)
  Batch 670/1279 | Loss: 0.9843 (bce=0.0044 aux_ce=0.1079 domain_ce=0.9368)
  Batch 680/1279 | Loss: 1.0178 (bce=0.0104 aux_ce=0.0116 domain_ce=1.0028)
  Batch 690/1279 | Loss: 1.1270 (bce=0.0156 aux_ce=0.0727 domain_ce=1.0824)
  Batch 700/1279 | Loss: 1.0171 (bce=0.0612 aux_ce=0.0436 domain_ce=0.9384)
  Batch 710/1279 | Loss: 0.8848 (bce=0.0106 aux_ce=0.0308 domain_ce=0.8619)
  Batch 720/1279 | Loss: 1.1098 (bce=0.0247 aux_ce=0.0563 domain_ce=1.0626)
  Batch 730/1279 | Loss: 3.6324 (bce=1.8921 aux_ce=1.4729 domain_ce=1.1512)
  Batch 740/1279 | Loss: 0.9580 (bce=0.0025 aux_ce=0.1284 domain_ce=0.9041)
  Batch 750/1279 | Loss: 1.0665 (bce=0.0086 aux_ce=0.1339 domain_ce=1.0043)
  Batch 760/1279 | Loss: 1.4603 (bce=0.3897 aux_ce=0.2571 domain_ce=0.9677)
  Batch 770/1279 | Loss: 1.5558 (bce=0.3306 aux_ce=0.2197 domain_ce=1.1373)
  Batch 780/1279 | Loss: 1.0557 (bce=0.0054 aux_ce=0.2325 domain_ce=0.9573)
  Batch 790/1279 | Loss: 1.2240 (bce=0.0094 aux_ce=0.0139 domain_ce=1.2091)
  Batch 800/1279 | Loss: 1.2174 (bce=0.0087 aux_ce=0.0911 domain_ce=1.1722)
  Batch 810/1279 | Loss: 0.9127 (bce=0.0161 aux_ce=0.2263 domain_ce=0.8061)
  Batch 820/1279 | Loss: 1.1935 (bce=0.0486 aux_ce=1.1502 domain_ce=0.6848)
  Batch 830/1279 | Loss: 1.2228 (bce=0.0094 aux_ce=0.2085 domain_ce=1.1300)
  Batch 840/1279 | Loss: 1.1024 (bce=0.2340 aux_ce=0.2106 domain_ce=0.7842)
  Batch 850/1279 | Loss: 0.9440 (bce=0.0227 aux_ce=0.0689 domain_ce=0.8938)
  Batch 860/1279 | Loss: 0.7994 (bce=0.0147 aux_ce=0.0127 domain_ce=0.7796)
  Batch 870/1279 | Loss: 0.7897 (bce=0.0217 aux_ce=0.1228 domain_ce=0.7189)
  Batch 880/1279 | Loss: 1.3282 (bce=0.0438 aux_ce=0.0483 domain_ce=1.2651)
  Batch 890/1279 | Loss: 1.0258 (bce=0.0514 aux_ce=0.0536 domain_ce=0.9529)
  Batch 900/1279 | Loss: 1.6668 (bce=0.4843 aux_ce=0.9716 domain_ce=0.7939)
  Batch 910/1279 | Loss: 0.9905 (bce=0.1626 aux_ce=0.0769 domain_ce=0.7971)
  Batch 920/1279 | Loss: 1.1158 (bce=0.0087 aux_ce=0.1005 domain_ce=1.0669)
  Batch 930/1279 | Loss: 1.0943 (bce=0.0032 aux_ce=0.0140 domain_ce=1.0854)
  Batch 940/1279 | Loss: 0.8944 (bce=0.0074 aux_ce=0.0433 domain_ce=0.8697)
  Batch 950/1279 | Loss: 0.9202 (bce=0.0062 aux_ce=0.0692 domain_ce=0.8863)
  Batch 960/1279 | Loss: 1.0868 (bce=0.0219 aux_ce=0.1070 domain_ce=1.0221)
  Batch 970/1279 | Loss: 3.1972 (bce=1.4059 aux_ce=2.1629 domain_ce=0.9261)
  Batch 980/1279 | Loss: 0.9038 (bce=0.0114 aux_ce=0.0675 domain_ce=0.8654)
  Batch 990/1279 | Loss: 1.3209 (bce=0.0573 aux_ce=0.1043 domain_ce=1.2219)
  Batch 1000/1279 | Loss: 1.2628 (bce=0.0051 aux_ce=0.2583 domain_ce=1.1544)
  Batch 1010/1279 | Loss: 1.5335 (bce=0.0097 aux_ce=0.1204 domain_ce=1.4756)
  Batch 1020/1279 | Loss: 1.2058 (bce=0.0329 aux_ce=0.0531 domain_ce=1.1517)
  Batch 1030/1279 | Loss: 0.8610 (bce=0.0101 aux_ce=0.0732 domain_ce=0.8216)
  Batch 1040/1279 | Loss: 1.1957 (bce=0.0083 aux_ce=0.0879 domain_ce=1.1523)
  Batch 1050/1279 | Loss: 0.9069 (bce=0.0184 aux_ce=0.7582 domain_ce=0.5852)
  Batch 1060/1279 | Loss: 1.1956 (bce=0.0064 aux_ce=0.1391 domain_ce=1.1335)
  Batch 1070/1279 | Loss: 1.2276 (bce=0.0295 aux_ce=0.0463 domain_ce=1.1796)
  Batch 1080/1279 | Loss: 1.5050 (bce=0.0091 aux_ce=0.2291 domain_ce=1.4043)
  Batch 1090/1279 | Loss: 1.1741 (bce=0.1724 aux_ce=0.3142 domain_ce=0.8760)
  Batch 1100/1279 | Loss: 1.1811 (bce=0.0150 aux_ce=0.0417 domain_ce=1.1494)
  Batch 1110/1279 | Loss: 1.2222 (bce=0.1496 aux_ce=0.0922 domain_ce=1.0357)
  Batch 1120/1279 | Loss: 1.0768 (bce=0.0358 aux_ce=0.5331 domain_ce=0.8278)
  Batch 1130/1279 | Loss: 1.2920 (bce=0.0691 aux_ce=0.0401 domain_ce=1.2069)
  Batch 1140/1279 | Loss: 0.8266 (bce=0.0093 aux_ce=0.1185 domain_ce=0.7699)
  Batch 1150/1279 | Loss: 1.5571 (bce=0.0027 aux_ce=1.0004 domain_ce=1.1543)
  Batch 1160/1279 | Loss: 1.8433 (bce=0.4492 aux_ce=1.1107 domain_ce=0.9498)
  Batch 1170/1279 | Loss: 1.0218 (bce=0.0394 aux_ce=0.1061 domain_ce=0.9400)
  Batch 1180/1279 | Loss: 0.9151 (bce=0.0049 aux_ce=0.0777 domain_ce=0.8792)
  Batch 1190/1279 | Loss: 1.0264 (bce=0.0626 aux_ce=0.0456 domain_ce=0.9455)
  Batch 1200/1279 | Loss: 1.1378 (bce=0.0016 aux_ce=0.1545 domain_ce=1.0745)
  Batch 1210/1279 | Loss: 0.8461 (bce=0.0794 aux_ce=0.1549 domain_ce=0.7048)
  Batch 1220/1279 | Loss: 0.8317 (bce=0.0108 aux_ce=0.0743 domain_ce=0.7911)
  Batch 1230/1279 | Loss: 1.3526 (bce=0.0046 aux_ce=0.0482 domain_ce=1.3288)
  Batch 1240/1279 | Loss: 1.0095 (bce=0.0306 aux_ce=0.4741 domain_ce=0.7892)
  Batch 1250/1279 | Loss: 0.9167 (bce=0.0113 aux_ce=0.0289 domain_ce=0.8938)
  Batch 1260/1279 | Loss: 1.2942 (bce=0.1655 aux_ce=0.2473 domain_ce=1.0298)
  Batch 1270/1279 | Loss: 1.2692 (bce=0.0025 aux_ce=0.0280 domain_ce=1.2555)
Epoch 14 | Train Loss: 1.1557 | Train Acc: 0.9841 | Val AUC: 0.9887 | Domain Acc: 0.5458 (chance=0.333, lambda=0.294)
Saved checkpoint: models\stageA_checkpoint_epoch14.pth
  New best val AUC: 0.9887 - saved stageA_best_model.pth
  Batch 10/1279 | Loss: 1.3571 (bce=0.0366 aux_ce=0.1061 domain_ce=1.2780)
  Batch 20/1279 | Loss: 1.6283 (bce=0.0230 aux_ce=0.1265 domain_ce=1.5547)
  Batch 30/1279 | Loss: 1.3808 (bce=0.0075 aux_ce=0.0218 domain_ce=1.3646)
  Batch 40/1279 | Loss: 1.6160 (bce=0.0140 aux_ce=0.2190 domain_ce=1.5144)
  Batch 50/1279 | Loss: 1.2212 (bce=0.0115 aux_ce=0.3502 domain_ce=1.0696)
  Batch 60/1279 | Loss: 0.9783 (bce=0.0195 aux_ce=0.0576 domain_ce=0.9358)
  Batch 70/1279 | Loss: 1.5564 (bce=0.2024 aux_ce=0.1730 domain_ce=1.2848)
  Batch 80/1279 | Loss: 1.1383 (bce=0.1170 aux_ce=0.2733 domain_ce=0.9120)
  Batch 90/1279 | Loss: 1.4185 (bce=0.0576 aux_ce=0.1342 domain_ce=1.3072)
  Batch 100/1279 | Loss: 1.0917 (bce=0.1125 aux_ce=0.0493 domain_ce=0.9595)
  Batch 110/1279 | Loss: 1.3014 (bce=0.0105 aux_ce=0.5712 domain_ce=1.0624)
  Batch 120/1279 | Loss: 1.2400 (bce=0.0554 aux_ce=0.2891 domain_ce=1.0689)
  Batch 130/1279 | Loss: 1.3092 (bce=0.0156 aux_ce=0.1587 domain_ce=1.2300)
  Batch 140/1279 | Loss: 0.9197 (bce=0.0105 aux_ce=0.0787 domain_ce=0.8777)
  Batch 150/1279 | Loss: 0.7799 (bce=0.0051 aux_ce=0.0401 domain_ce=0.7588)
  Batch 160/1279 | Loss: 1.0890 (bce=0.0082 aux_ce=0.9622 domain_ce=0.6960)
  Batch 170/1279 | Loss: 1.0286 (bce=0.0054 aux_ce=0.0935 domain_ce=0.9858)
  Batch 180/1279 | Loss: 0.9209 (bce=0.0006 aux_ce=0.2174 domain_ce=0.8333)
  Batch 190/1279 | Loss: 0.8589 (bce=0.0036 aux_ce=0.0308 domain_ce=0.8430)
  Batch 200/1279 | Loss: 0.7776 (bce=0.0028 aux_ce=0.0431 domain_ce=0.7575)
  Batch 210/1279 | Loss: 1.1093 (bce=0.0008 aux_ce=0.1249 domain_ce=1.0586)
  Batch 220/1279 | Loss: 1.4140 (bce=0.1091 aux_ce=0.0515 domain_ce=1.2843)
  Batch 230/1279 | Loss: 1.2369 (bce=0.0020 aux_ce=0.1786 domain_ce=1.1635)
  Batch 240/1279 | Loss: 1.2035 (bce=0.0016 aux_ce=0.0783 domain_ce=1.1706)
  Batch 250/1279 | Loss: 1.2284 (bce=0.0064 aux_ce=0.3216 domain_ce=1.0933)
  Batch 260/1279 | Loss: 1.5030 (bce=0.0049 aux_ce=0.0814 domain_ce=1.4656)
  Batch 270/1279 | Loss: 1.3959 (bce=0.0762 aux_ce=0.1036 domain_ce=1.2782)
  Batch 280/1279 | Loss: 1.1531 (bce=0.0149 aux_ce=0.0670 domain_ce=1.1113)
  Batch 290/1279 | Loss: 4.2288 (bce=1.8255 aux_ce=1.8205 domain_ce=1.6751)
  Batch 300/1279 | Loss: 1.2259 (bce=0.0030 aux_ce=0.0660 domain_ce=1.1965)
  Batch 310/1279 | Loss: 1.4313 (bce=0.0045 aux_ce=0.0353 domain_ce=1.4127)
  Batch 320/1279 | Loss: 1.3458 (bce=0.3175 aux_ce=0.2196 domain_ce=0.9405)
  Batch 330/1279 | Loss: 1.0971 (bce=0.0140 aux_ce=0.0563 domain_ce=1.0606)
  Batch 340/1279 | Loss: 2.5647 (bce=1.0997 aux_ce=1.0538 domain_ce=1.0435)
  Batch 350/1279 | Loss: 1.1269 (bce=0.0279 aux_ce=0.3075 domain_ce=0.9760)
  Batch 360/1279 | Loss: 0.8047 (bce=0.0231 aux_ce=0.0692 domain_ce=0.7540)
  Batch 370/1279 | Loss: 1.2001 (bce=0.0137 aux_ce=0.0397 domain_ce=1.1705)
  Batch 380/1279 | Loss: 1.3978 (bce=0.0402 aux_ce=0.0393 domain_ce=1.3419)
  Batch 390/1279 | Loss: 1.4111 (bce=0.0055 aux_ce=0.6402 domain_ce=1.1496)
  Batch 400/1279 | Loss: 0.9323 (bce=0.0454 aux_ce=0.0185 domain_ce=0.8795)
  Batch 410/1279 | Loss: 1.2360 (bce=0.0093 aux_ce=0.0626 domain_ce=1.2016)
  Batch 420/1279 | Loss: 1.1686 (bce=0.0168 aux_ce=0.0568 domain_ce=1.1291)
  Batch 430/1279 | Loss: 1.6986 (bce=0.3172 aux_ce=0.2880 domain_ce=1.2662)
  Batch 440/1279 | Loss: 0.8733 (bce=0.0387 aux_ce=0.0241 domain_ce=0.8250)
  Batch 450/1279 | Loss: 0.9051 (bce=0.0283 aux_ce=0.0507 domain_ce=0.8565)
  Batch 460/1279 | Loss: 1.0399 (bce=0.0127 aux_ce=0.1145 domain_ce=0.9813)
  Batch 470/1279 | Loss: 1.2035 (bce=0.0240 aux_ce=0.0106 domain_ce=1.1754)
  Batch 480/1279 | Loss: 1.1931 (bce=0.0884 aux_ce=0.0843 domain_ce=1.0710)
  Batch 490/1279 | Loss: 0.7011 (bce=0.0314 aux_ce=0.0995 domain_ce=0.6299)
  Batch 500/1279 | Loss: 0.7841 (bce=0.1134 aux_ce=0.1107 domain_ce=0.6265)
  Batch 510/1279 | Loss: 1.0602 (bce=0.2015 aux_ce=0.1215 domain_ce=0.8100)
  Batch 520/1279 | Loss: 1.4101 (bce=0.0771 aux_ce=0.8561 domain_ce=0.9906)
  Batch 530/1279 | Loss: 1.1998 (bce=0.0045 aux_ce=0.0118 domain_ce=1.1905)
  Batch 540/1279 | Loss: 1.8916 (bce=0.3355 aux_ce=0.8199 domain_ce=1.2281)
  Batch 550/1279 | Loss: 1.1913 (bce=0.0387 aux_ce=0.0286 domain_ce=1.1412)
  Batch 560/1279 | Loss: 1.0847 (bce=0.0564 aux_ce=0.5349 domain_ce=0.8143)
  Batch 570/1279 | Loss: 1.0125 (bce=0.0305 aux_ce=0.0639 domain_ce=0.9565)
  Batch 580/1279 | Loss: 1.0896 (bce=0.0235 aux_ce=0.0107 domain_ce=1.0618)
  Batch 590/1279 | Loss: 1.1571 (bce=0.0206 aux_ce=0.1930 domain_ce=1.0593)
  Batch 600/1279 | Loss: 1.3371 (bce=0.0531 aux_ce=0.1058 domain_ce=1.2417)
  Batch 610/1279 | Loss: 1.1482 (bce=0.0103 aux_ce=0.1669 domain_ce=1.0712)
  Batch 620/1279 | Loss: 1.8091 (bce=0.0028 aux_ce=0.1437 domain_ce=1.7488)
  Batch 630/1279 | Loss: 1.3028 (bce=0.0281 aux_ce=0.1121 domain_ce=1.2299)
  Batch 640/1279 | Loss: 1.0569 (bce=0.0314 aux_ce=0.0826 domain_ce=0.9924)
  Batch 650/1279 | Loss: 0.8211 (bce=0.0064 aux_ce=0.0170 domain_ce=0.8079)
  Batch 660/1279 | Loss: 0.9873 (bce=0.0603 aux_ce=0.0467 domain_ce=0.9083)
  Batch 670/1279 | Loss: 0.7777 (bce=0.0736 aux_ce=0.0464 domain_ce=0.6856)
  Batch 680/1279 | Loss: 1.2530 (bce=0.0084 aux_ce=0.0615 domain_ce=1.2200)
  Batch 690/1279 | Loss: 1.0300 (bce=0.0024 aux_ce=0.0952 domain_ce=0.9896)
  Batch 700/1279 | Loss: 0.8187 (bce=0.0010 aux_ce=0.0591 domain_ce=0.7940)
  Batch 710/1279 | Loss: 0.9329 (bce=0.0052 aux_ce=0.0811 domain_ce=0.8953)
  Batch 720/1279 | Loss: 1.2295 (bce=0.0062 aux_ce=0.0365 domain_ce=1.2086)
  Batch 730/1279 | Loss: 1.1014 (bce=0.0110 aux_ce=0.0827 domain_ce=1.0574)
  Batch 740/1279 | Loss: 0.9870 (bce=0.0110 aux_ce=0.0218 domain_ce=0.9672)
  Batch 750/1279 | Loss: 1.9758 (bce=0.4047 aux_ce=0.5040 domain_ce=1.3696)
  Batch 760/1279 | Loss: 0.8728 (bce=0.0130 aux_ce=0.1161 domain_ce=0.8134)
  Batch 770/1279 | Loss: 1.2289 (bce=0.0081 aux_ce=0.0298 domain_ce=1.2089)
  Batch 780/1279 | Loss: 1.2608 (bce=0.0371 aux_ce=0.0379 domain_ce=1.2086)
  Batch 790/1279 | Loss: 1.1763 (bce=0.1949 aux_ce=0.2362 domain_ce=0.8870)
  Batch 800/1279 | Loss: 1.1516 (bce=0.0532 aux_ce=0.3040 domain_ce=0.9768)
  Batch 810/1279 | Loss: 1.0403 (bce=0.0483 aux_ce=0.5523 domain_ce=0.7711)
  Batch 820/1279 | Loss: 1.8385 (bce=0.5719 aux_ce=0.5133 domain_ce=1.0613)
  Batch 830/1279 | Loss: 0.9489 (bce=0.0155 aux_ce=0.0311 domain_ce=0.9209)
  Batch 840/1279 | Loss: 0.9894 (bce=0.0205 aux_ce=0.0482 domain_ce=0.9496)
  Batch 850/1279 | Loss: 1.2018 (bce=0.0229 aux_ce=0.0068 domain_ce=1.1762)
  Batch 860/1279 | Loss: 1.0121 (bce=0.0038 aux_ce=0.2552 domain_ce=0.9062)
  Batch 870/1279 | Loss: 1.0507 (bce=0.0046 aux_ce=0.0206 domain_ce=1.0379)
  Batch 880/1279 | Loss: 1.1323 (bce=0.0042 aux_ce=0.0809 domain_ce=1.0957)
  Batch 890/1279 | Loss: 0.9742 (bce=0.2278 aux_ce=0.1797 domain_ce=0.6745)
  Batch 900/1279 | Loss: 0.7630 (bce=0.0549 aux_ce=0.0340 domain_ce=0.6945)
  Batch 910/1279 | Loss: 0.5928 (bce=0.0714 aux_ce=0.0189 domain_ce=0.5138)
  Batch 920/1279 | Loss: 1.1561 (bce=0.0028 aux_ce=0.0959 domain_ce=1.1149)
  Batch 930/1279 | Loss: 1.3456 (bce=0.3355 aux_ce=0.5790 domain_ce=0.7785)
  Batch 940/1279 | Loss: 1.0593 (bce=0.0029 aux_ce=0.0978 domain_ce=1.0173)
  Batch 950/1279 | Loss: 1.1592 (bce=0.0056 aux_ce=0.0465 domain_ce=1.1350)
  Batch 960/1279 | Loss: 1.0520 (bce=0.0022 aux_ce=0.0743 domain_ce=1.0200)
  Batch 970/1279 | Loss: 1.0141 (bce=0.0030 aux_ce=0.2032 domain_ce=0.9298)
  Batch 980/1279 | Loss: 0.9354 (bce=0.2198 aux_ce=0.1413 domain_ce=0.6591)
  Batch 990/1279 | Loss: 1.1720 (bce=0.0143 aux_ce=0.0237 domain_ce=1.1482)
  Batch 1000/1279 | Loss: 0.8433 (bce=0.0095 aux_ce=0.0431 domain_ce=0.8165)
  Batch 1010/1279 | Loss: 1.0322 (bce=0.1152 aux_ce=0.0880 domain_ce=0.8818)
  Batch 1020/1279 | Loss: 0.9267 (bce=0.0817 aux_ce=0.0438 domain_ce=0.8275)
  Batch 1030/1279 | Loss: 1.1570 (bce=0.0486 aux_ce=0.1297 domain_ce=1.0565)
  Batch 1040/1279 | Loss: 1.1952 (bce=0.2533 aux_ce=0.1915 domain_ce=0.8654)
  Batch 1050/1279 | Loss: 1.0909 (bce=0.0372 aux_ce=0.0507 domain_ce=1.0335)
  Batch 1060/1279 | Loss: 1.2318 (bce=0.0212 aux_ce=0.1476 domain_ce=1.1515)
  Batch 1070/1279 | Loss: 1.3860 (bce=0.1387 aux_ce=0.8165 domain_ce=0.9208)
  Batch 1080/1279 | Loss: 0.9249 (bce=0.0038 aux_ce=0.0861 domain_ce=0.8867)
  Batch 1090/1279 | Loss: 0.9829 (bce=0.0058 aux_ce=0.0213 domain_ce=0.9686)
  Batch 1100/1279 | Loss: 1.0890 (bce=0.0100 aux_ce=0.0573 domain_ce=1.0561)
  Batch 1110/1279 | Loss: 0.9921 (bce=0.0087 aux_ce=0.0226 domain_ce=0.9744)
  Batch 1120/1279 | Loss: 0.9963 (bce=0.1575 aux_ce=0.1240 domain_ce=0.7892)
  Batch 1130/1279 | Loss: 1.1711 (bce=0.0564 aux_ce=0.0579 domain_ce=1.0916)
  Batch 1140/1279 | Loss: 0.8033 (bce=0.0772 aux_ce=0.0514 domain_ce=0.7054)
  Batch 1150/1279 | Loss: 1.2107 (bce=0.2715 aux_ce=0.2920 domain_ce=0.8224)
  Batch 1160/1279 | Loss: 0.9856 (bce=0.0342 aux_ce=0.0674 domain_ce=0.9245)
  Batch 1170/1279 | Loss: 1.0518 (bce=0.0094 aux_ce=0.0279 domain_ce=1.0311)
  Batch 1180/1279 | Loss: 1.4862 (bce=0.0630 aux_ce=0.0452 domain_ce=1.4051)
  Batch 1190/1279 | Loss: 1.5221 (bce=0.0086 aux_ce=0.1475 domain_ce=1.4545)
  Batch 1200/1279 | Loss: 2.1524 (bce=0.1247 aux_ce=0.2536 domain_ce=1.9263)
  Batch 1210/1279 | Loss: 1.5161 (bce=0.0114 aux_ce=0.0697 domain_ce=1.4769)
  Batch 1220/1279 | Loss: 1.5770 (bce=0.0034 aux_ce=0.0588 domain_ce=1.5500)
  Batch 1230/1279 | Loss: 1.0107 (bce=0.0052 aux_ce=0.0890 domain_ce=0.9699)
  Batch 1240/1279 | Loss: 1.2524 (bce=0.0059 aux_ce=0.0274 domain_ce=1.2355)
  Batch 1250/1279 | Loss: 0.9109 (bce=0.0067 aux_ce=0.0542 domain_ce=0.8825)
  Batch 1260/1279 | Loss: 1.0713 (bce=0.0258 aux_ce=0.1025 domain_ce=1.0045)
  Batch 1270/1279 | Loss: 1.1926 (bce=0.0179 aux_ce=0.0450 domain_ce=1.1567)
Epoch 15 | Train Loss: 1.2214 | Train Acc: 0.9839 | Val AUC: 0.9753 | Domain Acc: 0.5087 (chance=0.333, lambda=0.296)
Saved checkpoint: models\stageA_checkpoint_epoch15.pth
  No improvement for 1/5 epochs
  Batch 10/1279 | Loss: 0.9966 (bce=0.0495 aux_ce=0.0701 domain_ce=0.9191)
  Batch 20/1279 | Loss: 1.2378 (bce=0.0038 aux_ce=0.0699 domain_ce=1.2061)
  Batch 30/1279 | Loss: 1.3486 (bce=0.0073 aux_ce=0.0630 domain_ce=1.3161)
  Batch 40/1279 | Loss: 1.5988 (bce=0.0177 aux_ce=0.0264 domain_ce=1.5706)
  Batch 50/1279 | Loss: 1.4103 (bce=0.0224 aux_ce=0.0305 domain_ce=1.3757)
  Batch 60/1279 | Loss: 1.3355 (bce=0.0176 aux_ce=0.0769 domain_ce=1.2871)
  Batch 70/1279 | Loss: 1.2562 (bce=0.1815 aux_ce=0.4947 domain_ce=0.8768)
  Batch 80/1279 | Loss: 0.9556 (bce=0.0372 aux_ce=0.0581 domain_ce=0.8951)
  Batch 90/1279 | Loss: 1.3603 (bce=0.0705 aux_ce=0.0595 domain_ce=1.2660)
  Batch 100/1279 | Loss: 1.2884 (bce=0.0460 aux_ce=0.0753 domain_ce=1.2123)
  Batch 110/1279 | Loss: 0.7988 (bce=0.0155 aux_ce=0.0636 domain_ce=0.7579)
  Batch 120/1279 | Loss: 0.7442 (bce=0.0598 aux_ce=0.0368 domain_ce=0.6697)
  Batch 130/1279 | Loss: 1.3821 (bce=0.2385 aux_ce=0.3106 domain_ce=1.0193)
  Batch 140/1279 | Loss: 0.6949 (bce=0.0142 aux_ce=0.2047 domain_ce=0.5988)
  Batch 150/1279 | Loss: 0.8228 (bce=0.0376 aux_ce=0.0297 domain_ce=0.7733)
  Batch 160/1279 | Loss: 1.0250 (bce=0.0081 aux_ce=0.0563 domain_ce=0.9943)
  Batch 170/1279 | Loss: 0.9379 (bce=0.0757 aux_ce=0.0427 domain_ce=0.8452)
  Batch 180/1279 | Loss: 1.0222 (bce=0.0416 aux_ce=0.0498 domain_ce=0.9608)
  Batch 190/1279 | Loss: 0.7653 (bce=0.0305 aux_ce=0.0645 domain_ce=0.7090)
  Batch 200/1279 | Loss: 0.9562 (bce=0.1160 aux_ce=0.4662 domain_ce=0.6537)
  Batch 210/1279 | Loss: 1.0739 (bce=0.0132 aux_ce=0.0328 domain_ce=1.0476)
  Batch 220/1279 | Loss: 1.1780 (bce=0.0453 aux_ce=0.0189 domain_ce=1.1252)
  Batch 230/1279 | Loss: 0.8233 (bce=0.0226 aux_ce=0.0144 domain_ce=0.7949)
  Batch 240/1279 | Loss: 0.9936 (bce=0.0139 aux_ce=0.2419 domain_ce=0.8830)
  Batch 250/1279 | Loss: 1.0598 (bce=0.0079 aux_ce=0.0767 domain_ce=1.0211)
  Batch 260/1279 | Loss: 1.2491 (bce=0.0269 aux_ce=0.3719 domain_ce=1.0734)
  Batch 270/1279 | Loss: 0.9074 (bce=0.0278 aux_ce=0.0245 domain_ce=0.8698)
  Batch 280/1279 | Loss: 1.1712 (bce=0.1620 aux_ce=0.0799 domain_ce=0.9772)
  Batch 290/1279 | Loss: 0.9585 (bce=0.0062 aux_ce=0.0756 domain_ce=0.9221)
  Batch 300/1279 | Loss: 0.9289 (bce=0.0189 aux_ce=0.0106 domain_ce=0.9057)
  Batch 310/1279 | Loss: 1.0080 (bce=0.0037 aux_ce=0.0350 domain_ce=0.9903)
  Batch 320/1279 | Loss: 1.0127 (bce=0.0229 aux_ce=0.0405 domain_ce=0.9736)
  Batch 330/1279 | Loss: 1.1847 (bce=0.0079 aux_ce=0.0417 domain_ce=1.1600)
  Batch 340/1279 | Loss: 1.0886 (bce=0.0043 aux_ce=0.0191 domain_ce=1.0767)
  Batch 350/1279 | Loss: 1.3587 (bce=0.0108 aux_ce=0.1470 domain_ce=1.2891)
  Batch 360/1279 | Loss: 1.0411 (bce=0.0040 aux_ce=0.0777 domain_ce=1.0060)
  Batch 370/1279 | Loss: 0.8080 (bce=0.0020 aux_ce=0.0310 domain_ce=0.7936)
  Batch 380/1279 | Loss: 1.2180 (bce=0.0075 aux_ce=0.0629 domain_ce=1.1854)
  Batch 390/1279 | Loss: 1.5220 (bce=0.4815 aux_ce=0.3925 domain_ce=0.8834)
  Batch 400/1279 | Loss: 1.3754 (bce=0.0178 aux_ce=0.1075 domain_ce=1.3146)
  Batch 410/1279 | Loss: 0.9345 (bce=0.0072 aux_ce=0.0782 domain_ce=0.8960)
  Batch 420/1279 | Loss: 1.1380 (bce=0.0718 aux_ce=0.0475 domain_ce=1.0472)
  Batch 430/1279 | Loss: 1.0820 (bce=0.0058 aux_ce=0.0559 domain_ce=1.0538)
  Batch 440/1279 | Loss: 1.3303 (bce=0.0321 aux_ce=0.1982 domain_ce=1.2190)
  Batch 450/1279 | Loss: 0.8440 (bce=0.0023 aux_ce=0.0448 domain_ce=0.8238)
  Batch 460/1279 | Loss: 1.0460 (bce=0.0230 aux_ce=0.3052 domain_ce=0.9010)
  Batch 470/1279 | Loss: 1.1256 (bce=0.0184 aux_ce=0.0645 domain_ce=1.0814)
  Batch 480/1279 | Loss: 0.9624 (bce=0.0132 aux_ce=0.0889 domain_ce=0.9136)
  Batch 490/1279 | Loss: 1.3690 (bce=0.0057 aux_ce=0.3305 domain_ce=1.2311)
  Batch 500/1279 | Loss: 0.9334 (bce=0.0118 aux_ce=0.0369 domain_ce=0.9069)
  Batch 510/1279 | Loss: 1.0982 (bce=0.0114 aux_ce=0.0505 domain_ce=1.0667)
  Batch 520/1279 | Loss: 0.8463 (bce=0.0098 aux_ce=0.0661 domain_ce=0.8100)
  Batch 530/1279 | Loss: 0.7706 (bce=0.0203 aux_ce=0.0371 domain_ce=0.7354)
  Batch 540/1279 | Loss: 1.9500 (bce=0.4722 aux_ce=1.0575 domain_ce=1.0548)
  Batch 550/1279 | Loss: 0.8493 (bce=0.0062 aux_ce=0.0245 domain_ce=0.8333)
  Batch 560/1279 | Loss: 1.3151 (bce=0.0094 aux_ce=0.0875 domain_ce=1.2708)
  Batch 570/1279 | Loss: 2.1161 (bce=0.8372 aux_ce=0.8704 domain_ce=0.9307)
  Batch 580/1279 | Loss: 1.2328 (bce=0.0092 aux_ce=0.2806 domain_ce=1.1113)
  Batch 590/1279 | Loss: 1.2608 (bce=0.1960 aux_ce=0.6965 domain_ce=0.7863)
  Batch 600/1279 | Loss: 1.1834 (bce=0.0090 aux_ce=0.0104 domain_ce=1.1703)
  Batch 610/1279 | Loss: 1.3154 (bce=0.0415 aux_ce=0.8625 domain_ce=0.9289)
  Batch 620/1279 | Loss: 1.0128 (bce=0.0092 aux_ce=0.0382 domain_ce=0.9883)
  Batch 630/1279 | Loss: 1.3750 (bce=0.1698 aux_ce=0.1641 domain_ce=1.1395)
  Batch 640/1279 | Loss: 1.0502 (bce=0.3019 aux_ce=0.2189 domain_ce=0.6607)
  Batch 650/1279 | Loss: 0.7322 (bce=0.0256 aux_ce=0.0793 domain_ce=0.6749)
  Batch 660/1279 | Loss: 0.9484 (bce=0.0112 aux_ce=0.0199 domain_ce=0.9292)
  Batch 670/1279 | Loss: 1.1719 (bce=0.0038 aux_ce=0.0478 domain_ce=1.1489)
  Batch 680/1279 | Loss: 1.1151 (bce=0.1805 aux_ce=0.1926 domain_ce=0.8575)
  Batch 690/1279 | Loss: 1.6418 (bce=0.0049 aux_ce=1.0315 domain_ce=1.2243)
  Batch 700/1279 | Loss: 1.0686 (bce=0.0058 aux_ce=0.1380 domain_ce=1.0076)
  Batch 710/1279 | Loss: 1.0545 (bce=0.0056 aux_ce=0.2036 domain_ce=0.9675)
  Batch 720/1279 | Loss: 1.1240 (bce=0.0313 aux_ce=0.0584 domain_ce=1.0694)
  Batch 730/1279 | Loss: 1.6754 (bce=0.3587 aux_ce=0.8962 domain_ce=0.9583)
  Batch 740/1279 | Loss: 1.4511 (bce=0.1707 aux_ce=0.1874 domain_ce=1.2054)
  Batch 750/1279 | Loss: 1.0773 (bce=0.1300 aux_ce=0.2103 domain_ce=0.8632)
  Batch 760/1279 | Loss: 0.9410 (bce=0.0338 aux_ce=0.3321 domain_ce=0.7743)
  Batch 770/1279 | Loss: 1.0096 (bce=0.0104 aux_ce=0.1293 domain_ce=0.9474)
  Batch 780/1279 | Loss: 0.8242 (bce=0.0456 aux_ce=0.0614 domain_ce=0.7540)
  Batch 790/1279 | Loss: 1.2629 (bce=0.0140 aux_ce=0.0025 domain_ce=1.2479)
  Batch 800/1279 | Loss: 1.0129 (bce=0.0089 aux_ce=0.0450 domain_ce=0.9860)
  Batch 810/1279 | Loss: 0.8832 (bce=0.0246 aux_ce=0.0372 domain_ce=0.8438)
  Batch 820/1279 | Loss: 1.4605 (bce=0.0199 aux_ce=0.3253 domain_ce=1.3105)
  Batch 830/1279 | Loss: 0.8685 (bce=0.0017 aux_ce=0.1117 domain_ce=0.8222)
  Batch 840/1279 | Loss: 1.0584 (bce=0.0038 aux_ce=0.0750 domain_ce=1.0246)
  Batch 850/1279 | Loss: 1.2289 (bce=0.0034 aux_ce=0.1367 domain_ce=1.1708)
  Batch 860/1279 | Loss: 1.1305 (bce=0.0032 aux_ce=0.0473 domain_ce=1.1085)
  Batch 870/1279 | Loss: 1.2080 (bce=0.0077 aux_ce=0.1091 domain_ce=1.1567)
  Batch 880/1279 | Loss: 1.1887 (bce=0.1633 aux_ce=0.1736 domain_ce=0.9560)
  Batch 890/1279 | Loss: 1.4226 (bce=0.0078 aux_ce=0.0584 domain_ce=1.3915)
  Batch 900/1279 | Loss: 1.4780 (bce=0.0378 aux_ce=0.0678 domain_ce=1.4130)
  Batch 910/1279 | Loss: 1.1281 (bce=0.0067 aux_ce=0.1245 domain_ce=1.0717)
  Batch 920/1279 | Loss: 1.2745 (bce=0.0057 aux_ce=0.0331 domain_ce=1.2555)
  Batch 930/1279 | Loss: 2.1574 (bce=0.9394 aux_ce=1.0371 domain_ce=0.8032)
  Batch 940/1279 | Loss: 2.1022 (bce=0.8128 aux_ce=0.8702 domain_ce=0.9414)
  Batch 950/1279 | Loss: 1.2268 (bce=0.0097 aux_ce=0.0250 domain_ce=1.2071)
  Batch 960/1279 | Loss: 1.2348 (bce=0.0104 aux_ce=0.1239 domain_ce=1.1748)
  Batch 970/1279 | Loss: 1.5670 (bce=0.0034 aux_ce=1.4318 domain_ce=0.9908)
  Batch 980/1279 | Loss: 0.9700 (bce=0.0044 aux_ce=0.0717 domain_ce=0.9370)
  Batch 990/1279 | Loss: 1.2366 (bce=0.2131 aux_ce=0.0999 domain_ce=0.9836)
  Batch 1000/1279 | Loss: 1.0359 (bce=0.0669 aux_ce=0.0400 domain_ce=0.9529)
  Batch 1010/1279 | Loss: 1.1494 (bce=0.0036 aux_ce=0.1644 domain_ce=1.0800)
  Batch 1020/1279 | Loss: 1.8498 (bce=0.4416 aux_ce=0.9725 domain_ce=1.0191)
  Batch 1030/1279 | Loss: 1.4613 (bce=0.0615 aux_ce=0.0858 domain_ce=1.3655)
  Batch 1040/1279 | Loss: 1.1363 (bce=0.0063 aux_ce=0.0580 domain_ce=1.1068)
  Batch 1050/1279 | Loss: 1.4326 (bce=0.0039 aux_ce=0.1054 domain_ce=1.3865)
  Batch 1060/1279 | Loss: 0.9193 (bce=0.0760 aux_ce=0.2554 domain_ce=0.7411)
  Batch 1070/1279 | Loss: 1.1202 (bce=0.0078 aux_ce=0.0894 domain_ce=1.0767)
  Batch 1080/1279 | Loss: 1.0240 (bce=0.0130 aux_ce=0.0382 domain_ce=0.9957)
  Batch 1090/1279 | Loss: 1.0172 (bce=0.0186 aux_ce=0.0417 domain_ce=0.9819)
  Batch 1100/1279 | Loss: 1.2325 (bce=0.0164 aux_ce=0.0555 domain_ce=1.1938)
  Batch 1110/1279 | Loss: 1.2999 (bce=0.1465 aux_ce=0.1487 domain_ce=1.0939)
  Batch 1120/1279 | Loss: 0.9092 (bce=0.0404 aux_ce=0.0884 domain_ce=0.8334)
  Batch 1130/1279 | Loss: 1.0928 (bce=0.0157 aux_ce=0.0441 domain_ce=1.0596)
  Batch 1140/1279 | Loss: 1.2965 (bce=0.0024 aux_ce=0.0508 domain_ce=1.2737)
  Batch 1150/1279 | Loss: 1.2141 (bce=0.0029 aux_ce=0.0622 domain_ce=1.1864)
  Batch 1160/1279 | Loss: 1.7599 (bce=0.5000 aux_ce=0.5588 domain_ce=1.0364)
  Batch 1170/1279 | Loss: 1.3846 (bce=0.0804 aux_ce=0.0556 domain_ce=1.2820)
  Batch 1180/1279 | Loss: 1.1220 (bce=0.0237 aux_ce=0.1596 domain_ce=1.0345)
  Batch 1190/1279 | Loss: 1.3957 (bce=0.1278 aux_ce=0.2314 domain_ce=1.1754)
  Batch 1200/1279 | Loss: 1.2494 (bce=0.0058 aux_ce=0.0253 domain_ce=1.2335)
  Batch 1210/1279 | Loss: 1.2493 (bce=0.0209 aux_ce=0.0287 domain_ce=1.2169)
  Batch 1220/1279 | Loss: 1.1933 (bce=0.0105 aux_ce=0.1379 domain_ce=1.1276)
  Batch 1230/1279 | Loss: 1.1673 (bce=0.0028 aux_ce=0.2344 domain_ce=1.0707)
  Batch 1240/1279 | Loss: 1.4123 (bce=0.3532 aux_ce=0.4290 domain_ce=0.8876)
  Batch 1250/1279 | Loss: 1.2187 (bce=0.0069 aux_ce=0.0592 domain_ce=1.1881)
  Batch 1260/1279 | Loss: 1.6601 (bce=0.1031 aux_ce=0.0739 domain_ce=1.5274)
  Batch 1270/1279 | Loss: 1.7474 (bce=0.5004 aux_ce=0.5584 domain_ce=1.0236)
Epoch 16 | Train Loss: 1.1988 | Train Acc: 0.9822 | Val AUC: 0.9730 | Domain Acc: 0.5248 (chance=0.333, lambda=0.297)
Saved checkpoint: models\stageA_checkpoint_epoch16.pth
  No improvement for 2/5 epochs
  Batch 10/1279 | Loss: 1.4895 (bce=0.4861 aux_ce=0.3163 domain_ce=0.8768)
  Batch 20/1279 | Loss: 0.9342 (bce=0.0092 aux_ce=0.0812 domain_ce=0.8925)
  Batch 30/1279 | Loss: 0.9560 (bce=0.0199 aux_ce=0.0216 domain_ce=0.9274)
  Batch 40/1279 | Loss: 0.9436 (bce=0.0040 aux_ce=0.0590 domain_ce=0.9160)
  Batch 50/1279 | Loss: 1.4365 (bce=0.3423 aux_ce=0.4278 domain_ce=0.9231)
  Batch 60/1279 | Loss: 1.2115 (bce=0.4682 aux_ce=0.3167 domain_ce=0.6166)
  Batch 70/1279 | Loss: 1.1176 (bce=0.0073 aux_ce=0.1626 domain_ce=1.0452)
  Batch 80/1279 | Loss: 0.9410 (bce=0.0043 aux_ce=0.0733 domain_ce=0.9074)
  Batch 90/1279 | Loss: 0.9623 (bce=0.0065 aux_ce=0.0527 domain_ce=0.9347)
  Batch 100/1279 | Loss: 0.8765 (bce=0.0994 aux_ce=0.1452 domain_ce=0.7191)
  Batch 110/1279 | Loss: 1.0954 (bce=0.1106 aux_ce=0.0969 domain_ce=0.9460)
  Batch 120/1279 | Loss: 0.8714 (bce=0.0062 aux_ce=0.0970 domain_ce=0.8264)
  Batch 130/1279 | Loss: 1.4422 (bce=0.0210 aux_ce=0.0081 domain_ce=1.4179)
  Batch 140/1279 | Loss: 0.8763 (bce=0.0094 aux_ce=0.0285 domain_ce=0.8555)
  Batch 150/1279 | Loss: 1.3895 (bce=0.0079 aux_ce=0.0453 domain_ce=1.3635)
  Batch 160/1279 | Loss: 1.1437 (bce=0.0647 aux_ce=0.0466 domain_ce=1.0604)
  Batch 170/1279 | Loss: 0.9982 (bce=0.0044 aux_ce=0.0217 domain_ce=0.9852)
  Batch 180/1279 | Loss: 1.1858 (bce=0.0112 aux_ce=0.0540 domain_ce=1.1530)
  Batch 190/1279 | Loss: 1.2176 (bce=0.0051 aux_ce=0.0523 domain_ce=1.1915)
  Batch 200/1279 | Loss: 1.3330 (bce=0.0037 aux_ce=0.0150 domain_ce=1.3232)
  Batch 210/1279 | Loss: 1.1145 (bce=0.0011 aux_ce=0.0408 domain_ce=1.0971)
  Batch 220/1279 | Loss: 0.9938 (bce=0.0459 aux_ce=0.0746 domain_ce=0.9180)
  Batch 230/1279 | Loss: 1.8255 (bce=0.4091 aux_ce=0.5827 domain_ce=1.1833)
  Batch 240/1279 | Loss: 1.3635 (bce=0.0426 aux_ce=0.0676 domain_ce=1.2939)
  Batch 250/1279 | Loss: 1.1948 (bce=0.0061 aux_ce=0.1240 domain_ce=1.1391)
  Batch 260/1279 | Loss: 1.1555 (bce=0.0118 aux_ce=0.0292 domain_ce=1.1320)
  Batch 270/1279 | Loss: 1.2903 (bce=0.0025 aux_ce=0.0310 domain_ce=1.2755)
  Batch 280/1279 | Loss: 1.5339 (bce=0.0195 aux_ce=0.0087 domain_ce=1.5109)
  Batch 290/1279 | Loss: 1.6648 (bce=0.5499 aux_ce=0.1978 domain_ce=1.0358)
  Batch 300/1279 | Loss: 1.6523 (bce=0.5186 aux_ce=0.5248 domain_ce=0.9238)
  Batch 310/1279 | Loss: 1.1856 (bce=0.0020 aux_ce=0.0548 domain_ce=1.1617)
  Batch 320/1279 | Loss: 1.3831 (bce=0.4465 aux_ce=0.6210 domain_ce=0.6882)
  Batch 330/1279 | Loss: 1.3762 (bce=0.0770 aux_ce=0.0507 domain_ce=1.2789)
  Batch 340/1279 | Loss: 0.8601 (bce=0.0082 aux_ce=0.0766 domain_ce=0.8213)
  Batch 350/1279 | Loss: 1.0525 (bce=0.0204 aux_ce=0.0375 domain_ce=1.0172)
  Batch 360/1279 | Loss: 0.8988 (bce=0.0263 aux_ce=0.2338 domain_ce=0.7790)
  Batch 370/1279 | Loss: 1.0363 (bce=0.0030 aux_ce=0.0862 domain_ce=0.9988)
  Batch 380/1279 | Loss: 1.0933 (bce=0.0038 aux_ce=0.0188 domain_ce=1.0819)
  Batch 390/1279 | Loss: 0.8359 (bce=0.0034 aux_ce=0.0666 domain_ce=0.8059)
  Batch 400/1279 | Loss: 1.1802 (bce=0.0024 aux_ce=0.0455 domain_ce=1.1596)
  Batch 410/1279 | Loss: 0.8215 (bce=0.0028 aux_ce=0.0189 domain_ce=0.8112)
  Batch 420/1279 | Loss: 0.7025 (bce=0.0048 aux_ce=0.0447 domain_ce=0.6798)
  Batch 430/1279 | Loss: 1.0640 (bce=0.0081 aux_ce=0.0922 domain_ce=1.0190)
  Batch 440/1279 | Loss: 0.9536 (bce=0.0014 aux_ce=0.0267 domain_ce=0.9415)
  Batch 450/1279 | Loss: 0.9368 (bce=0.0036 aux_ce=0.0534 domain_ce=0.9118)
  Batch 460/1279 | Loss: 0.9026 (bce=0.0013 aux_ce=0.0754 domain_ce=0.8712)
  Batch 470/1279 | Loss: 1.1294 (bce=0.0019 aux_ce=0.1660 domain_ce=1.0611)
  Batch 480/1279 | Loss: 1.7012 (bce=0.5839 aux_ce=0.7915 domain_ce=0.8007)
  Batch 490/1279 | Loss: 1.3274 (bce=0.0023 aux_ce=0.0240 domain_ce=1.3155)
  Batch 500/1279 | Loss: 0.9590 (bce=0.0245 aux_ce=0.5835 domain_ce=0.7010)
  Batch 510/1279 | Loss: 0.9110 (bce=0.0286 aux_ce=0.0203 domain_ce=0.8743)
  Batch 520/1279 | Loss: 0.7997 (bce=0.0149 aux_ce=0.0433 domain_ce=0.7675)
  Batch 530/1279 | Loss: 1.6949 (bce=0.0021 aux_ce=0.6014 domain_ce=1.4522)
  Batch 540/1279 | Loss: 1.1245 (bce=0.0300 aux_ce=0.0731 domain_ce=1.0652)
  Batch 550/1279 | Loss: 1.5351 (bce=0.0020 aux_ce=0.5472 domain_ce=1.3142)
  Batch 560/1279 | Loss: 1.1566 (bce=0.0218 aux_ce=0.1317 domain_ce=1.0820)
  Batch 570/1279 | Loss: 1.2850 (bce=0.0079 aux_ce=0.6254 domain_ce=1.0270)
  Batch 580/1279 | Loss: 1.0422 (bce=0.0017 aux_ce=0.2282 domain_ce=0.9492)
  Batch 590/1279 | Loss: 0.7607 (bce=0.0473 aux_ce=0.0288 domain_ce=0.7019)
  Batch 600/1279 | Loss: 1.3537 (bce=0.0077 aux_ce=0.0118 domain_ce=1.3413)
  Batch 610/1279 | Loss: 2.0772 (bce=0.7129 aux_ce=1.4940 domain_ce=0.7667)
  Batch 620/1279 | Loss: 1.2647 (bce=0.0056 aux_ce=0.4448 domain_ce=1.0812)
  Batch 630/1279 | Loss: 0.9745 (bce=0.0017 aux_ce=0.0324 domain_ce=0.9598)
  Batch 640/1279 | Loss: 0.9887 (bce=0.0050 aux_ce=0.0673 domain_ce=0.9567)
  Batch 650/1279 | Loss: 0.7841 (bce=0.0134 aux_ce=0.0259 domain_ce=0.7603)
  Batch 660/1279 | Loss: 1.2829 (bce=0.0991 aux_ce=0.0409 domain_ce=1.1675)
  Batch 670/1279 | Loss: 0.8706 (bce=0.1126 aux_ce=0.0647 domain_ce=0.7321)
  Batch 680/1279 | Loss: 1.0506 (bce=0.1094 aux_ce=0.6029 domain_ce=0.7000)
  Batch 690/1279 | Loss: 1.2039 (bce=0.0334 aux_ce=0.0301 domain_ce=1.1584)
  Batch 700/1279 | Loss: 0.9959 (bce=0.0086 aux_ce=0.0205 domain_ce=0.9791)
  Batch 710/1279 | Loss: 2.8722 (bce=1.3648 aux_ce=1.1023 domain_ce=1.0665)
  Batch 720/1279 | Loss: 1.0754 (bce=0.0102 aux_ce=0.0945 domain_ce=1.0273)
  Batch 730/1279 | Loss: 1.0807 (bce=0.0106 aux_ce=0.1549 domain_ce=1.0081)
  Batch 740/1279 | Loss: 1.1060 (bce=0.0094 aux_ce=0.0829 domain_ce=1.0634)
  Batch 750/1279 | Loss: 1.1060 (bce=0.0100 aux_ce=0.0574 domain_ce=1.0730)
  Batch 760/1279 | Loss: 1.3433 (bce=0.0045 aux_ce=0.9593 domain_ce=0.9551)
  Batch 770/1279 | Loss: 1.0390 (bce=0.0148 aux_ce=0.1639 domain_ce=0.9587)
  Batch 780/1279 | Loss: 1.1581 (bce=0.0075 aux_ce=0.0495 domain_ce=1.1308)
  Batch 790/1279 | Loss: 0.8172 (bce=0.0051 aux_ce=0.0561 domain_ce=0.7896)
  Batch 800/1279 | Loss: 1.1071 (bce=0.0087 aux_ce=0.1290 domain_ce=1.0468)
  Batch 810/1279 | Loss: 1.1086 (bce=0.0023 aux_ce=0.0689 domain_ce=1.0787)
  Batch 820/1279 | Loss: 0.9375 (bce=0.0331 aux_ce=0.0457 domain_ce=0.8861)
  Batch 830/1279 | Loss: 1.0280 (bce=0.0029 aux_ce=0.0685 domain_ce=0.9977)
  Batch 840/1279 | Loss: 1.0467 (bce=0.0056 aux_ce=0.3908 domain_ce=0.8848)
  Batch 850/1279 | Loss: 0.8575 (bce=0.0031 aux_ce=0.0445 domain_ce=0.8366)
  Batch 860/1279 | Loss: 2.7786 (bce=1.1803 aux_ce=1.6069 domain_ce=0.9555)
  Batch 870/1279 | Loss: 1.9040 (bce=0.5603 aux_ce=0.5263 domain_ce=1.1332)
  Batch 880/1279 | Loss: 0.9551 (bce=0.0537 aux_ce=0.1406 domain_ce=0.8452)
  Batch 890/1279 | Loss: 1.2567 (bce=0.0336 aux_ce=0.0266 domain_ce=1.2125)
  Batch 900/1279 | Loss: 1.2140 (bce=0.0189 aux_ce=0.0171 domain_ce=1.1882)
  Batch 910/1279 | Loss: 0.9128 (bce=0.0195 aux_ce=0.1075 domain_ce=0.8503)
  Batch 920/1279 | Loss: 1.2987 (bce=0.0269 aux_ce=0.0521 domain_ce=1.2510)
  Batch 930/1279 | Loss: 1.3750 (bce=0.2805 aux_ce=0.3283 domain_ce=0.9631)
  Batch 940/1279 | Loss: 0.7246 (bce=0.0158 aux_ce=0.0354 domain_ce=0.6946)
  Batch 950/1279 | Loss: 1.2420 (bce=0.3166 aux_ce=0.3359 domain_ce=0.7910)
  Batch 960/1279 | Loss: 1.4706 (bce=0.0471 aux_ce=0.0695 domain_ce=1.3957)
  Batch 970/1279 | Loss: 0.8768 (bce=0.0059 aux_ce=0.1040 domain_ce=0.8293)
  Batch 980/1279 | Loss: 0.9920 (bce=0.0060 aux_ce=0.0785 domain_ce=0.9546)
  Batch 990/1279 | Loss: 1.4057 (bce=0.0094 aux_ce=0.0462 domain_ce=1.3778)
  Batch 1000/1279 | Loss: 1.1391 (bce=0.0095 aux_ce=0.0556 domain_ce=1.1074)
  Batch 1010/1279 | Loss: 1.1229 (bce=0.0212 aux_ce=0.0313 domain_ce=1.0891)
  Batch 1020/1279 | Loss: 1.2094 (bce=0.0119 aux_ce=0.0454 domain_ce=1.1794)
  Batch 1030/1279 | Loss: 1.0898 (bce=0.0158 aux_ce=0.0452 domain_ce=1.0559)
  Batch 1040/1279 | Loss: 1.4490 (bce=0.0364 aux_ce=0.0436 domain_ce=1.3951)
  Batch 1050/1279 | Loss: 1.2500 (bce=0.0110 aux_ce=0.1043 domain_ce=1.1973)
  Batch 1060/1279 | Loss: 1.2551 (bce=0.0300 aux_ce=0.0585 domain_ce=1.2017)
  Batch 1070/1279 | Loss: 1.1280 (bce=0.0093 aux_ce=0.0510 domain_ce=1.0984)
  Batch 1080/1279 | Loss: 0.9000 (bce=0.0614 aux_ce=0.0543 domain_ce=0.8170)
  Batch 1090/1279 | Loss: 0.9740 (bce=0.0187 aux_ce=0.0243 domain_ce=0.9455)
  Batch 1100/1279 | Loss: 1.1322 (bce=0.0083 aux_ce=0.0634 domain_ce=1.0985)
  Batch 1110/1279 | Loss: 0.9241 (bce=0.0067 aux_ce=0.0226 domain_ce=0.9084)
  Batch 1120/1279 | Loss: 0.8148 (bce=0.0050 aux_ce=0.0746 domain_ce=0.7800)
  Batch 1130/1279 | Loss: 1.2514 (bce=0.0036 aux_ce=0.0463 domain_ce=1.2292)
  Batch 1140/1279 | Loss: 0.8305 (bce=0.0038 aux_ce=0.0361 domain_ce=0.8123)
  Batch 1150/1279 | Loss: 2.8138 (bce=0.8454 aux_ce=2.4518 domain_ce=0.9877)
  Batch 1160/1279 | Loss: 1.3273 (bce=0.3920 aux_ce=0.3404 domain_ce=0.7992)
  Batch 1170/1279 | Loss: 1.2840 (bce=0.1528 aux_ce=0.3271 domain_ce=1.0004)
  Batch 1180/1279 | Loss: 0.9069 (bce=0.0538 aux_ce=0.0340 domain_ce=0.8395)
  Batch 1190/1279 | Loss: 0.9235 (bce=0.2139 aux_ce=0.2306 domain_ce=0.6175)
  Batch 1200/1279 | Loss: 1.0487 (bce=0.0207 aux_ce=0.3911 domain_ce=0.8715)
  Batch 1210/1279 | Loss: 0.8573 (bce=0.0481 aux_ce=0.0160 domain_ce=0.8028)
  Batch 1220/1279 | Loss: 1.4295 (bce=0.3220 aux_ce=0.3644 domain_ce=0.9617)
  Batch 1230/1279 | Loss: 0.6335 (bce=0.0154 aux_ce=0.0405 domain_ce=0.6019)
  Batch 1240/1279 | Loss: 0.6157 (bce=0.0113 aux_ce=0.0432 domain_ce=0.5871)
  Batch 1250/1279 | Loss: 0.8834 (bce=0.0667 aux_ce=0.0811 domain_ce=0.7842)
  Batch 1260/1279 | Loss: 0.8079 (bce=0.0068 aux_ce=0.0917 domain_ce=0.7645)
  Batch 1270/1279 | Loss: 0.7201 (bce=0.0075 aux_ce=0.0505 domain_ce=0.6924)
Epoch 17 | Train Loss: 1.1679 | Train Acc: 0.9858 | Val AUC: 0.9873 | Domain Acc: 0.5606 (chance=0.333, lambda=0.298)
Saved checkpoint: models\stageA_checkpoint_epoch17.pth
  No improvement for 3/5 epochs
  Batch 10/1279 | Loss: 1.3037 (bce=0.0028 aux_ce=0.0369 domain_ce=1.2861)
  Batch 20/1279 | Loss: 1.4914 (bce=0.5978 aux_ce=0.3290 domain_ce=0.7620)
  Batch 30/1279 | Loss: 1.5070 (bce=0.0298 aux_ce=0.5751 domain_ce=1.2472)
  Batch 40/1279 | Loss: 0.9504 (bce=0.0762 aux_ce=0.0494 domain_ce=0.8545)
  Batch 50/1279 | Loss: 1.0289 (bce=0.0233 aux_ce=0.1484 domain_ce=0.9463)
  Batch 60/1279 | Loss: 0.8607 (bce=0.0071 aux_ce=0.0431 domain_ce=0.8363)
  Batch 70/1279 | Loss: 1.3035 (bce=0.0113 aux_ce=0.0420 domain_ce=1.2754)
  Batch 80/1279 | Loss: 1.4634 (bce=0.3186 aux_ce=0.2347 domain_ce=1.0509)
  Batch 90/1279 | Loss: 0.8436 (bce=0.0066 aux_ce=0.1622 domain_ce=0.7722)
  Batch 100/1279 | Loss: 0.8777 (bce=0.0056 aux_ce=0.0756 domain_ce=0.8419)
  Batch 110/1279 | Loss: 1.1736 (bce=0.0058 aux_ce=0.0415 domain_ce=1.1511)
  Batch 120/1279 | Loss: 0.9819 (bce=0.0064 aux_ce=0.0303 domain_ce=0.9633)
  Batch 130/1279 | Loss: 0.9958 (bce=0.0031 aux_ce=0.0399 domain_ce=0.9767)
  Batch 140/1279 | Loss: 0.9165 (bce=0.0112 aux_ce=0.0357 domain_ce=0.8910)
  Batch 150/1279 | Loss: 1.1687 (bce=0.0129 aux_ce=0.0366 domain_ce=1.1412)
  Batch 160/1279 | Loss: 0.9976 (bce=0.0347 aux_ce=0.4842 domain_ce=0.7692)
  Batch 170/1279 | Loss: 1.0146 (bce=0.0033 aux_ce=0.0799 domain_ce=0.9793)
  Batch 180/1279 | Loss: 1.2483 (bce=0.0740 aux_ce=0.1535 domain_ce=1.1129)
  Batch 190/1279 | Loss: 1.0186 (bce=0.0234 aux_ce=0.3900 domain_ce=0.8392)
  Batch 200/1279 | Loss: 1.4820 (bce=0.3655 aux_ce=0.1246 domain_ce=1.0667)
  Batch 210/1279 | Loss: 0.9754 (bce=0.0171 aux_ce=0.0499 domain_ce=0.9383)
  Batch 220/1279 | Loss: 0.8387 (bce=0.0117 aux_ce=0.0259 domain_ce=0.8167)
  Batch 230/1279 | Loss: 0.9667 (bce=0.2010 aux_ce=0.1081 domain_ce=0.7225)
  Batch 240/1279 | Loss: 0.9473 (bce=0.0242 aux_ce=0.1358 domain_ce=0.8687)
  Batch 250/1279 | Loss: 0.7215 (bce=0.0067 aux_ce=0.0888 domain_ce=0.6792)
  Batch 260/1279 | Loss: 0.9113 (bce=0.0199 aux_ce=0.2425 domain_ce=0.7943)
  Batch 270/1279 | Loss: 1.1208 (bce=0.0186 aux_ce=0.4958 domain_ce=0.9039)
  Batch 280/1279 | Loss: 0.8475 (bce=0.0080 aux_ce=0.0501 domain_ce=0.8195)
  Batch 290/1279 | Loss: 0.9963 (bce=0.0342 aux_ce=0.0317 domain_ce=0.9494)
  Batch 300/1279 | Loss: 0.8719 (bce=0.0471 aux_ce=0.0627 domain_ce=0.7997)
  Batch 310/1279 | Loss: 0.8813 (bce=0.0057 aux_ce=0.1694 domain_ce=0.8079)
  Batch 320/1279 | Loss: 0.9855 (bce=0.0020 aux_ce=0.1257 domain_ce=0.9332)
  Batch 330/1279 | Loss: 1.1293 (bce=0.0075 aux_ce=0.0356 domain_ce=1.1076)
  Batch 340/1279 | Loss: 0.8946 (bce=0.0290 aux_ce=0.0775 domain_ce=0.8346)
  Batch 350/1279 | Loss: 0.9219 (bce=0.0183 aux_ce=0.0235 domain_ce=0.8942)
  Batch 360/1279 | Loss: 1.0060 (bce=0.0261 aux_ce=0.0219 domain_ce=0.9711)
  Batch 370/1279 | Loss: 1.0379 (bce=0.1525 aux_ce=0.1903 domain_ce=0.8093)
  Batch 380/1279 | Loss: 0.9668 (bce=0.0217 aux_ce=0.0855 domain_ce=0.9109)
  Batch 390/1279 | Loss: 1.0605 (bce=0.0022 aux_ce=0.1670 domain_ce=0.9915)
  Batch 400/1279 | Loss: 3.8224 (bce=2.3064 aux_ce=1.3001 domain_ce=0.9960)
  Batch 410/1279 | Loss: 0.9346 (bce=0.0088 aux_ce=0.2907 domain_ce=0.8096)
  Batch 420/1279 | Loss: 0.8892 (bce=0.0085 aux_ce=0.0209 domain_ce=0.8723)
  Batch 430/1279 | Loss: 0.9013 (bce=0.0037 aux_ce=0.1150 domain_ce=0.8516)
  Batch 440/1279 | Loss: 0.9917 (bce=0.0098 aux_ce=0.0650 domain_ce=0.9559)
  Batch 450/1279 | Loss: 1.1024 (bce=0.0150 aux_ce=0.0471 domain_ce=1.0685)
  Batch 460/1279 | Loss: 1.0276 (bce=0.0145 aux_ce=0.0318 domain_ce=1.0004)
  Batch 470/1279 | Loss: 1.0259 (bce=0.0159 aux_ce=0.0853 domain_ce=0.9759)
  Batch 480/1279 | Loss: 1.1095 (bce=0.0658 aux_ce=0.1129 domain_ce=0.9986)
  Batch 490/1279 | Loss: 0.8829 (bce=0.0077 aux_ce=0.0389 domain_ce=0.8596)
  Batch 500/1279 | Loss: 0.8817 (bce=0.0126 aux_ce=0.0260 domain_ce=0.8586)
  Batch 510/1279 | Loss: 1.0694 (bce=0.0302 aux_ce=0.2202 domain_ce=0.9510)
  Batch 520/1279 | Loss: 1.1384 (bce=0.0306 aux_ce=0.6470 domain_ce=0.8490)
  Batch 530/1279 | Loss: 1.1547 (bce=0.0152 aux_ce=0.0618 domain_ce=1.1148)
  Batch 540/1279 | Loss: 0.9604 (bce=0.0200 aux_ce=0.0936 domain_ce=0.9030)
  Batch 550/1279 | Loss: 1.0088 (bce=0.0056 aux_ce=0.0694 domain_ce=0.9755)
  Batch 560/1279 | Loss: 0.8834 (bce=0.0261 aux_ce=0.1028 domain_ce=0.8162)
  Batch 570/1279 | Loss: 0.9208 (bce=0.0134 aux_ce=0.1456 domain_ce=0.8491)
  Batch 580/1279 | Loss: 1.0018 (bce=0.0103 aux_ce=0.0397 domain_ce=0.9756)
  Batch 590/1279 | Loss: 2.8711 (bce=1.4794 aux_ce=1.2887 domain_ce=0.8763)
  Batch 600/1279 | Loss: 0.8445 (bce=0.1072 aux_ce=0.0963 domain_ce=0.6988)
  Batch 610/1279 | Loss: 2.4100 (bce=0.9498 aux_ce=1.4454 domain_ce=0.8821)
  Batch 620/1279 | Loss: 0.8281 (bce=0.0087 aux_ce=0.1191 domain_ce=0.7718)
  Batch 630/1279 | Loss: 1.0816 (bce=0.0105 aux_ce=0.0555 domain_ce=1.0489)
  Batch 640/1279 | Loss: 0.7789 (bce=0.0273 aux_ce=0.0233 domain_ce=0.7423)
  Batch 650/1279 | Loss: 1.0962 (bce=0.0072 aux_ce=0.0317 domain_ce=1.0764)
  Batch 660/1279 | Loss: 0.8065 (bce=0.0271 aux_ce=0.0443 domain_ce=0.7617)
  Batch 670/1279 | Loss: 1.1621 (bce=0.0261 aux_ce=0.0364 domain_ce=1.1215)
  Batch 680/1279 | Loss: 0.9474 (bce=0.1183 aux_ce=0.1101 domain_ce=0.7850)
  Batch 690/1279 | Loss: 1.0108 (bce=0.0080 aux_ce=0.0633 domain_ce=0.9775)
  Batch 700/1279 | Loss: 0.8267 (bce=0.0185 aux_ce=0.0522 domain_ce=0.7874)
  Batch 710/1279 | Loss: 1.0601 (bce=0.0257 aux_ce=0.0743 domain_ce=1.0047)
  Batch 720/1279 | Loss: 1.3099 (bce=0.1072 aux_ce=0.1451 domain_ce=1.1447)
  Batch 730/1279 | Loss: 1.2647 (bce=0.0256 aux_ce=0.0331 domain_ce=1.2258)
  Batch 740/1279 | Loss: 1.1496 (bce=0.0276 aux_ce=0.0338 domain_ce=1.1085)
  Batch 750/1279 | Loss: 0.9587 (bce=0.0068 aux_ce=0.0648 domain_ce=0.9260)
  Batch 760/1279 | Loss: 1.2505 (bce=0.0094 aux_ce=0.1409 domain_ce=1.1848)
  Batch 770/1279 | Loss: 1.2915 (bce=0.1897 aux_ce=0.1291 domain_ce=1.0502)
  Batch 780/1279 | Loss: 1.1128 (bce=0.0099 aux_ce=0.0312 domain_ce=1.0905)
  Batch 790/1279 | Loss: 1.4081 (bce=0.0486 aux_ce=0.1805 domain_ce=1.2873)
  Batch 800/1279 | Loss: 1.0477 (bce=0.0102 aux_ce=0.0446 domain_ce=1.0196)
  Batch 810/1279 | Loss: 1.2981 (bce=0.0982 aux_ce=0.0576 domain_ce=1.1768)
  Batch 820/1279 | Loss: 1.3827 (bce=0.0365 aux_ce=0.0622 domain_ce=1.3214)
  Batch 830/1279 | Loss: 0.8366 (bce=0.0469 aux_ce=0.0678 domain_ce=0.7626)
  Batch 840/1279 | Loss: 1.2147 (bce=0.0121 aux_ce=0.0485 domain_ce=1.1833)
  Batch 850/1279 | Loss: 0.6926 (bce=0.0045 aux_ce=0.0266 domain_ce=0.6775)
  Batch 860/1279 | Loss: 1.2211 (bce=0.0250 aux_ce=0.0418 domain_ce=1.1794)
  Batch 870/1279 | Loss: 0.9859 (bce=0.0033 aux_ce=0.1137 domain_ce=0.9372)
  Batch 880/1279 | Loss: 3.3937 (bce=1.9307 aux_ce=1.5466 domain_ce=0.8444)
  Batch 890/1279 | Loss: 1.9982 (bce=0.7713 aux_ce=0.7364 domain_ce=0.9323)
  Batch 900/1279 | Loss: 1.1081 (bce=0.1570 aux_ce=0.1534 domain_ce=0.8896)
  Batch 910/1279 | Loss: 1.3360 (bce=0.0396 aux_ce=0.0349 domain_ce=1.2825)
  Batch 920/1279 | Loss: 0.7477 (bce=0.0319 aux_ce=0.0853 domain_ce=0.6816)
  Batch 930/1279 | Loss: 1.1728 (bce=0.0154 aux_ce=0.0440 domain_ce=1.1398)
  Batch 940/1279 | Loss: 0.8144 (bce=0.0821 aux_ce=0.0993 domain_ce=0.6926)
  Batch 950/1279 | Loss: 0.9635 (bce=0.0523 aux_ce=0.1188 domain_ce=0.8636)
  Batch 960/1279 | Loss: 0.9366 (bce=0.0102 aux_ce=0.2608 domain_ce=0.8220)
  Batch 970/1279 | Loss: 1.0718 (bce=0.0221 aux_ce=0.0044 domain_ce=1.0480)
  Batch 980/1279 | Loss: 1.1816 (bce=0.0185 aux_ce=0.0355 domain_ce=1.1490)
  Batch 990/1279 | Loss: 1.1826 (bce=0.0086 aux_ce=0.0520 domain_ce=1.1533)
  Batch 1000/1279 | Loss: 1.2096 (bce=0.0070 aux_ce=0.2169 domain_ce=1.1158)
  Batch 1010/1279 | Loss: 1.1936 (bce=0.0035 aux_ce=0.0455 domain_ce=1.1718)
  Batch 1020/1279 | Loss: 1.1510 (bce=0.0549 aux_ce=0.2845 domain_ce=0.9823)
  Batch 1030/1279 | Loss: 0.9674 (bce=0.0437 aux_ce=0.0537 domain_ce=0.9022)
  Batch 1040/1279 | Loss: 2.1980 (bce=1.0120 aux_ce=0.8985 domain_ce=0.8266)
  Batch 1050/1279 | Loss: 1.2504 (bce=0.0529 aux_ce=0.0931 domain_ce=1.1602)
  Batch 1060/1279 | Loss: 1.0587 (bce=0.0076 aux_ce=0.0566 domain_ce=1.0285)
  Batch 1070/1279 | Loss: 1.1509 (bce=0.0236 aux_ce=0.0477 domain_ce=1.1082)
  Batch 1080/1279 | Loss: 1.1463 (bce=0.0468 aux_ce=0.1714 domain_ce=1.0309)
  Batch 1090/1279 | Loss: 1.0884 (bce=0.0100 aux_ce=0.3813 domain_ce=0.9259)
  Batch 1100/1279 | Loss: 1.2710 (bce=0.0786 aux_ce=0.0455 domain_ce=1.1742)
  Batch 1110/1279 | Loss: 1.2578 (bce=0.0359 aux_ce=0.0389 domain_ce=1.2063)
  Batch 1120/1279 | Loss: 1.4530 (bce=0.0583 aux_ce=0.0781 domain_ce=1.3635)
  Batch 1130/1279 | Loss: 1.4996 (bce=0.0292 aux_ce=0.0249 domain_ce=1.4604)
  Batch 1140/1279 | Loss: 1.0349 (bce=0.0106 aux_ce=0.1743 domain_ce=0.9545)
  Batch 1150/1279 | Loss: 0.8156 (bce=0.0064 aux_ce=0.0432 domain_ce=0.7919)
  Batch 1160/1279 | Loss: 1.2920 (bce=0.0123 aux_ce=0.0772 domain_ce=1.2488)
  Batch 1170/1279 | Loss: 0.7585 (bce=0.0076 aux_ce=0.0428 domain_ce=0.7337)
  Batch 1180/1279 | Loss: 1.0146 (bce=0.0101 aux_ce=0.1384 domain_ce=0.9491)
  Batch 1190/1279 | Loss: 1.6250 (bce=0.0051 aux_ce=0.4704 domain_ce=1.4318)
  Batch 1200/1279 | Loss: 0.7415 (bce=0.0072 aux_ce=0.0557 domain_ce=0.7120)
  Batch 1210/1279 | Loss: 0.7843 (bce=0.0085 aux_ce=0.0499 domain_ce=0.7559)
  Batch 1220/1279 | Loss: 1.4596 (bce=0.2895 aux_ce=0.5402 domain_ce=0.9540)
  Batch 1230/1279 | Loss: 0.9779 (bce=0.0069 aux_ce=0.2421 domain_ce=0.8742)
  Batch 1240/1279 | Loss: 1.3285 (bce=0.0065 aux_ce=0.0319 domain_ce=1.3092)
  Batch 1250/1279 | Loss: 0.8899 (bce=0.0851 aux_ce=0.0693 domain_ce=0.7770)
  Batch 1260/1279 | Loss: 1.7975 (bce=0.4366 aux_ce=0.5394 domain_ce=1.1452)
  Batch 1270/1279 | Loss: 1.3009 (bce=0.1618 aux_ce=0.6192 domain_ce=0.8915)
Epoch 18 | Train Loss: 1.1451 | Train Acc: 0.9831 | Val AUC: 0.9671 | Domain Acc: 0.5843 (chance=0.333, lambda=0.299)
Saved checkpoint: models\stageA_checkpoint_epoch18.pth
  No improvement for 4/5 epochs
  Batch 10/1279 | Loss: 0.9176 (bce=0.0272 aux_ce=0.0421 domain_ce=0.8735)
  Batch 20/1279 | Loss: 1.2058 (bce=0.3361 aux_ce=0.3377 domain_ce=0.7346)
  Batch 30/1279 | Loss: 1.5476 (bce=0.0025 aux_ce=1.7511 domain_ce=0.8446)
  Batch 40/1279 | Loss: 0.9720 (bce=0.0011 aux_ce=0.0667 domain_ce=0.9442)
  Batch 50/1279 | Loss: 0.9985 (bce=0.0032 aux_ce=0.0216 domain_ce=0.9866)
  Batch 60/1279 | Loss: 0.9472 (bce=0.0055 aux_ce=0.0475 domain_ce=0.9227)
  Batch 70/1279 | Loss: 0.8039 (bce=0.0031 aux_ce=0.0119 domain_ce=0.7960)
  Batch 80/1279 | Loss: 0.9258 (bce=0.0042 aux_ce=0.1037 domain_ce=0.8801)
  Batch 90/1279 | Loss: 1.0135 (bce=0.0850 aux_ce=0.3742 domain_ce=0.7788)
  Batch 100/1279 | Loss: 0.9573 (bce=0.0038 aux_ce=0.0721 domain_ce=0.9247)
  Batch 110/1279 | Loss: 1.1179 (bce=0.0433 aux_ce=0.4557 domain_ce=0.8924)
  Batch 120/1279 | Loss: 1.0626 (bce=0.0024 aux_ce=0.0463 domain_ce=1.0417)
  Batch 130/1279 | Loss: 0.9923 (bce=0.0035 aux_ce=0.0676 domain_ce=0.9617)
  Batch 140/1279 | Loss: 1.3543 (bce=0.0009 aux_ce=0.0018 domain_ce=1.3527)
  Batch 150/1279 | Loss: 0.9620 (bce=0.0292 aux_ce=0.0584 domain_ce=0.9094)
  Batch 160/1279 | Loss: 1.1528 (bce=0.0533 aux_ce=0.6510 domain_ce=0.8391)
  Batch 170/1279 | Loss: 0.7948 (bce=0.0146 aux_ce=0.0335 domain_ce=0.7668)
  Batch 180/1279 | Loss: 1.0475 (bce=0.0239 aux_ce=0.3886 domain_ce=0.8682)
  Batch 190/1279 | Loss: 1.0821 (bce=0.1660 aux_ce=0.6419 domain_ce=0.6594)
  Batch 200/1279 | Loss: 1.2924 (bce=0.1643 aux_ce=0.0551 domain_ce=1.1061)
  Batch 210/1279 | Loss: 1.0713 (bce=0.0134 aux_ce=0.6544 domain_ce=0.7961)
  Batch 220/1279 | Loss: 1.0474 (bce=0.0284 aux_ce=0.0329 domain_ce=1.0059)
  Batch 230/1279 | Loss: 0.9159 (bce=0.0060 aux_ce=0.0234 domain_ce=0.9006)
  Batch 240/1279 | Loss: 1.1828 (bce=0.0074 aux_ce=0.2027 domain_ce=1.0942)
  Batch 250/1279 | Loss: 1.0734 (bce=0.0005 aux_ce=0.1419 domain_ce=1.0162)
  Batch 260/1279 | Loss: 0.8347 (bce=0.0057 aux_ce=0.0564 domain_ce=0.8064)
  Batch 270/1279 | Loss: 0.8850 (bce=0.0038 aux_ce=0.1087 domain_ce=0.8378)
  Batch 280/1279 | Loss: 0.9933 (bce=0.0199 aux_ce=0.1018 domain_ce=0.9327)
  Batch 290/1279 | Loss: 1.1690 (bce=0.0023 aux_ce=0.1069 domain_ce=1.1240)
  Batch 300/1279 | Loss: 0.9213 (bce=0.0611 aux_ce=0.0440 domain_ce=0.8426)
  Batch 310/1279 | Loss: 1.1266 (bce=0.0077 aux_ce=0.0482 domain_ce=1.0996)
  Batch 320/1279 | Loss: 1.3078 (bce=0.2034 aux_ce=0.4321 domain_ce=0.9315)
  Batch 330/1279 | Loss: 0.9743 (bce=0.0123 aux_ce=0.2373 domain_ce=0.8671)
  Batch 340/1279 | Loss: 1.0288 (bce=0.0084 aux_ce=0.2877 domain_ce=0.9053)
  Batch 350/1279 | Loss: 1.1674 (bce=0.1649 aux_ce=0.2032 domain_ce=0.9212)
  Batch 360/1279 | Loss: 1.4776 (bce=0.0026 aux_ce=0.1317 domain_ce=1.4224)
  Batch 370/1279 | Loss: 1.0627 (bce=0.0030 aux_ce=0.0974 domain_ce=1.0207)
  Batch 380/1279 | Loss: 1.2621 (bce=0.0029 aux_ce=0.5456 domain_ce=1.0409)
  Batch 390/1279 | Loss: 1.1899 (bce=0.0495 aux_ce=0.2444 domain_ce=1.0427)
  Batch 400/1279 | Loss: 1.1555 (bce=0.0045 aux_ce=0.0710 domain_ce=1.1226)
  Batch 410/1279 | Loss: 1.1331 (bce=0.0022 aux_ce=0.0595 domain_ce=1.1071)
  Batch 420/1279 | Loss: 0.9131 (bce=0.0017 aux_ce=0.0696 domain_ce=0.8835)
  Batch 430/1279 | Loss: 1.0929 (bce=0.0032 aux_ce=0.0428 domain_ce=1.0725)
  Batch 440/1279 | Loss: 1.3453 (bce=0.0085 aux_ce=0.2353 domain_ce=1.2427)
  Batch 450/1279 | Loss: 0.9372 (bce=0.0235 aux_ce=0.1415 domain_ce=0.8571)
  Batch 460/1279 | Loss: 0.8632 (bce=0.0101 aux_ce=0.0995 domain_ce=0.8134)
  Batch 470/1279 | Loss: 1.1919 (bce=0.0048 aux_ce=0.6614 domain_ce=0.9225)
  Batch 480/1279 | Loss: 0.7900 (bce=0.0241 aux_ce=0.0470 domain_ce=0.7470)
  Batch 490/1279 | Loss: 1.1643 (bce=0.0005 aux_ce=0.1382 domain_ce=1.1085)
  Batch 500/1279 | Loss: 1.5888 (bce=0.1437 aux_ce=0.0948 domain_ce=1.4072)
  Batch 510/1279 | Loss: 0.8161 (bce=0.0150 aux_ce=0.0268 domain_ce=0.7903)
  Batch 520/1279 | Loss: 1.2378 (bce=0.0113 aux_ce=0.0998 domain_ce=1.1865)
  Batch 530/1279 | Loss: 1.2330 (bce=0.0095 aux_ce=0.1008 domain_ce=1.1832)
  Batch 540/1279 | Loss: 1.2212 (bce=0.0193 aux_ce=0.0697 domain_ce=1.1740)
  Batch 550/1279 | Loss: 1.2318 (bce=0.1365 aux_ce=0.5340 domain_ce=0.8817)
  Batch 560/1279 | Loss: 1.1099 (bce=0.0077 aux_ce=0.4538 domain_ce=0.9207)
  Batch 570/1279 | Loss: 1.1619 (bce=0.0118 aux_ce=0.0341 domain_ce=1.1365)
  Batch 580/1279 | Loss: 1.2886 (bce=0.0363 aux_ce=0.0656 domain_ce=1.2261)
  Batch 590/1279 | Loss: 1.2252 (bce=0.0071 aux_ce=0.0132 domain_ce=1.2128)
  Batch 600/1279 | Loss: 1.0596 (bce=0.0406 aux_ce=0.1814 domain_ce=0.9464)
  Batch 610/1279 | Loss: 1.0447 (bce=0.0735 aux_ce=0.2716 domain_ce=0.8626)
  Batch 620/1279 | Loss: 0.9062 (bce=0.0027 aux_ce=0.0235 domain_ce=0.8942)
  Batch 630/1279 | Loss: 0.9222 (bce=0.0092 aux_ce=0.0432 domain_ce=0.8957)
  Batch 640/1279 | Loss: 0.9886 (bce=0.0149 aux_ce=0.0985 domain_ce=0.9343)
  Batch 650/1279 | Loss: 1.1390 (bce=0.0058 aux_ce=0.0743 domain_ce=1.1035)
  Batch 660/1279 | Loss: 0.7411 (bce=0.0116 aux_ce=0.0520 domain_ce=0.7086)
  Batch 670/1279 | Loss: 1.1316 (bce=0.0047 aux_ce=0.0381 domain_ce=1.1116)
  Batch 680/1279 | Loss: 1.1333 (bce=0.0036 aux_ce=0.1013 domain_ce=1.0891)
  Batch 690/1279 | Loss: 1.0975 (bce=0.0089 aux_ce=0.0158 domain_ce=1.0822)
  Batch 700/1279 | Loss: 4.5062 (bce=2.6850 aux_ce=1.9192 domain_ce=1.0534)
  Batch 710/1279 | Loss: 1.1374 (bce=0.0046 aux_ce=0.0491 domain_ce=1.1132)
  Batch 720/1279 | Loss: 0.9185 (bce=0.0136 aux_ce=0.0257 domain_ce=0.8947)
  Batch 730/1279 | Loss: 0.8572 (bce=0.0019 aux_ce=0.0452 domain_ce=0.8372)
  Batch 740/1279 | Loss: 0.9027 (bce=0.0044 aux_ce=0.0371 domain_ce=0.8834)
  Batch 750/1279 | Loss: 0.9695 (bce=0.0053 aux_ce=0.0220 domain_ce=0.9554)
  Batch 760/1279 | Loss: 1.1689 (bce=0.0235 aux_ce=0.0331 domain_ce=1.1321)
  Batch 770/1279 | Loss: 1.1301 (bce=0.0108 aux_ce=0.0600 domain_ce=1.0952)
  Batch 780/1279 | Loss: 1.3223 (bce=0.0056 aux_ce=0.0688 domain_ce=1.2892)
  Batch 790/1279 | Loss: 1.1621 (bce=0.2868 aux_ce=0.2902 domain_ce=0.7593)
  Batch 800/1279 | Loss: 0.8239 (bce=0.0469 aux_ce=0.0238 domain_ce=0.7675)
  Batch 810/1279 | Loss: 1.1771 (bce=0.0081 aux_ce=0.0726 domain_ce=1.1399)
  Batch 820/1279 | Loss: 1.2057 (bce=0.0007 aux_ce=0.6029 domain_ce=0.9639)
  Batch 830/1279 | Loss: 1.1618 (bce=0.1265 aux_ce=0.1708 domain_ce=0.9669)
  Batch 840/1279 | Loss: 1.7241 (bce=0.0007 aux_ce=2.0453 domain_ce=0.9054)
  Batch 850/1279 | Loss: 0.9422 (bce=0.0016 aux_ce=0.1571 domain_ce=0.8778)
  Batch 860/1279 | Loss: 0.7706 (bce=0.0015 aux_ce=0.0287 domain_ce=0.7576)
  Batch 870/1279 | Loss: 1.4644 (bce=0.0022 aux_ce=0.1102 domain_ce=1.4182)
  Batch 880/1279 | Loss: 1.2397 (bce=0.0013 aux_ce=0.0939 domain_ce=1.2009)
  Batch 890/1279 | Loss: 1.2607 (bce=0.0027 aux_ce=0.0897 domain_ce=1.2222)
  Batch 900/1279 | Loss: 0.9918 (bce=0.0120 aux_ce=0.0969 domain_ce=0.9410)
  Batch 910/1279 | Loss: 0.8055 (bce=0.0257 aux_ce=0.0704 domain_ce=0.7516)
  Batch 920/1279 | Loss: 1.4891 (bce=0.0076 aux_ce=0.8136 domain_ce=1.1561)
  Batch 930/1279 | Loss: 1.0166 (bce=0.0043 aux_ce=0.0596 domain_ce=0.9885)
  Batch 940/1279 | Loss: 1.1537 (bce=0.0050 aux_ce=0.2205 domain_ce=1.0605)
  Batch 950/1279 | Loss: 1.0423 (bce=0.0076 aux_ce=0.0227 domain_ce=1.0256)
  Batch 960/1279 | Loss: 1.1475 (bce=0.0898 aux_ce=0.1041 domain_ce=1.0160)
  Batch 970/1279 | Loss: 0.9595 (bce=0.0068 aux_ce=0.0687 domain_ce=0.9253)
  Batch 980/1279 | Loss: 0.8223 (bce=0.0014 aux_ce=0.0327 domain_ce=0.8079)
  Batch 990/1279 | Loss: 0.9521 (bce=0.0040 aux_ce=0.3962 domain_ce=0.7896)
  Batch 1000/1279 | Loss: 1.1760 (bce=0.1273 aux_ce=0.0812 domain_ce=1.0162)
  Batch 1010/1279 | Loss: 0.9443 (bce=0.0158 aux_ce=0.1301 domain_ce=0.8765)
  Batch 1020/1279 | Loss: 1.1284 (bce=0.0412 aux_ce=0.0815 domain_ce=1.0546)
  Batch 1030/1279 | Loss: 1.1926 (bce=0.0774 aux_ce=0.0817 domain_ce=1.0825)
  Batch 1040/1279 | Loss: 0.7766 (bce=0.0117 aux_ce=0.0463 domain_ce=0.7463)
  Batch 1050/1279 | Loss: 1.3342 (bce=0.1458 aux_ce=0.0480 domain_ce=1.1691)
  Batch 1060/1279 | Loss: 1.2996 (bce=0.0010 aux_ce=0.0454 domain_ce=1.2805)
  Batch 1070/1279 | Loss: 1.1292 (bce=0.0252 aux_ce=0.2550 domain_ce=1.0020)
  Batch 1080/1279 | Loss: 0.9806 (bce=0.0018 aux_ce=0.0962 domain_ce=0.9404)
  Batch 1090/1279 | Loss: 1.3280 (bce=0.0009 aux_ce=0.0671 domain_ce=1.3003)
  Batch 1100/1279 | Loss: 1.0150 (bce=0.0047 aux_ce=0.0758 domain_ce=0.9799)
  Batch 1110/1279 | Loss: 1.9615 (bce=0.7959 aux_ce=0.8745 domain_ce=0.8158)
  Batch 1120/1279 | Loss: 1.4350 (bce=0.0013 aux_ce=0.0922 domain_ce=1.3967)
  Batch 1130/1279 | Loss: 1.0185 (bce=0.0036 aux_ce=0.0839 domain_ce=0.9813)
  Batch 1140/1279 | Loss: 1.0220 (bce=0.0084 aux_ce=0.0163 domain_ce=1.0071)
  Batch 1150/1279 | Loss: 0.8896 (bce=0.0083 aux_ce=0.0218 domain_ce=0.8726)
  Batch 1160/1279 | Loss: 0.8731 (bce=0.0766 aux_ce=0.0488 domain_ce=0.7770)
  Batch 1170/1279 | Loss: 1.1359 (bce=0.1067 aux_ce=0.0596 domain_ce=1.0053)
  Batch 1180/1279 | Loss: 0.8467 (bce=0.0113 aux_ce=0.2204 domain_ce=0.7473)
  Batch 1190/1279 | Loss: 0.8074 (bce=0.0104 aux_ce=0.0272 domain_ce=0.7861)
  Batch 1200/1279 | Loss: 0.9136 (bce=0.0175 aux_ce=0.0398 domain_ce=0.8802)
  Batch 1210/1279 | Loss: 0.9196 (bce=0.0105 aux_ce=0.0618 domain_ce=0.8844)
  Batch 1220/1279 | Loss: 1.1463 (bce=0.0009 aux_ce=0.2815 domain_ce=1.0328)
  Batch 1230/1279 | Loss: 1.1482 (bce=0.0112 aux_ce=0.1576 domain_ce=1.0740)
  Batch 1240/1279 | Loss: 1.1917 (bce=0.2388 aux_ce=0.1688 domain_ce=0.8854)
  Batch 1250/1279 | Loss: 1.2580 (bce=0.0058 aux_ce=0.0637 domain_ce=1.2267)
  Batch 1260/1279 | Loss: 1.5061 (bce=0.0123 aux_ce=0.0908 domain_ce=1.4575)
  Batch 1270/1279 | Loss: 0.9980 (bce=0.0103 aux_ce=0.0847 domain_ce=0.9537)
Epoch 19 | Train Loss: 1.1329 | Train Acc: 0.9868 | Val AUC: 0.9794 | Domain Acc: 0.5619 (chance=0.333, lambda=0.299)
Saved checkpoint: models\stageA_checkpoint_epoch19.pth
  No improvement for 5/5 epochs
Early stopping at epoch 19 (best val AUC: 0.9887)
Stage A Training Complete! Best model: models/stageA_best_model.pth (val AUC 0.9887)
