Using device: cuda

[Data Distribution] Real: 2558  Fake: 7674  Total: 10232
[Val set] 6094 videos
[Manipulation types] ['real', 'faceswap', 'faceswap-wav2lip', 'fsgan', 'fsgan-wav2lip', 'rtvc', 'wav2lip', 'video_retalking', 'unknown_fake']

[DataLoader] batch_size=8 num_workers=4
Starting Stage A Training (frozen backbone, cached features)...
  Batch 10/1279 | Loss: 1.8443 (bce=1.1561 aux_ce=1.7203)
  Batch 20/1279 | Loss: 1.5800 (bce=0.8975 aux_ce=1.7061)
  Batch 30/1279 | Loss: 1.6145 (bce=1.0583 aux_ce=1.3904)
  Batch 40/1279 | Loss: 1.9375 (bce=1.1326 aux_ce=2.0123)
  Batch 50/1279 | Loss: 1.1020 (bce=0.8503 aux_ce=0.6293)
  Batch 60/1279 | Loss: 1.1671 (bce=0.7165 aux_ce=1.1264)
  Batch 70/1279 | Loss: 1.3018 (bce=1.0626 aux_ce=0.5979)
  Batch 80/1279 | Loss: 1.3320 (bce=0.9592 aux_ce=0.9318)
  Batch 90/1279 | Loss: 1.2662 (bce=0.7355 aux_ce=1.3268)
  Batch 100/1279 | Loss: 1.0371 (bce=0.7227 aux_ce=0.7858)
  Batch 110/1279 | Loss: 1.1268 (bce=0.6688 aux_ce=1.1451)
  Batch 120/1279 | Loss: 1.5537 (bce=1.0447 aux_ce=1.2723)
  Batch 130/1279 | Loss: 1.6170 (bce=1.3118 aux_ce=0.7632)
  Batch 140/1279 | Loss: 0.7057 (bce=0.3756 aux_ce=0.8251)
  Batch 150/1279 | Loss: 1.2697 (bce=0.8575 aux_ce=1.0307)
  Batch 160/1279 | Loss: 1.0621 (bce=0.7250 aux_ce=0.8429)
  Batch 170/1279 | Loss: 1.8184 (bce=1.4331 aux_ce=0.9630)
  Batch 180/1279 | Loss: 1.2491 (bce=0.8403 aux_ce=1.0220)
  Batch 190/1279 | Loss: 1.1726 (bce=0.9333 aux_ce=0.5981)
  Batch 200/1279 | Loss: 1.6241 (bce=1.1522 aux_ce=1.1797)
  Batch 210/1279 | Loss: 0.4823 (bce=0.3042 aux_ce=0.4452)
  Batch 220/1279 | Loss: 0.9562 (bce=0.4303 aux_ce=1.3149)
  Batch 230/1279 | Loss: 1.9658 (bce=1.3628 aux_ce=1.5075)
  Batch 240/1279 | Loss: 1.0064 (bce=0.7688 aux_ce=0.5941)
  Batch 250/1279 | Loss: 1.0203 (bce=0.4643 aux_ce=1.3899)
  Batch 260/1279 | Loss: 0.9206 (bce=0.6402 aux_ce=0.7011)
  Batch 270/1279 | Loss: 1.8194 (bce=1.3410 aux_ce=1.1959)
  Batch 280/1279 | Loss: 0.6572 (bce=0.2917 aux_ce=0.9136)
  Batch 290/1279 | Loss: 2.0838 (bce=1.4089 aux_ce=1.6872)
  Batch 300/1279 | Loss: 1.5982 (bce=1.1869 aux_ce=1.0282)
  Batch 310/1279 | Loss: 1.0270 (bce=0.5269 aux_ce=1.2502)
  Batch 320/1279 | Loss: 0.4746 (bce=0.2049 aux_ce=0.6742)
  Batch 330/1279 | Loss: 0.8861 (bce=0.5061 aux_ce=0.9499)
  Batch 340/1279 | Loss: 0.5869 (bce=0.4103 aux_ce=0.4415)
  Batch 350/1279 | Loss: 1.3718 (bce=0.8725 aux_ce=1.2483)
  Batch 360/1279 | Loss: 2.1435 (bce=1.6516 aux_ce=1.2297)
  Batch 370/1279 | Loss: 0.5251 (bce=0.3200 aux_ce=0.5127)
  Batch 380/1279 | Loss: 0.8203 (bce=0.5846 aux_ce=0.5894)
  Batch 390/1279 | Loss: 1.5284 (bce=1.1389 aux_ce=0.9736)
  Batch 400/1279 | Loss: 0.9020 (bce=0.5312 aux_ce=0.9269)
  Batch 410/1279 | Loss: 1.2634 (bce=0.8592 aux_ce=1.0105)
  Batch 420/1279 | Loss: 1.4562 (bce=1.0603 aux_ce=0.9898)
  Batch 430/1279 | Loss: 0.7028 (bce=0.3639 aux_ce=0.8472)
  Batch 440/1279 | Loss: 0.6332 (bce=0.4391 aux_ce=0.4853)
  Batch 450/1279 | Loss: 0.7109 (bce=0.5586 aux_ce=0.3809)
  Batch 460/1279 | Loss: 0.4099 (bce=0.1601 aux_ce=0.6245)
  Batch 470/1279 | Loss: 0.9387 (bce=0.5076 aux_ce=1.0777)
  Batch 480/1279 | Loss: 0.5077 (bce=0.1587 aux_ce=0.8725)
  Batch 490/1279 | Loss: 1.4050 (bce=0.7634 aux_ce=1.6040)
  Batch 500/1279 | Loss: 0.3844 (bce=0.2480 aux_ce=0.3409)
  Batch 510/1279 | Loss: 0.9016 (bce=0.7195 aux_ce=0.4552)
  Batch 520/1279 | Loss: 1.1091 (bce=0.8586 aux_ce=0.6263)
  Batch 530/1279 | Loss: 0.5068 (bce=0.3748 aux_ce=0.3300)
  Batch 540/1279 | Loss: 1.2784 (bce=0.9711 aux_ce=0.7684)
  Batch 550/1279 | Loss: 0.7739 (bce=0.5591 aux_ce=0.5369)
  Batch 560/1279 | Loss: 0.5763 (bce=0.3918 aux_ce=0.4614)
  Batch 570/1279 | Loss: 0.2436 (bce=0.1774 aux_ce=0.1653)
  Batch 580/1279 | Loss: 0.4907 (bce=0.2167 aux_ce=0.6851)
  Batch 590/1279 | Loss: 0.8678 (bce=0.4611 aux_ce=1.0168)
  Batch 600/1279 | Loss: 1.2474 (bce=0.9886 aux_ce=0.6472)
  Batch 610/1279 | Loss: 0.9281 (bce=0.6381 aux_ce=0.7250)
  Batch 620/1279 | Loss: 1.5115 (bce=1.1296 aux_ce=0.9547)
  Batch 630/1279 | Loss: 0.5613 (bce=0.2528 aux_ce=0.7711)
  Batch 640/1279 | Loss: 0.4358 (bce=0.2777 aux_ce=0.3951)
  Batch 650/1279 | Loss: 1.0708 (bce=0.8572 aux_ce=0.5342)
  Batch 660/1279 | Loss: 1.4899 (bce=1.0323 aux_ce=1.1439)
  Batch 670/1279 | Loss: 1.3763 (bce=1.0506 aux_ce=0.8140)
  Batch 680/1279 | Loss: 0.5924 (bce=0.3627 aux_ce=0.5742)
  Batch 690/1279 | Loss: 0.5235 (bce=0.2820 aux_ce=0.6037)
  Batch 700/1279 | Loss: 0.3789 (bce=0.1271 aux_ce=0.6295)
  Batch 710/1279 | Loss: 0.8376 (bce=0.5837 aux_ce=0.6346)
  Batch 720/1279 | Loss: 0.7360 (bce=0.4886 aux_ce=0.6184)
  Batch 730/1279 | Loss: 0.8516 (bce=0.4831 aux_ce=0.9212)
  Batch 740/1279 | Loss: 0.3227 (bce=0.1437 aux_ce=0.4475)
  Batch 750/1279 | Loss: 0.7457 (bce=0.4872 aux_ce=0.6462)
  Batch 760/1279 | Loss: 0.7678 (bce=0.4767 aux_ce=0.7276)
  Batch 770/1279 | Loss: 0.4889 (bce=0.3137 aux_ce=0.4380)
  Batch 780/1279 | Loss: 0.8485 (bce=0.5599 aux_ce=0.7216)
  Batch 790/1279 | Loss: 1.2651 (bce=0.7860 aux_ce=1.1978)
  Batch 800/1279 | Loss: 1.1348 (bce=0.7598 aux_ce=0.9375)
  Batch 810/1279 | Loss: 0.8046 (bce=0.5643 aux_ce=0.6008)
  Batch 820/1279 | Loss: 0.6175 (bce=0.4836 aux_ce=0.3349)
  Batch 830/1279 | Loss: 0.3997 (bce=0.1999 aux_ce=0.4994)
  Batch 840/1279 | Loss: 0.9175 (bce=0.5670 aux_ce=0.8763)
  Batch 850/1279 | Loss: 0.7496 (bce=0.5718 aux_ce=0.4444)
  Batch 860/1279 | Loss: 0.6144 (bce=0.2987 aux_ce=0.7892)
  Batch 870/1279 | Loss: 0.6982 (bce=0.4202 aux_ce=0.6949)
  Batch 880/1279 | Loss: 0.5391 (bce=0.3892 aux_ce=0.3747)
  Batch 890/1279 | Loss: 0.5269 (bce=0.2603 aux_ce=0.6666)
  Batch 900/1279 | Loss: 1.6014 (bce=1.1543 aux_ce=1.1178)
  Batch 910/1279 | Loss: 0.8216 (bce=0.6191 aux_ce=0.5062)
  Batch 920/1279 | Loss: 0.5959 (bce=0.2887 aux_ce=0.7681)
  Batch 930/1279 | Loss: 1.8567 (bce=1.4931 aux_ce=0.9088)
  Batch 940/1279 | Loss: 0.5941 (bce=0.4052 aux_ce=0.4724)
  Batch 950/1279 | Loss: 0.9310 (bce=0.6013 aux_ce=0.8241)
  Batch 960/1279 | Loss: 0.5305 (bce=0.2915 aux_ce=0.5975)
  Batch 970/1279 | Loss: 1.2030 (bce=0.8840 aux_ce=0.7976)
  Batch 980/1279 | Loss: 0.5051 (bce=0.2728 aux_ce=0.5807)
  Batch 990/1279 | Loss: 0.4782 (bce=0.3490 aux_ce=0.3231)
  Batch 1000/1279 | Loss: 1.2252 (bce=0.8041 aux_ce=1.0526)
  Batch 1010/1279 | Loss: 1.2471 (bce=0.7845 aux_ce=1.1565)
  Batch 1020/1279 | Loss: 0.7455 (bce=0.5374 aux_ce=0.5202)
  Batch 1030/1279 | Loss: 1.0527 (bce=0.5665 aux_ce=1.2154)
  Batch 1040/1279 | Loss: 0.5421 (bce=0.3177 aux_ce=0.5610)
  Batch 1050/1279 | Loss: 1.0209 (bce=0.5760 aux_ce=1.1123)
  Batch 1060/1279 | Loss: 0.9519 (bce=0.6973 aux_ce=0.6364)
  Batch 1070/1279 | Loss: 1.1292 (bce=0.8080 aux_ce=0.8029)
  Batch 1080/1279 | Loss: 0.3522 (bce=0.1665 aux_ce=0.4643)
  Batch 1090/1279 | Loss: 1.1093 (bce=0.7570 aux_ce=0.8806)
  Batch 1100/1279 | Loss: 0.5679 (bce=0.3449 aux_ce=0.5576)
  Batch 1110/1279 | Loss: 0.6323 (bce=0.1705 aux_ce=1.1546)
  Batch 1120/1279 | Loss: 0.4039 (bce=0.3337 aux_ce=0.1755)
  Batch 1130/1279 | Loss: 0.5000 (bce=0.2168 aux_ce=0.7081)
  Batch 1140/1279 | Loss: 0.6422 (bce=0.4308 aux_ce=0.5286)
  Batch 1150/1279 | Loss: 0.6480 (bce=0.5312 aux_ce=0.2921)
  Batch 1160/1279 | Loss: 0.3338 (bce=0.0756 aux_ce=0.6455)
  Batch 1170/1279 | Loss: 0.6958 (bce=0.4376 aux_ce=0.6457)
  Batch 1180/1279 | Loss: 0.3557 (bce=0.1344 aux_ce=0.5533)
  Batch 1190/1279 | Loss: 0.4123 (bce=0.2779 aux_ce=0.3361)
  Batch 1200/1279 | Loss: 1.1999 (bce=0.9083 aux_ce=0.7289)
  Batch 1210/1279 | Loss: 0.3315 (bce=0.1477 aux_ce=0.4596)
  Batch 1220/1279 | Loss: 0.3682 (bce=0.2261 aux_ce=0.3553)
  Batch 1230/1279 | Loss: 0.4832 (bce=0.1379 aux_ce=0.8633)
  Batch 1240/1279 | Loss: 1.0061 (bce=0.7034 aux_ce=0.7565)
  Batch 1250/1279 | Loss: 1.9721 (bce=1.6195 aux_ce=0.8813)
  Batch 1260/1279 | Loss: 1.1498 (bce=0.6829 aux_ce=1.1673)
  Batch 1270/1279 | Loss: 0.9037 (bce=0.4908 aux_ce=1.0324)
Epoch 1 | Train Loss: 0.9146 | Train Acc: 0.8088 | Val AUC: 0.9651
Saved checkpoint: models\stageA_checkpoint_epoch1.pth
  New best val AUC: 0.9651 - saved stageA_best_model.pth
  Batch 10/1279 | Loss: 0.4942 (bce=0.3727 aux_ce=0.3038)
  Batch 20/1279 | Loss: 0.2587 (bce=0.1180 aux_ce=0.3517)
  Batch 30/1279 | Loss: 0.2061 (bce=0.0675 aux_ce=0.3465)
  Batch 40/1279 | Loss: 0.5526 (bce=0.3500 aux_ce=0.5064)
  Batch 50/1279 | Loss: 0.9989 (bce=0.8298 aux_ce=0.4228)
  Batch 60/1279 | Loss: 0.2534 (bce=0.0419 aux_ce=0.5288)
  Batch 70/1279 | Loss: 0.1004 (bce=0.0244 aux_ce=0.1900)
  Batch 80/1279 | Loss: 0.3606 (bce=0.1801 aux_ce=0.4513)
  Batch 90/1279 | Loss: 0.3940 (bce=0.2743 aux_ce=0.2992)
  Batch 100/1279 | Loss: 0.7806 (bce=0.4320 aux_ce=0.8713)
  Batch 110/1279 | Loss: 0.3362 (bce=0.2499 aux_ce=0.2157)
  Batch 120/1279 | Loss: 0.2555 (bce=0.1302 aux_ce=0.3133)
  Batch 130/1279 | Loss: 0.3690 (bce=0.2533 aux_ce=0.2893)
  Batch 140/1279 | Loss: 0.4461 (bce=0.3303 aux_ce=0.2895)
  Batch 150/1279 | Loss: 0.2433 (bce=0.1507 aux_ce=0.2314)
  Batch 160/1279 | Loss: 1.4825 (bce=1.1599 aux_ce=0.8066)
  Batch 170/1279 | Loss: 0.2078 (bce=0.1070 aux_ce=0.2520)
  Batch 180/1279 | Loss: 0.2268 (bce=0.1769 aux_ce=0.1248)
  Batch 190/1279 | Loss: 0.8598 (bce=0.6220 aux_ce=0.5945)
  Batch 200/1279 | Loss: 0.8231 (bce=0.6089 aux_ce=0.5356)
  Batch 210/1279 | Loss: 0.4923 (bce=0.2693 aux_ce=0.5574)
  Batch 220/1279 | Loss: 0.7792 (bce=0.4918 aux_ce=0.7185)
  Batch 230/1279 | Loss: 0.3608 (bce=0.1497 aux_ce=0.5277)
  Batch 240/1279 | Loss: 0.4325 (bce=0.1762 aux_ce=0.6408)
  Batch 250/1279 | Loss: 0.3371 (bce=0.1744 aux_ce=0.4068)
  Batch 260/1279 | Loss: 0.6231 (bce=0.3873 aux_ce=0.5895)
  Batch 270/1279 | Loss: 1.4455 (bce=1.1564 aux_ce=0.7226)
  Batch 280/1279 | Loss: 0.7341 (bce=0.4873 aux_ce=0.6170)
  Batch 290/1279 | Loss: 0.2598 (bce=0.1123 aux_ce=0.3687)
  Batch 300/1279 | Loss: 0.4632 (bce=0.1288 aux_ce=0.8361)
  Batch 310/1279 | Loss: 0.7469 (bce=0.5568 aux_ce=0.4753)
  Batch 320/1279 | Loss: 0.4900 (bce=0.3017 aux_ce=0.4706)
  Batch 330/1279 | Loss: 0.2700 (bce=0.1877 aux_ce=0.2058)
  Batch 340/1279 | Loss: 1.0157 (bce=0.6948 aux_ce=0.8023)
  Batch 350/1279 | Loss: 0.6943 (bce=0.4352 aux_ce=0.6477)
  Batch 360/1279 | Loss: 2.2402 (bce=1.7708 aux_ce=1.1735)
  Batch 370/1279 | Loss: 0.9142 (bce=0.5605 aux_ce=0.8843)
  Batch 380/1279 | Loss: 0.8143 (bce=0.6225 aux_ce=0.4795)
  Batch 390/1279 | Loss: 0.1539 (bce=0.0759 aux_ce=0.1951)
  Batch 400/1279 | Loss: 0.4230 (bce=0.1042 aux_ce=0.7968)
  Batch 410/1279 | Loss: 0.8608 (bce=0.5309 aux_ce=0.8246)
  Batch 420/1279 | Loss: 0.7101 (bce=0.3947 aux_ce=0.7885)
  Batch 430/1279 | Loss: 0.3795 (bce=0.2786 aux_ce=0.2523)
  Batch 440/1279 | Loss: 0.5522 (bce=0.2132 aux_ce=0.8474)
  Batch 450/1279 | Loss: 0.6412 (bce=0.4774 aux_ce=0.4094)
  Batch 460/1279 | Loss: 0.3911 (bce=0.1707 aux_ce=0.5510)
  Batch 470/1279 | Loss: 0.4013 (bce=0.1283 aux_ce=0.6824)
  Batch 480/1279 | Loss: 0.2474 (bce=0.1775 aux_ce=0.1747)
  Batch 490/1279 | Loss: 0.3155 (bce=0.2529 aux_ce=0.1567)
  Batch 500/1279 | Loss: 0.3166 (bce=0.1931 aux_ce=0.3088)
  Batch 510/1279 | Loss: 1.5477 (bce=1.2436 aux_ce=0.7603)
  Batch 520/1279 | Loss: 0.1063 (bce=0.0156 aux_ce=0.2267)
  Batch 530/1279 | Loss: 0.3546 (bce=0.2519 aux_ce=0.2568)
  Batch 540/1279 | Loss: 0.6803 (bce=0.4064 aux_ce=0.6847)
  Batch 550/1279 | Loss: 1.1609 (bce=0.9212 aux_ce=0.5993)
  Batch 560/1279 | Loss: 0.3194 (bce=0.2083 aux_ce=0.2778)
  Batch 570/1279 | Loss: 0.3156 (bce=0.1838 aux_ce=0.3295)
  Batch 580/1279 | Loss: 0.5368 (bce=0.4095 aux_ce=0.3183)
  Batch 590/1279 | Loss: 0.4136 (bce=0.2520 aux_ce=0.4040)
  Batch 600/1279 | Loss: 0.2304 (bce=0.1068 aux_ce=0.3089)
  Batch 610/1279 | Loss: 0.4055 (bce=0.2082 aux_ce=0.4932)
  Batch 620/1279 | Loss: 0.4187 (bce=0.3180 aux_ce=0.2517)
  Batch 630/1279 | Loss: 0.3198 (bce=0.1177 aux_ce=0.5052)
  Batch 640/1279 | Loss: 0.3454 (bce=0.1167 aux_ce=0.5719)
  Batch 650/1279 | Loss: 0.3814 (bce=0.3107 aux_ce=0.1767)
  Batch 660/1279 | Loss: 0.3711 (bce=0.3241 aux_ce=0.1173)
  Batch 670/1279 | Loss: 0.3779 (bce=0.1696 aux_ce=0.5209)
  Batch 680/1279 | Loss: 0.1867 (bce=0.0984 aux_ce=0.2208)
  Batch 690/1279 | Loss: 0.9317 (bce=0.7178 aux_ce=0.5349)
  Batch 700/1279 | Loss: 0.4137 (bce=0.1061 aux_ce=0.7690)
  Batch 710/1279 | Loss: 1.0502 (bce=0.7983 aux_ce=0.6298)
  Batch 720/1279 | Loss: 0.9099 (bce=0.7615 aux_ce=0.3711)
  Batch 730/1279 | Loss: 0.5316 (bce=0.2645 aux_ce=0.6677)
  Batch 740/1279 | Loss: 0.4694 (bce=0.2874 aux_ce=0.4552)
  Batch 750/1279 | Loss: 0.4100 (bce=0.2728 aux_ce=0.3431)
  Batch 760/1279 | Loss: 0.2753 (bce=0.2215 aux_ce=0.1343)
  Batch 770/1279 | Loss: 0.2934 (bce=0.1500 aux_ce=0.3586)
  Batch 780/1279 | Loss: 0.2645 (bce=0.0292 aux_ce=0.5882)
  Batch 790/1279 | Loss: 1.6407 (bce=1.2806 aux_ce=0.9001)
  Batch 800/1279 | Loss: 0.3076 (bce=0.2020 aux_ce=0.2640)
  Batch 810/1279 | Loss: 0.7153 (bce=0.3670 aux_ce=0.8707)
  Batch 820/1279 | Loss: 0.4212 (bce=0.1937 aux_ce=0.5688)
  Batch 830/1279 | Loss: 0.3210 (bce=0.1939 aux_ce=0.3179)
  Batch 840/1279 | Loss: 0.4178 (bce=0.1981 aux_ce=0.5491)
  Batch 850/1279 | Loss: 0.3087 (bce=0.1945 aux_ce=0.2856)
  Batch 860/1279 | Loss: 0.3118 (bce=0.1142 aux_ce=0.4939)
  Batch 870/1279 | Loss: 0.3292 (bce=0.1136 aux_ce=0.5390)
  Batch 880/1279 | Loss: 0.4483 (bce=0.3092 aux_ce=0.3477)
  Batch 890/1279 | Loss: 0.1994 (bce=0.0348 aux_ce=0.4114)
  Batch 900/1279 | Loss: 0.3104 (bce=0.0925 aux_ce=0.5447)
  Batch 910/1279 | Loss: 0.0674 (bce=0.0306 aux_ce=0.0921)
  Batch 920/1279 | Loss: 0.5799 (bce=0.3584 aux_ce=0.5536)
  Batch 930/1279 | Loss: 1.1702 (bce=0.8495 aux_ce=0.8016)
  Batch 940/1279 | Loss: 0.5313 (bce=0.4068 aux_ce=0.3111)
  Batch 950/1279 | Loss: 0.5072 (bce=0.3817 aux_ce=0.3137)
  Batch 960/1279 | Loss: 0.4170 (bce=0.1278 aux_ce=0.7231)
  Batch 970/1279 | Loss: 1.8123 (bce=1.4147 aux_ce=0.9939)
  Batch 980/1279 | Loss: 0.1231 (bce=0.1092 aux_ce=0.0346)
  Batch 990/1279 | Loss: 0.4283 (bce=0.3173 aux_ce=0.2774)
  Batch 1000/1279 | Loss: 0.3077 (bce=0.0982 aux_ce=0.5236)
  Batch 1010/1279 | Loss: 0.2010 (bce=0.0659 aux_ce=0.3377)
  Batch 1020/1279 | Loss: 0.4259 (bce=0.3032 aux_ce=0.3066)
  Batch 1030/1279 | Loss: 0.2089 (bce=0.0920 aux_ce=0.2923)
  Batch 1040/1279 | Loss: 0.1857 (bce=0.1376 aux_ce=0.1203)
  Batch 1050/1279 | Loss: 0.4010 (bce=0.3391 aux_ce=0.1548)
  Batch 1060/1279 | Loss: 1.0799 (bce=0.8566 aux_ce=0.5583)
  Batch 1070/1279 | Loss: 0.4308 (bce=0.0982 aux_ce=0.8316)
  Batch 1080/1279 | Loss: 0.8524 (bce=0.6997 aux_ce=0.3817)
  Batch 1090/1279 | Loss: 0.6929 (bce=0.4975 aux_ce=0.4885)
  Batch 1100/1279 | Loss: 0.2979 (bce=0.0206 aux_ce=0.6933)
  Batch 1110/1279 | Loss: 0.7116 (bce=0.5093 aux_ce=0.5058)
  Batch 1120/1279 | Loss: 0.3480 (bce=0.1942 aux_ce=0.3843)
  Batch 1130/1279 | Loss: 0.2495 (bce=0.1683 aux_ce=0.2028)
  Batch 1140/1279 | Loss: 0.4182 (bce=0.2655 aux_ce=0.3816)
  Batch 1150/1279 | Loss: 0.9262 (bce=0.7857 aux_ce=0.3513)
  Batch 1160/1279 | Loss: 1.2735 (bce=1.0218 aux_ce=0.6291)
  Batch 1170/1279 | Loss: 0.3120 (bce=0.2297 aux_ce=0.2057)
  Batch 1180/1279 | Loss: 1.3236 (bce=1.0523 aux_ce=0.6784)
  Batch 1190/1279 | Loss: 0.1763 (bce=0.0797 aux_ce=0.2417)
  Batch 1200/1279 | Loss: 0.2851 (bce=0.1429 aux_ce=0.3554)
  Batch 1210/1279 | Loss: 0.3689 (bce=0.1936 aux_ce=0.4383)
  Batch 1220/1279 | Loss: 0.2719 (bce=0.2150 aux_ce=0.1423)
  Batch 1230/1279 | Loss: 0.3443 (bce=0.1639 aux_ce=0.4508)
  Batch 1240/1279 | Loss: 0.2166 (bce=0.0499 aux_ce=0.4166)
  Batch 1250/1279 | Loss: 0.1594 (bce=0.0252 aux_ce=0.3354)
  Batch 1260/1279 | Loss: 0.1253 (bce=0.0891 aux_ce=0.0905)
  Batch 1270/1279 | Loss: 0.6838 (bce=0.4570 aux_ce=0.5672)
Epoch 2 | Train Loss: 0.5347 | Train Acc: 0.9135 | Val AUC: 0.9857
Saved checkpoint: models\stageA_checkpoint_epoch2.pth
  New best val AUC: 0.9857 - saved stageA_best_model.pth
  Batch 10/1279 | Loss: 0.4379 (bce=0.1678 aux_ce=0.6753)
  Batch 20/1279 | Loss: 0.1942 (bce=0.0524 aux_ce=0.3545)
  Batch 30/1279 | Loss: 0.6423 (bce=0.4312 aux_ce=0.5278)
  Batch 40/1279 | Loss: 0.9299 (bce=0.6079 aux_ce=0.8049)
  Batch 50/1279 | Loss: 1.3796 (bce=0.9194 aux_ce=1.1506)
  Batch 60/1279 | Loss: 0.1523 (bce=0.0786 aux_ce=0.1844)
  Batch 70/1279 | Loss: 0.4488 (bce=0.2916 aux_ce=0.3929)
  Batch 80/1279 | Loss: 0.1135 (bce=0.0475 aux_ce=0.1651)
  Batch 90/1279 | Loss: 0.4801 (bce=0.2561 aux_ce=0.5602)
  Batch 100/1279 | Loss: 0.5787 (bce=0.3946 aux_ce=0.4602)
  Batch 110/1279 | Loss: 0.0372 (bce=0.0253 aux_ce=0.0296)
  Batch 120/1279 | Loss: 0.1638 (bce=0.1373 aux_ce=0.0662)
  Batch 130/1279 | Loss: 2.4017 (bce=2.0088 aux_ce=0.9823)
  Batch 140/1279 | Loss: 0.4645 (bce=0.2989 aux_ce=0.4140)
  Batch 150/1279 | Loss: 0.2560 (bce=0.0505 aux_ce=0.5138)
  Batch 160/1279 | Loss: 0.2476 (bce=0.1581 aux_ce=0.2235)
  Batch 170/1279 | Loss: 0.7779 (bce=0.2629 aux_ce=1.2874)
  Batch 180/1279 | Loss: 0.1632 (bce=0.0506 aux_ce=0.2814)
  Batch 190/1279 | Loss: 0.1413 (bce=0.0365 aux_ce=0.2619)
  Batch 200/1279 | Loss: 0.3463 (bce=0.0432 aux_ce=0.7577)
  Batch 210/1279 | Loss: 0.4904 (bce=0.3863 aux_ce=0.2604)
  Batch 220/1279 | Loss: 0.0870 (bce=0.0446 aux_ce=0.1062)
  Batch 230/1279 | Loss: 0.3087 (bce=0.1438 aux_ce=0.4122)
  Batch 240/1279 | Loss: 0.4018 (bce=0.1234 aux_ce=0.6961)
  Batch 250/1279 | Loss: 0.3153 (bce=0.2091 aux_ce=0.2656)
  Batch 260/1279 | Loss: 0.1911 (bce=0.1283 aux_ce=0.1569)
  Batch 270/1279 | Loss: 0.8197 (bce=0.6720 aux_ce=0.3694)
  Batch 280/1279 | Loss: 0.2697 (bce=0.0807 aux_ce=0.4727)
  Batch 290/1279 | Loss: 1.0181 (bce=0.7786 aux_ce=0.5987)
  Batch 300/1279 | Loss: 0.0416 (bce=0.0341 aux_ce=0.0187)
  Batch 310/1279 | Loss: 0.0656 (bce=0.0590 aux_ce=0.0164)
  Batch 320/1279 | Loss: 0.1157 (bce=0.0813 aux_ce=0.0859)
  Batch 330/1279 | Loss: 0.2098 (bce=0.1621 aux_ce=0.1191)
  Batch 340/1279 | Loss: 0.8455 (bce=0.6314 aux_ce=0.5353)
  Batch 350/1279 | Loss: 0.5727 (bce=0.4556 aux_ce=0.2927)
  Batch 360/1279 | Loss: 0.1911 (bce=0.1527 aux_ce=0.0962)
  Batch 370/1279 | Loss: 0.2209 (bce=0.0589 aux_ce=0.4050)
  Batch 380/1279 | Loss: 0.2244 (bce=0.0239 aux_ce=0.5012)
  Batch 390/1279 | Loss: 0.1487 (bce=0.0513 aux_ce=0.2434)
  Batch 400/1279 | Loss: 0.1728 (bce=0.1140 aux_ce=0.1471)
  Batch 410/1279 | Loss: 0.2766 (bce=0.2006 aux_ce=0.1902)
  Batch 420/1279 | Loss: 0.0784 (bce=0.0351 aux_ce=0.1083)
  Batch 430/1279 | Loss: 0.0783 (bce=0.0322 aux_ce=0.1153)
  Batch 440/1279 | Loss: 1.1597 (bce=0.8857 aux_ce=0.6849)
  Batch 450/1279 | Loss: 0.9835 (bce=0.6584 aux_ce=0.8127)
  Batch 460/1279 | Loss: 0.2566 (bce=0.1830 aux_ce=0.1839)
  Batch 470/1279 | Loss: 0.4197 (bce=0.2249 aux_ce=0.4870)
  Batch 480/1279 | Loss: 0.1003 (bce=0.0495 aux_ce=0.1272)
  Batch 490/1279 | Loss: 0.8157 (bce=0.6756 aux_ce=0.3503)
  Batch 500/1279 | Loss: 0.5222 (bce=0.3769 aux_ce=0.3634)
  Batch 510/1279 | Loss: 0.2051 (bce=0.1652 aux_ce=0.0997)
  Batch 520/1279 | Loss: 0.4325 (bce=0.3398 aux_ce=0.2317)
  Batch 530/1279 | Loss: 0.9051 (bce=0.6725 aux_ce=0.5813)
  Batch 540/1279 | Loss: 0.2249 (bce=0.1337 aux_ce=0.2279)
  Batch 550/1279 | Loss: 0.4395 (bce=0.3366 aux_ce=0.2573)
  Batch 560/1279 | Loss: 1.4067 (bce=1.0426 aux_ce=0.9102)
  Batch 570/1279 | Loss: 0.1950 (bce=0.0899 aux_ce=0.2628)
  Batch 580/1279 | Loss: 0.2021 (bce=0.0312 aux_ce=0.4274)
  Batch 590/1279 | Loss: 0.1137 (bce=0.0247 aux_ce=0.2225)
  Batch 600/1279 | Loss: 0.2133 (bce=0.0634 aux_ce=0.3748)
  Batch 610/1279 | Loss: 0.2940 (bce=0.2419 aux_ce=0.1302)
  Batch 620/1279 | Loss: 1.4425 (bce=1.2191 aux_ce=0.5587)
  Batch 630/1279 | Loss: 1.5576 (bce=1.3586 aux_ce=0.4975)
  Batch 640/1279 | Loss: 0.0636 (bce=0.0205 aux_ce=0.1079)
  Batch 650/1279 | Loss: 0.1990 (bce=0.1708 aux_ce=0.0705)
  Batch 660/1279 | Loss: 0.2292 (bce=0.0447 aux_ce=0.4612)
  Batch 670/1279 | Loss: 0.0798 (bce=0.0454 aux_ce=0.0859)
  Batch 680/1279 | Loss: 0.0797 (bce=0.0092 aux_ce=0.1763)
  Batch 690/1279 | Loss: 0.0398 (bce=0.0265 aux_ce=0.0332)
  Batch 700/1279 | Loss: 0.0729 (bce=0.0619 aux_ce=0.0275)
  Batch 710/1279 | Loss: 0.0988 (bce=0.0706 aux_ce=0.0706)
  Batch 720/1279 | Loss: 0.3108 (bce=0.2353 aux_ce=0.1889)
  Batch 730/1279 | Loss: 0.6725 (bce=0.5243 aux_ce=0.3706)
  Batch 740/1279 | Loss: 0.0593 (bce=0.0156 aux_ce=0.1092)
  Batch 750/1279 | Loss: 0.2761 (bce=0.1482 aux_ce=0.3198)
  Batch 760/1279 | Loss: 0.1556 (bce=0.1285 aux_ce=0.0678)
  Batch 770/1279 | Loss: 0.1203 (bce=0.0891 aux_ce=0.0778)
  Batch 780/1279 | Loss: 0.1334 (bce=0.0542 aux_ce=0.1980)
  Batch 790/1279 | Loss: 0.4746 (bce=0.3812 aux_ce=0.2334)
  Batch 800/1279 | Loss: 0.1357 (bce=0.0556 aux_ce=0.2002)
  Batch 810/1279 | Loss: 0.2301 (bce=0.1211 aux_ce=0.2725)
  Batch 820/1279 | Loss: 0.2995 (bce=0.2505 aux_ce=0.1224)
  Batch 830/1279 | Loss: 0.7510 (bce=0.4699 aux_ce=0.7029)
  Batch 840/1279 | Loss: 0.3135 (bce=0.2381 aux_ce=0.1885)
  Batch 850/1279 | Loss: 0.3646 (bce=0.2610 aux_ce=0.2590)
  Batch 860/1279 | Loss: 0.7662 (bce=0.6082 aux_ce=0.3950)
  Batch 870/1279 | Loss: 0.4478 (bce=0.2494 aux_ce=0.4959)
  Batch 880/1279 | Loss: 0.4846 (bce=0.3974 aux_ce=0.2180)
  Batch 890/1279 | Loss: 0.3094 (bce=0.0296 aux_ce=0.6996)
  Batch 900/1279 | Loss: 0.2128 (bce=0.1254 aux_ce=0.2186)
  Batch 910/1279 | Loss: 1.5088 (bce=1.2121 aux_ce=0.7417)
  Batch 920/1279 | Loss: 0.1301 (bce=0.0348 aux_ce=0.2385)
  Batch 930/1279 | Loss: 0.0766 (bce=0.0601 aux_ce=0.0413)
  Batch 940/1279 | Loss: 0.2777 (bce=0.1506 aux_ce=0.3177)
  Batch 950/1279 | Loss: 0.0737 (bce=0.0397 aux_ce=0.0850)
  Batch 960/1279 | Loss: 0.1070 (bce=0.0764 aux_ce=0.0764)
  Batch 970/1279 | Loss: 0.8068 (bce=0.6556 aux_ce=0.3780)
  Batch 980/1279 | Loss: 2.0562 (bce=1.7390 aux_ce=0.7928)
  Batch 990/1279 | Loss: 0.2760 (bce=0.1635 aux_ce=0.2811)
  Batch 1000/1279 | Loss: 0.1469 (bce=0.0438 aux_ce=0.2579)
  Batch 1010/1279 | Loss: 0.2284 (bce=0.0930 aux_ce=0.3384)
  Batch 1020/1279 | Loss: 0.0308 (bce=0.0129 aux_ce=0.0449)
  Batch 1030/1279 | Loss: 0.4116 (bce=0.2809 aux_ce=0.3266)
  Batch 1040/1279 | Loss: 0.4221 (bce=0.3446 aux_ce=0.1937)
  Batch 1050/1279 | Loss: 0.3529 (bce=0.1510 aux_ce=0.5047)
  Batch 1060/1279 | Loss: 0.0927 (bce=0.0515 aux_ce=0.1030)
  Batch 1070/1279 | Loss: 0.2320 (bce=0.0358 aux_ce=0.4905)
  Batch 1080/1279 | Loss: 0.1617 (bce=0.0483 aux_ce=0.2835)
  Batch 1090/1279 | Loss: 0.0649 (bce=0.0543 aux_ce=0.0266)
  Batch 1100/1279 | Loss: 0.6272 (bce=0.3237 aux_ce=0.7587)
  Batch 1110/1279 | Loss: 0.0458 (bce=0.0288 aux_ce=0.0425)
  Batch 1120/1279 | Loss: 0.0601 (bce=0.0214 aux_ce=0.0966)
  Batch 1130/1279 | Loss: 1.8943 (bce=1.6025 aux_ce=0.7297)
  Batch 1140/1279 | Loss: 0.3103 (bce=0.2372 aux_ce=0.1827)
  Batch 1150/1279 | Loss: 0.0394 (bce=0.0314 aux_ce=0.0198)
  Batch 1160/1279 | Loss: 0.5786 (bce=0.4153 aux_ce=0.4082)
  Batch 1170/1279 | Loss: 1.2203 (bce=0.9121 aux_ce=0.7704)
  Batch 1180/1279 | Loss: 0.1359 (bce=0.0992 aux_ce=0.0917)
  Batch 1190/1279 | Loss: 1.7515 (bce=1.4320 aux_ce=0.7988)
  Batch 1200/1279 | Loss: 0.4931 (bce=0.4122 aux_ce=0.2023)
  Batch 1210/1279 | Loss: 0.3481 (bce=0.1016 aux_ce=0.6162)
  Batch 1220/1279 | Loss: 0.5864 (bce=0.4343 aux_ce=0.3805)
  Batch 1230/1279 | Loss: 0.0778 (bce=0.0296 aux_ce=0.1206)
  Batch 1240/1279 | Loss: 0.5139 (bce=0.3677 aux_ce=0.3654)
  Batch 1250/1279 | Loss: 0.2041 (bce=0.1721 aux_ce=0.0800)
  Batch 1260/1279 | Loss: 0.3357 (bce=0.1786 aux_ce=0.3927)
  Batch 1270/1279 | Loss: 0.0893 (bce=0.0353 aux_ce=0.1350)
Epoch 3 | Train Loss: 0.3906 | Train Acc: 0.9379 | Val AUC: 0.9863
Saved checkpoint: models\stageA_checkpoint_epoch3.pth
  New best val AUC: 0.9863 - saved stageA_best_model.pth
  Batch 10/1279 | Loss: 0.2192 (bce=0.0428 aux_ce=0.4409)
  Batch 20/1279 | Loss: 0.1741 (bce=0.0902 aux_ce=0.2098)
  Batch 30/1279 | Loss: 0.0297 (bce=0.0095 aux_ce=0.0505)
  Batch 40/1279 | Loss: 0.1040 (bce=0.0682 aux_ce=0.0893)
  Batch 50/1279 | Loss: 0.1260 (bce=0.0557 aux_ce=0.1758)
  Batch 60/1279 | Loss: 0.1351 (bce=0.1186 aux_ce=0.0412)
  Batch 70/1279 | Loss: 1.1997 (bce=1.0214 aux_ce=0.4457)
  Batch 80/1279 | Loss: 0.2559 (bce=0.1592 aux_ce=0.2417)
  Batch 90/1279 | Loss: 0.1089 (bce=0.0842 aux_ce=0.0616)
  Batch 100/1279 | Loss: 0.7826 (bce=0.5719 aux_ce=0.5266)
  Batch 110/1279 | Loss: 0.0930 (bce=0.0832 aux_ce=0.0246)
  Batch 120/1279 | Loss: 0.1931 (bce=0.1362 aux_ce=0.1422)
  Batch 130/1279 | Loss: 0.2200 (bce=0.1702 aux_ce=0.1246)
  Batch 140/1279 | Loss: 0.1824 (bce=0.1048 aux_ce=0.1941)
  Batch 150/1279 | Loss: 0.3169 (bce=0.1191 aux_ce=0.4946)
  Batch 160/1279 | Loss: 0.4052 (bce=0.3383 aux_ce=0.1672)
  Batch 170/1279 | Loss: 0.1404 (bce=0.0431 aux_ce=0.2434)
  Batch 180/1279 | Loss: 0.1684 (bce=0.0903 aux_ce=0.1953)
  Batch 190/1279 | Loss: 0.2297 (bce=0.0675 aux_ce=0.4056)
  Batch 200/1279 | Loss: 0.3467 (bce=0.2798 aux_ce=0.1672)
  Batch 210/1279 | Loss: 1.1566 (bce=0.8729 aux_ce=0.7092)
  Batch 220/1279 | Loss: 0.3084 (bce=0.2135 aux_ce=0.2373)
  Batch 230/1279 | Loss: 0.3543 (bce=0.2582 aux_ce=0.2402)
  Batch 240/1279 | Loss: 0.0313 (bce=0.0241 aux_ce=0.0180)
  Batch 250/1279 | Loss: 0.2364 (bce=0.1929 aux_ce=0.1088)
  Batch 260/1279 | Loss: 2.5514 (bce=2.1304 aux_ce=1.0525)
  Batch 270/1279 | Loss: 0.3822 (bce=0.3056 aux_ce=0.1915)
  Batch 280/1279 | Loss: 0.0815 (bce=0.0601 aux_ce=0.0536)
  Batch 290/1279 | Loss: 0.3820 (bce=0.3142 aux_ce=0.1693)
  Batch 300/1279 | Loss: 0.0539 (bce=0.0412 aux_ce=0.0317)
  Batch 310/1279 | Loss: 1.2768 (bce=0.7997 aux_ce=1.1926)
  Batch 320/1279 | Loss: 0.2878 (bce=0.2354 aux_ce=0.1311)
  Batch 330/1279 | Loss: 0.2215 (bce=0.0651 aux_ce=0.3909)
  Batch 340/1279 | Loss: 0.1164 (bce=0.0866 aux_ce=0.0744)
  Batch 350/1279 | Loss: 0.3899 (bce=0.3085 aux_ce=0.2035)
  Batch 360/1279 | Loss: 0.1492 (bce=0.1198 aux_ce=0.0736)
  Batch 370/1279 | Loss: 0.0886 (bce=0.0771 aux_ce=0.0286)
  Batch 380/1279 | Loss: 0.1676 (bce=0.1302 aux_ce=0.0934)
  Batch 390/1279 | Loss: 0.3843 (bce=0.2664 aux_ce=0.2949)
  Batch 400/1279 | Loss: 0.3257 (bce=0.2579 aux_ce=0.1696)
  Batch 410/1279 | Loss: 0.1620 (bce=0.1267 aux_ce=0.0882)
  Batch 420/1279 | Loss: 0.8005 (bce=0.3284 aux_ce=1.1801)
  Batch 430/1279 | Loss: 0.1913 (bce=0.0922 aux_ce=0.2477)
  Batch 440/1279 | Loss: 0.2697 (bce=0.2133 aux_ce=0.1408)
  Batch 450/1279 | Loss: 0.1514 (bce=0.1022 aux_ce=0.1231)
  Batch 460/1279 | Loss: 0.1453 (bce=0.1172 aux_ce=0.0703)
  Batch 470/1279 | Loss: 0.1735 (bce=0.1035 aux_ce=0.1748)
  Batch 480/1279 | Loss: 0.2121 (bce=0.1640 aux_ce=0.1201)
  Batch 490/1279 | Loss: 1.1303 (bce=0.7911 aux_ce=0.8479)
  Batch 500/1279 | Loss: 0.1559 (bce=0.1165 aux_ce=0.0983)
  Batch 510/1279 | Loss: 0.8371 (bce=0.6603 aux_ce=0.4420)
  Batch 520/1279 | Loss: 0.2154 (bce=0.1732 aux_ce=0.1054)
  Batch 530/1279 | Loss: 0.1222 (bce=0.0462 aux_ce=0.1902)
  Batch 540/1279 | Loss: 0.0915 (bce=0.0717 aux_ce=0.0494)
  Batch 550/1279 | Loss: 0.6921 (bce=0.4654 aux_ce=0.5668)
  Batch 560/1279 | Loss: 0.1070 (bce=0.0761 aux_ce=0.0774)
  Batch 570/1279 | Loss: 0.0341 (bce=0.0269 aux_ce=0.0181)
  Batch 580/1279 | Loss: 0.0838 (bce=0.0587 aux_ce=0.0627)
  Batch 590/1279 | Loss: 0.2739 (bce=0.1160 aux_ce=0.3948)
  Batch 600/1279 | Loss: 0.1254 (bce=0.0674 aux_ce=0.1451)
  Batch 610/1279 | Loss: 0.0407 (bce=0.0185 aux_ce=0.0555)
  Batch 620/1279 | Loss: 1.4886 (bce=1.2598 aux_ce=0.5722)
  Batch 630/1279 | Loss: 0.7147 (bce=0.4764 aux_ce=0.5958)
  Batch 640/1279 | Loss: 0.2820 (bce=0.2222 aux_ce=0.1495)
  Batch 650/1279 | Loss: 0.0968 (bce=0.0703 aux_ce=0.0663)
  Batch 660/1279 | Loss: 0.0283 (bce=0.0106 aux_ce=0.0442)
  Batch 670/1279 | Loss: 0.1777 (bce=0.1068 aux_ce=0.1774)
  Batch 680/1279 | Loss: 0.5405 (bce=0.3074 aux_ce=0.5829)
  Batch 690/1279 | Loss: 0.3142 (bce=0.1572 aux_ce=0.3926)
  Batch 700/1279 | Loss: 0.0480 (bce=0.0335 aux_ce=0.0363)
  Batch 710/1279 | Loss: 0.2550 (bce=0.1644 aux_ce=0.2264)
  Batch 720/1279 | Loss: 0.0900 (bce=0.0307 aux_ce=0.1481)
  Batch 730/1279 | Loss: 0.0981 (bce=0.0220 aux_ce=0.1903)
  Batch 740/1279 | Loss: 0.0642 (bce=0.0234 aux_ce=0.1021)
  Batch 750/1279 | Loss: 0.3592 (bce=0.2685 aux_ce=0.2266)
  Batch 760/1279 | Loss: 0.1677 (bce=0.1190 aux_ce=0.1217)
  Batch 770/1279 | Loss: 0.3617 (bce=0.2892 aux_ce=0.1812)
  Batch 780/1279 | Loss: 1.6356 (bce=1.2987 aux_ce=0.8423)
  Batch 790/1279 | Loss: 0.1422 (bce=0.0369 aux_ce=0.2633)
  Batch 800/1279 | Loss: 0.4251 (bce=0.3232 aux_ce=0.2547)
  Batch 810/1279 | Loss: 0.1530 (bce=0.1325 aux_ce=0.0513)
  Batch 820/1279 | Loss: 0.0477 (bce=0.0203 aux_ce=0.0683)
  Batch 830/1279 | Loss: 0.1430 (bce=0.0928 aux_ce=0.1256)
  Batch 840/1279 | Loss: 0.6876 (bce=0.4074 aux_ce=0.7004)
  Batch 850/1279 | Loss: 0.1981 (bce=0.1288 aux_ce=0.1731)
  Batch 860/1279 | Loss: 0.0855 (bce=0.0070 aux_ce=0.1963)
  Batch 870/1279 | Loss: 1.9516 (bce=1.6700 aux_ce=0.7040)
  Batch 880/1279 | Loss: 0.1530 (bce=0.0736 aux_ce=0.1985)
  Batch 890/1279 | Loss: 0.2727 (bce=0.2180 aux_ce=0.1368)
  Batch 900/1279 | Loss: 0.4409 (bce=0.3615 aux_ce=0.1985)
  Batch 910/1279 | Loss: 0.1813 (bce=0.1527 aux_ce=0.0715)
  Batch 920/1279 | Loss: 0.0870 (bce=0.0536 aux_ce=0.0834)
  Batch 930/1279 | Loss: 0.6441 (bce=0.5120 aux_ce=0.3304)
  Batch 940/1279 | Loss: 0.9010 (bce=0.6820 aux_ce=0.5477)
  Batch 950/1279 | Loss: 0.0924 (bce=0.0487 aux_ce=0.1092)
  Batch 960/1279 | Loss: 0.0900 (bce=0.0666 aux_ce=0.0584)
  Batch 970/1279 | Loss: 0.2540 (bce=0.2102 aux_ce=0.1095)
  Batch 980/1279 | Loss: 0.7018 (bce=0.5570 aux_ce=0.3621)
  Batch 990/1279 | Loss: 0.0654 (bce=0.0583 aux_ce=0.0179)
  Batch 1000/1279 | Loss: 0.0446 (bce=0.0358 aux_ce=0.0218)
  Batch 1010/1279 | Loss: 0.1715 (bce=0.0094 aux_ce=0.4054)
  Batch 1020/1279 | Loss: 0.5160 (bce=0.3787 aux_ce=0.3432)
  Batch 1030/1279 | Loss: 0.0341 (bce=0.0292 aux_ce=0.0121)
  Batch 1040/1279 | Loss: 0.1754 (bce=0.1405 aux_ce=0.0874)
  Batch 1050/1279 | Loss: 0.1541 (bce=0.0533 aux_ce=0.2519)
  Batch 1060/1279 | Loss: 0.1304 (bce=0.0463 aux_ce=0.2101)
  Batch 1070/1279 | Loss: 0.0757 (bce=0.0668 aux_ce=0.0224)
  Batch 1080/1279 | Loss: 0.0965 (bce=0.0374 aux_ce=0.1477)
  Batch 1090/1279 | Loss: 0.0693 (bce=0.0482 aux_ce=0.0529)
  Batch 1100/1279 | Loss: 0.2635 (bce=0.0530 aux_ce=0.5262)
  Batch 1110/1279 | Loss: 0.3058 (bce=0.2024 aux_ce=0.2584)
  Batch 1120/1279 | Loss: 0.1324 (bce=0.0764 aux_ce=0.1400)
  Batch 1130/1279 | Loss: 0.1852 (bce=0.0994 aux_ce=0.2144)
  Batch 1140/1279 | Loss: 0.1120 (bce=0.0551 aux_ce=0.1423)
  Batch 1150/1279 | Loss: 0.0337 (bce=0.0218 aux_ce=0.0299)
  Batch 1160/1279 | Loss: 0.0776 (bce=0.0640 aux_ce=0.0340)
  Batch 1170/1279 | Loss: 1.7272 (bce=1.4161 aux_ce=0.7778)
  Batch 1180/1279 | Loss: 0.3964 (bce=0.2769 aux_ce=0.2989)
  Batch 1190/1279 | Loss: 0.5150 (bce=0.3174 aux_ce=0.4939)
  Batch 1200/1279 | Loss: 0.0843 (bce=0.0155 aux_ce=0.1721)
  Batch 1210/1279 | Loss: 1.0942 (bce=0.8640 aux_ce=0.5753)
  Batch 1220/1279 | Loss: 0.5869 (bce=0.4733 aux_ce=0.2840)
  Batch 1230/1279 | Loss: 0.2163 (bce=0.1138 aux_ce=0.2563)
  Batch 1240/1279 | Loss: 0.2237 (bce=0.0772 aux_ce=0.3664)
  Batch 1250/1279 | Loss: 0.2387 (bce=0.2076 aux_ce=0.0779)
  Batch 1260/1279 | Loss: 0.2520 (bce=0.1474 aux_ce=0.2615)
  Batch 1270/1279 | Loss: 0.0937 (bce=0.0449 aux_ce=0.1218)
Epoch 4 | Train Loss: 0.3395 | Train Acc: 0.9465 | Val AUC: 0.9897
Saved checkpoint: models\stageA_checkpoint_epoch4.pth
  New best val AUC: 0.9897 - saved stageA_best_model.pth
  Batch 10/1279 | Loss: 0.0682 (bce=0.0330 aux_ce=0.0881)
  Batch 20/1279 | Loss: 0.5698 (bce=0.3529 aux_ce=0.5422)
  Batch 30/1279 | Loss: 0.0646 (bce=0.0211 aux_ce=0.1088)
  Batch 40/1279 | Loss: 0.1523 (bce=0.1027 aux_ce=0.1238)
  Batch 50/1279 | Loss: 0.1779 (bce=0.0735 aux_ce=0.2612)
  Batch 60/1279 | Loss: 0.0957 (bce=0.0150 aux_ce=0.2018)
  Batch 70/1279 | Loss: 0.0715 (bce=0.0517 aux_ce=0.0496)
  Batch 80/1279 | Loss: 0.0932 (bce=0.0580 aux_ce=0.0879)
  Batch 90/1279 | Loss: 0.1284 (bce=0.0183 aux_ce=0.2752)
  Batch 100/1279 | Loss: 0.1410 (bce=0.0798 aux_ce=0.1529)
  Batch 110/1279 | Loss: 0.9627 (bce=0.7300 aux_ce=0.5818)
  Batch 120/1279 | Loss: 0.2377 (bce=0.2186 aux_ce=0.0476)
  Batch 130/1279 | Loss: 0.2186 (bce=0.1542 aux_ce=0.1609)
  Batch 140/1279 | Loss: 0.1288 (bce=0.0534 aux_ce=0.1884)
  Batch 150/1279 | Loss: 0.0172 (bce=0.0089 aux_ce=0.0207)
  Batch 160/1279 | Loss: 0.0638 (bce=0.0238 aux_ce=0.0998)
  Batch 170/1279 | Loss: 0.1884 (bce=0.1372 aux_ce=0.1279)
  Batch 180/1279 | Loss: 0.0290 (bce=0.0132 aux_ce=0.0397)
  Batch 190/1279 | Loss: 0.0344 (bce=0.0245 aux_ce=0.0246)
  Batch 200/1279 | Loss: 0.5641 (bce=0.4599 aux_ce=0.2607)
  Batch 210/1279 | Loss: 0.1663 (bce=0.0944 aux_ce=0.1798)
  Batch 220/1279 | Loss: 0.1463 (bce=0.0862 aux_ce=0.1503)
  Batch 230/1279 | Loss: 0.2614 (bce=0.0927 aux_ce=0.4218)
  Batch 240/1279 | Loss: 0.2074 (bce=0.0324 aux_ce=0.4376)
  Batch 250/1279 | Loss: 0.7897 (bce=0.5388 aux_ce=0.6271)
  Batch 260/1279 | Loss: 0.6458 (bce=0.4946 aux_ce=0.3779)
  Batch 270/1279 | Loss: 0.4791 (bce=0.3744 aux_ce=0.2617)
  Batch 280/1279 | Loss: 0.1816 (bce=0.0843 aux_ce=0.2432)
  Batch 290/1279 | Loss: 0.1256 (bce=0.0397 aux_ce=0.2147)
  Batch 300/1279 | Loss: 0.0985 (bce=0.0863 aux_ce=0.0305)
  Batch 310/1279 | Loss: 0.7902 (bce=0.6335 aux_ce=0.3919)
  Batch 320/1279 | Loss: 0.2230 (bce=0.1123 aux_ce=0.2767)
  Batch 330/1279 | Loss: 0.0347 (bce=0.0224 aux_ce=0.0306)
  Batch 340/1279 | Loss: 0.2534 (bce=0.1589 aux_ce=0.2364)
  Batch 350/1279 | Loss: 0.1934 (bce=0.1373 aux_ce=0.1404)
  Batch 360/1279 | Loss: 0.2097 (bce=0.0637 aux_ce=0.3650)
  Batch 370/1279 | Loss: 0.0304 (bce=0.0232 aux_ce=0.0180)
  Batch 380/1279 | Loss: 0.4425 (bce=0.2377 aux_ce=0.5121)
  Batch 390/1279 | Loss: 0.6107 (bce=0.3746 aux_ce=0.5903)
  Batch 400/1279 | Loss: 0.1376 (bce=0.0848 aux_ce=0.1321)
  Batch 410/1279 | Loss: 0.1304 (bce=0.1178 aux_ce=0.0316)
  Batch 420/1279 | Loss: 0.4441 (bce=0.2647 aux_ce=0.4485)
  Batch 430/1279 | Loss: 0.1824 (bce=0.1443 aux_ce=0.0954)
  Batch 440/1279 | Loss: 0.1625 (bce=0.1356 aux_ce=0.0672)
  Batch 450/1279 | Loss: 0.0943 (bce=0.0305 aux_ce=0.1596)
  Batch 460/1279 | Loss: 0.1501 (bce=0.0881 aux_ce=0.1549)
  Batch 470/1279 | Loss: 0.0954 (bce=0.0654 aux_ce=0.0749)
  Batch 480/1279 | Loss: 0.2933 (bce=0.1479 aux_ce=0.3637)
  Batch 490/1279 | Loss: 0.0162 (bce=0.0104 aux_ce=0.0145)
  Batch 500/1279 | Loss: 0.1317 (bce=0.0067 aux_ce=0.3125)
  Batch 510/1279 | Loss: 0.0440 (bce=0.0138 aux_ce=0.0756)
  Batch 520/1279 | Loss: 0.0192 (bce=0.0061 aux_ce=0.0329)
  Batch 530/1279 | Loss: 0.1494 (bce=0.0027 aux_ce=0.3668)
  Batch 540/1279 | Loss: 0.0338 (bce=0.0294 aux_ce=0.0109)
  Batch 550/1279 | Loss: 0.1862 (bce=0.0040 aux_ce=0.4556)
  Batch 560/1279 | Loss: 0.0785 (bce=0.0255 aux_ce=0.1324)
  Batch 570/1279 | Loss: 1.1634 (bce=0.9708 aux_ce=0.4815)
  Batch 580/1279 | Loss: 0.1620 (bce=0.1293 aux_ce=0.0818)
  Batch 590/1279 | Loss: 0.1027 (bce=0.0393 aux_ce=0.1585)
  Batch 600/1279 | Loss: 0.1235 (bce=0.0353 aux_ce=0.2204)
  Batch 610/1279 | Loss: 0.2428 (bce=0.1734 aux_ce=0.1736)
  Batch 620/1279 | Loss: 0.1088 (bce=0.0652 aux_ce=0.1090)
  Batch 630/1279 | Loss: 0.0600 (bce=0.0491 aux_ce=0.0272)
  Batch 640/1279 | Loss: 0.3223 (bce=0.0725 aux_ce=0.6244)
  Batch 650/1279 | Loss: 0.3631 (bce=0.0131 aux_ce=0.8750)
  Batch 660/1279 | Loss: 0.2019 (bce=0.1396 aux_ce=0.1557)
  Batch 670/1279 | Loss: 0.2197 (bce=0.0443 aux_ce=0.4385)
  Batch 680/1279 | Loss: 0.1795 (bce=0.1619 aux_ce=0.0439)
  Batch 690/1279 | Loss: 0.1025 (bce=0.0678 aux_ce=0.0869)
  Batch 700/1279 | Loss: 0.0966 (bce=0.0818 aux_ce=0.0370)
  Batch 710/1279 | Loss: 0.1131 (bce=0.0445 aux_ce=0.1716)
  Batch 720/1279 | Loss: 0.1578 (bce=0.1138 aux_ce=0.1100)
  Batch 730/1279 | Loss: 0.2279 (bce=0.0884 aux_ce=0.3486)
  Batch 740/1279 | Loss: 0.1193 (bce=0.0936 aux_ce=0.0642)
  Batch 750/1279 | Loss: 0.0566 (bce=0.0064 aux_ce=0.1254)
  Batch 760/1279 | Loss: 0.0588 (bce=0.0302 aux_ce=0.0714)
  Batch 770/1279 | Loss: 0.1107 (bce=0.0839 aux_ce=0.0669)
  Batch 780/1279 | Loss: 0.0271 (bce=0.0062 aux_ce=0.0522)
  Batch 790/1279 | Loss: 0.1710 (bce=0.0770 aux_ce=0.2348)
  Batch 800/1279 | Loss: 0.0560 (bce=0.0145 aux_ce=0.1038)
  Batch 810/1279 | Loss: 0.3223 (bce=0.2069 aux_ce=0.2885)
  Batch 820/1279 | Loss: 0.0600 (bce=0.0071 aux_ce=0.1324)
  Batch 830/1279 | Loss: 0.0859 (bce=0.0643 aux_ce=0.0538)
  Batch 840/1279 | Loss: 0.0450 (bce=0.0106 aux_ce=0.0860)
  Batch 850/1279 | Loss: 0.2174 (bce=0.0346 aux_ce=0.4571)
  Batch 860/1279 | Loss: 0.2340 (bce=0.1417 aux_ce=0.2307)
  Batch 870/1279 | Loss: 0.3995 (bce=0.2890 aux_ce=0.2764)
  Batch 880/1279 | Loss: 0.0936 (bce=0.0709 aux_ce=0.0568)
  Batch 890/1279 | Loss: 0.1849 (bce=0.0278 aux_ce=0.3927)
  Batch 900/1279 | Loss: 0.0418 (bce=0.0352 aux_ce=0.0164)
  Batch 910/1279 | Loss: 0.0456 (bce=0.0082 aux_ce=0.0935)
  Batch 920/1279 | Loss: 0.0420 (bce=0.0247 aux_ce=0.0433)
  Batch 930/1279 | Loss: 0.3588 (bce=0.2646 aux_ce=0.2356)
  Batch 940/1279 | Loss: 0.8742 (bce=0.6368 aux_ce=0.5935)
  Batch 950/1279 | Loss: 0.0762 (bce=0.0590 aux_ce=0.0429)
  Batch 960/1279 | Loss: 0.0345 (bce=0.0294 aux_ce=0.0128)
  Batch 970/1279 | Loss: 0.0452 (bce=0.0242 aux_ce=0.0524)
  Batch 980/1279 | Loss: 0.6856 (bce=0.5028 aux_ce=0.4572)
  Batch 990/1279 | Loss: 0.0676 (bce=0.0147 aux_ce=0.1321)
  Batch 1000/1279 | Loss: 1.1218 (bce=0.8503 aux_ce=0.6787)
  Batch 1010/1279 | Loss: 0.1212 (bce=0.0631 aux_ce=0.1453)
  Batch 1020/1279 | Loss: 0.0236 (bce=0.0181 aux_ce=0.0138)
  Batch 1030/1279 | Loss: 0.0372 (bce=0.0107 aux_ce=0.0663)
  Batch 1040/1279 | Loss: 1.2624 (bce=0.9003 aux_ce=0.9052)
  Batch 1050/1279 | Loss: 0.6920 (bce=0.5182 aux_ce=0.4345)
  Batch 1060/1279 | Loss: 0.1447 (bce=0.1127 aux_ce=0.0798)
  Batch 1070/1279 | Loss: 0.7153 (bce=0.5674 aux_ce=0.3697)
  Batch 1080/1279 | Loss: 0.0564 (bce=0.0248 aux_ce=0.0789)
  Batch 1090/1279 | Loss: 0.0474 (bce=0.0223 aux_ce=0.0628)
  Batch 1100/1279 | Loss: 0.1015 (bce=0.0249 aux_ce=0.1915)
  Batch 1110/1279 | Loss: 0.1031 (bce=0.0779 aux_ce=0.0630)
  Batch 1120/1279 | Loss: 0.8005 (bce=0.6528 aux_ce=0.3693)
  Batch 1130/1279 | Loss: 0.4121 (bce=0.3344 aux_ce=0.1943)
  Batch 1140/1279 | Loss: 0.0469 (bce=0.0254 aux_ce=0.0539)
  Batch 1150/1279 | Loss: 1.3609 (bce=1.1046 aux_ce=0.6408)
  Batch 1160/1279 | Loss: 0.0687 (bce=0.0426 aux_ce=0.0653)
  Batch 1170/1279 | Loss: 0.0751 (bce=0.0167 aux_ce=0.1459)
  Batch 1180/1279 | Loss: 0.1393 (bce=0.0752 aux_ce=0.1602)
  Batch 1190/1279 | Loss: 0.0762 (bce=0.0447 aux_ce=0.0787)
  Batch 1200/1279 | Loss: 0.0347 (bce=0.0162 aux_ce=0.0463)
  Batch 1210/1279 | Loss: 0.0471 (bce=0.0293 aux_ce=0.0445)
  Batch 1220/1279 | Loss: 0.1819 (bce=0.1456 aux_ce=0.0908)
  Batch 1230/1279 | Loss: 0.1373 (bce=0.0793 aux_ce=0.1450)
  Batch 1240/1279 | Loss: 0.0735 (bce=0.0087 aux_ce=0.1619)
  Batch 1250/1279 | Loss: 1.7958 (bce=1.3462 aux_ce=1.1240)
  Batch 1260/1279 | Loss: 0.0240 (bce=0.0182 aux_ce=0.0144)
  Batch 1270/1279 | Loss: 0.5912 (bce=0.4990 aux_ce=0.2305)
Epoch 5 | Train Loss: 0.2682 | Train Acc: 0.9580 | Val AUC: 0.9913
Saved checkpoint: models\stageA_checkpoint_epoch5.pth
  New best val AUC: 0.9913 - saved stageA_best_model.pth
  Batch 10/1279 | Loss: 0.1596 (bce=0.1330 aux_ce=0.0664)
  Batch 20/1279 | Loss: 0.0539 (bce=0.0378 aux_ce=0.0401)
  Batch 30/1279 | Loss: 0.0336 (bce=0.0265 aux_ce=0.0178)
  Batch 40/1279 | Loss: 0.0302 (bce=0.0192 aux_ce=0.0276)
  Batch 50/1279 | Loss: 0.1724 (bce=0.0092 aux_ce=0.4079)
  Batch 60/1279 | Loss: 0.1364 (bce=0.0436 aux_ce=0.2320)
  Batch 70/1279 | Loss: 0.1210 (bce=0.0056 aux_ce=0.2884)
  Batch 80/1279 | Loss: 0.0351 (bce=0.0059 aux_ce=0.0732)
  Batch 90/1279 | Loss: 0.1708 (bce=0.0068 aux_ce=0.4099)
  Batch 100/1279 | Loss: 0.2151 (bce=0.1759 aux_ce=0.0980)
  Batch 110/1279 | Loss: 0.0534 (bce=0.0078 aux_ce=0.1140)
  Batch 120/1279 | Loss: 0.1806 (bce=0.1172 aux_ce=0.1586)
  Batch 130/1279 | Loss: 0.0246 (bce=0.0201 aux_ce=0.0111)
  Batch 140/1279 | Loss: 0.9306 (bce=0.7242 aux_ce=0.5160)
  Batch 150/1279 | Loss: 0.3173 (bce=0.2330 aux_ce=0.2106)
  Batch 160/1279 | Loss: 0.0739 (bce=0.0597 aux_ce=0.0356)
  Batch 170/1279 | Loss: 0.0127 (bce=0.0091 aux_ce=0.0089)
  Batch 180/1279 | Loss: 0.0995 (bce=0.0198 aux_ce=0.1991)
  Batch 190/1279 | Loss: 0.1440 (bce=0.0052 aux_ce=0.3469)
  Batch 200/1279 | Loss: 0.1091 (bce=0.0186 aux_ce=0.2261)
  Batch 210/1279 | Loss: 0.4804 (bce=0.1661 aux_ce=0.7857)
  Batch 220/1279 | Loss: 0.1121 (bce=0.0924 aux_ce=0.0493)
  Batch 230/1279 | Loss: 0.1598 (bce=0.1010 aux_ce=0.1472)
  Batch 240/1279 | Loss: 0.0525 (bce=0.0259 aux_ce=0.0666)
  Batch 250/1279 | Loss: 0.3035 (bce=0.2483 aux_ce=0.1378)
  Batch 260/1279 | Loss: 0.0758 (bce=0.0567 aux_ce=0.0478)
  Batch 270/1279 | Loss: 0.1159 (bce=0.0195 aux_ce=0.2411)
  Batch 280/1279 | Loss: 0.0446 (bce=0.0262 aux_ce=0.0459)
  Batch 290/1279 | Loss: 0.0366 (bce=0.0313 aux_ce=0.0132)
  Batch 300/1279 | Loss: 0.0115 (bce=0.0096 aux_ce=0.0048)
  Batch 310/1279 | Loss: 0.1707 (bce=0.0304 aux_ce=0.3508)
  Batch 320/1279 | Loss: 0.0088 (bce=0.0066 aux_ce=0.0056)
  Batch 330/1279 | Loss: 0.0788 (bce=0.0609 aux_ce=0.0447)
  Batch 340/1279 | Loss: 0.0493 (bce=0.0208 aux_ce=0.0714)
  Batch 350/1279 | Loss: 0.0434 (bce=0.0211 aux_ce=0.0556)
  Batch 360/1279 | Loss: 0.2526 (bce=0.2010 aux_ce=0.1292)
  Batch 370/1279 | Loss: 0.1759 (bce=0.0208 aux_ce=0.3876)
  Batch 380/1279 | Loss: 0.6910 (bce=0.4344 aux_ce=0.6416)
  Batch 390/1279 | Loss: 0.8105 (bce=0.6256 aux_ce=0.4622)
  Batch 400/1279 | Loss: 0.2179 (bce=0.1468 aux_ce=0.1779)
  Batch 410/1279 | Loss: 0.4525 (bce=0.3424 aux_ce=0.2755)
  Batch 420/1279 | Loss: 0.1178 (bce=0.0877 aux_ce=0.0752)
  Batch 430/1279 | Loss: 0.0763 (bce=0.0625 aux_ce=0.0346)
  Batch 440/1279 | Loss: 0.2065 (bce=0.0858 aux_ce=0.3018)
  Batch 450/1279 | Loss: 0.7317 (bce=0.5766 aux_ce=0.3879)
  Batch 460/1279 | Loss: 1.8752 (bce=1.5710 aux_ce=0.7604)
  Batch 470/1279 | Loss: 0.3750 (bce=0.1340 aux_ce=0.6026)
  Batch 480/1279 | Loss: 0.0187 (bce=0.0040 aux_ce=0.0369)
  Batch 490/1279 | Loss: 0.0409 (bce=0.0259 aux_ce=0.0377)
  Batch 500/1279 | Loss: 0.1318 (bce=0.0425 aux_ce=0.2234)
  Batch 510/1279 | Loss: 0.1797 (bce=0.0996 aux_ce=0.2003)
  Batch 520/1279 | Loss: 0.0693 (bce=0.0151 aux_ce=0.1355)
  Batch 530/1279 | Loss: 0.0559 (bce=0.0119 aux_ce=0.1101)
  Batch 540/1279 | Loss: 0.3780 (bce=0.3038 aux_ce=0.1855)
  Batch 550/1279 | Loss: 0.0565 (bce=0.0199 aux_ce=0.0914)
  Batch 560/1279 | Loss: 0.3378 (bce=0.2373 aux_ce=0.2512)
  Batch 570/1279 | Loss: 0.1270 (bce=0.0242 aux_ce=0.2571)
  Batch 580/1279 | Loss: 1.5157 (bce=1.2704 aux_ce=0.6132)
  Batch 590/1279 | Loss: 0.0672 (bce=0.0067 aux_ce=0.1513)
  Batch 600/1279 | Loss: 0.3303 (bce=0.1818 aux_ce=0.3712)
  Batch 610/1279 | Loss: 1.7346 (bce=1.2364 aux_ce=1.2455)
  Batch 620/1279 | Loss: 0.1848 (bce=0.0151 aux_ce=0.4242)
  Batch 630/1279 | Loss: 0.0530 (bce=0.0275 aux_ce=0.0636)
  Batch 640/1279 | Loss: 0.0497 (bce=0.0394 aux_ce=0.0258)
  Batch 650/1279 | Loss: 0.0415 (bce=0.0289 aux_ce=0.0313)
  Batch 660/1279 | Loss: 0.1723 (bce=0.1265 aux_ce=0.1144)
  Batch 670/1279 | Loss: 0.2449 (bce=0.0047 aux_ce=0.6004)
  Batch 680/1279 | Loss: 0.1016 (bce=0.0870 aux_ce=0.0365)
  Batch 690/1279 | Loss: 0.4344 (bce=0.3282 aux_ce=0.2655)
  Batch 700/1279 | Loss: 0.4555 (bce=0.3624 aux_ce=0.2327)
  Batch 710/1279 | Loss: 0.1766 (bce=0.1473 aux_ce=0.0733)
  Batch 720/1279 | Loss: 0.2405 (bce=0.0690 aux_ce=0.4287)
  Batch 730/1279 | Loss: 0.0954 (bce=0.0627 aux_ce=0.0818)
  Batch 740/1279 | Loss: 0.2238 (bce=0.1683 aux_ce=0.1388)
  Batch 750/1279 | Loss: 0.1911 (bce=0.1277 aux_ce=0.1585)
  Batch 760/1279 | Loss: 0.6122 (bce=0.4992 aux_ce=0.2825)
  Batch 770/1279 | Loss: 0.0521 (bce=0.0461 aux_ce=0.0151)
  Batch 780/1279 | Loss: 0.0114 (bce=0.0054 aux_ce=0.0150)
  Batch 790/1279 | Loss: 0.0422 (bce=0.0318 aux_ce=0.0262)
  Batch 800/1279 | Loss: 0.1209 (bce=0.0851 aux_ce=0.0895)
  Batch 810/1279 | Loss: 0.2242 (bce=0.1586 aux_ce=0.1639)
  Batch 820/1279 | Loss: 0.3860 (bce=0.2783 aux_ce=0.2693)
  Batch 830/1279 | Loss: 0.5826 (bce=0.4631 aux_ce=0.2987)
  Batch 840/1279 | Loss: 0.7302 (bce=0.5409 aux_ce=0.4733)
  Batch 850/1279 | Loss: 0.5435 (bce=0.4359 aux_ce=0.2688)
  Batch 860/1279 | Loss: 0.1275 (bce=0.0700 aux_ce=0.1437)
  Batch 870/1279 | Loss: 0.0776 (bce=0.0409 aux_ce=0.0917)
  Batch 880/1279 | Loss: 0.2624 (bce=0.0420 aux_ce=0.5509)
  Batch 890/1279 | Loss: 0.4246 (bce=0.3636 aux_ce=0.1526)
  Batch 900/1279 | Loss: 0.1348 (bce=0.0955 aux_ce=0.0982)
  Batch 910/1279 | Loss: 0.2290 (bce=0.2128 aux_ce=0.0406)
  Batch 920/1279 | Loss: 0.0298 (bce=0.0190 aux_ce=0.0272)
  Batch 930/1279 | Loss: 0.6168 (bce=0.4377 aux_ce=0.4478)
  Batch 940/1279 | Loss: 0.0181 (bce=0.0130 aux_ce=0.0129)
  Batch 950/1279 | Loss: 0.0257 (bce=0.0150 aux_ce=0.0268)
  Batch 960/1279 | Loss: 0.2011 (bce=0.0176 aux_ce=0.4588)
  Batch 970/1279 | Loss: 0.0338 (bce=0.0274 aux_ce=0.0161)
  Batch 980/1279 | Loss: 0.0193 (bce=0.0160 aux_ce=0.0083)
  Batch 990/1279 | Loss: 0.1220 (bce=0.0214 aux_ce=0.2515)
  Batch 1000/1279 | Loss: 0.2154 (bce=0.2033 aux_ce=0.0301)
  Batch 1010/1279 | Loss: 0.3386 (bce=0.2537 aux_ce=0.2123)
  Batch 1020/1279 | Loss: 0.0180 (bce=0.0097 aux_ce=0.0209)
  Batch 1030/1279 | Loss: 0.0114 (bce=0.0093 aux_ce=0.0051)
  Batch 1040/1279 | Loss: 0.0868 (bce=0.0617 aux_ce=0.0627)
  Batch 1050/1279 | Loss: 0.2922 (bce=0.1350 aux_ce=0.3932)
  Batch 1060/1279 | Loss: 0.0223 (bce=0.0098 aux_ce=0.0314)
  Batch 1070/1279 | Loss: 0.0416 (bce=0.0059 aux_ce=0.0892)
  Batch 1080/1279 | Loss: 0.2151 (bce=0.1554 aux_ce=0.1492)
  Batch 1090/1279 | Loss: 0.0272 (bce=0.0202 aux_ce=0.0176)
  Batch 1100/1279 | Loss: 0.0790 (bce=0.0167 aux_ce=0.1558)
  Batch 1110/1279 | Loss: 0.3281 (bce=0.2634 aux_ce=0.1618)
  Batch 1120/1279 | Loss: 0.0297 (bce=0.0042 aux_ce=0.0639)
  Batch 1130/1279 | Loss: 0.2330 (bce=0.1760 aux_ce=0.1425)
  Batch 1140/1279 | Loss: 0.0400 (bce=0.0141 aux_ce=0.0648)
  Batch 1150/1279 | Loss: 0.2012 (bce=0.1589 aux_ce=0.1058)
  Batch 1160/1279 | Loss: 0.1599 (bce=0.0166 aux_ce=0.3581)
  Batch 1170/1279 | Loss: 0.0924 (bce=0.0503 aux_ce=0.1054)
  Batch 1180/1279 | Loss: 0.2800 (bce=0.1458 aux_ce=0.3355)
  Batch 1190/1279 | Loss: 0.0095 (bce=0.0062 aux_ce=0.0081)
  Batch 1200/1279 | Loss: 0.0224 (bce=0.0183 aux_ce=0.0104)
  Batch 1210/1279 | Loss: 0.1092 (bce=0.0171 aux_ce=0.2304)
  Batch 1220/1279 | Loss: 0.0138 (bce=0.0114 aux_ce=0.0062)
  Batch 1230/1279 | Loss: 0.2207 (bce=0.1882 aux_ce=0.0812)
  Batch 1240/1279 | Loss: 0.0896 (bce=0.0057 aux_ce=0.2097)
  Batch 1250/1279 | Loss: 0.0578 (bce=0.0415 aux_ce=0.0409)
  Batch 1260/1279 | Loss: 0.0823 (bce=0.0325 aux_ce=0.1246)
  Batch 1270/1279 | Loss: 0.2439 (bce=0.0903 aux_ce=0.3840)
Epoch 6 | Train Loss: 0.2334 | Train Acc: 0.9637 | Val AUC: 0.9913
Saved checkpoint: models\stageA_checkpoint_epoch6.pth
  New best val AUC: 0.9913 - saved stageA_best_model.pth
  Batch 10/1279 | Loss: 0.1089 (bce=0.0177 aux_ce=0.2280)
  Batch 20/1279 | Loss: 0.3117 (bce=0.0769 aux_ce=0.5870)
  Batch 30/1279 | Loss: 1.1888 (bce=0.9155 aux_ce=0.6832)
  Batch 40/1279 | Loss: 0.1142 (bce=0.0125 aux_ce=0.2542)
  Batch 50/1279 | Loss: 0.0834 (bce=0.0475 aux_ce=0.0899)
  Batch 60/1279 | Loss: 0.0410 (bce=0.0255 aux_ce=0.0389)
  Batch 70/1279 | Loss: 0.0687 (bce=0.0573 aux_ce=0.0285)
  Batch 80/1279 | Loss: 0.0404 (bce=0.0135 aux_ce=0.0673)
  Batch 90/1279 | Loss: 0.1690 (bce=0.1450 aux_ce=0.0601)
  Batch 100/1279 | Loss: 0.4391 (bce=0.2672 aux_ce=0.4298)
  Batch 110/1279 | Loss: 0.0620 (bce=0.0282 aux_ce=0.0847)
  Batch 120/1279 | Loss: 0.2104 (bce=0.1675 aux_ce=0.1073)
  Batch 130/1279 | Loss: 0.3685 (bce=0.3044 aux_ce=0.1604)
  Batch 140/1279 | Loss: 0.1238 (bce=0.0740 aux_ce=0.1243)
  Batch 150/1279 | Loss: 0.0503 (bce=0.0412 aux_ce=0.0227)
  Batch 160/1279 | Loss: 0.0334 (bce=0.0249 aux_ce=0.0214)
  Batch 170/1279 | Loss: 0.0576 (bce=0.0291 aux_ce=0.0714)
  Batch 180/1279 | Loss: 0.8229 (bce=0.6795 aux_ce=0.3586)
  Batch 190/1279 | Loss: 0.0513 (bce=0.0437 aux_ce=0.0188)
  Batch 200/1279 | Loss: 0.0430 (bce=0.0187 aux_ce=0.0608)
  Batch 210/1279 | Loss: 0.1123 (bce=0.0080 aux_ce=0.2609)
  Batch 220/1279 | Loss: 0.0960 (bce=0.0416 aux_ce=0.1360)
  Batch 230/1279 | Loss: 0.2349 (bce=0.1517 aux_ce=0.2079)
  Batch 240/1279 | Loss: 0.0831 (bce=0.0650 aux_ce=0.0453)
  Batch 250/1279 | Loss: 0.1706 (bce=0.0290 aux_ce=0.3540)
  Batch 260/1279 | Loss: 0.3280 (bce=0.2591 aux_ce=0.1723)
  Batch 270/1279 | Loss: 0.0206 (bce=0.0053 aux_ce=0.0381)
  Batch 280/1279 | Loss: 0.0433 (bce=0.0121 aux_ce=0.0778)
  Batch 290/1279 | Loss: 0.0092 (bce=0.0043 aux_ce=0.0121)
  Batch 300/1279 | Loss: 0.6330 (bce=0.5228 aux_ce=0.2757)
  Batch 310/1279 | Loss: 0.1185 (bce=0.1019 aux_ce=0.0417)
  Batch 320/1279 | Loss: 0.2417 (bce=0.1628 aux_ce=0.1971)
  Batch 330/1279 | Loss: 0.0794 (bce=0.0048 aux_ce=0.1865)
  Batch 340/1279 | Loss: 0.1604 (bce=0.0094 aux_ce=0.3774)
  Batch 350/1279 | Loss: 0.0325 (bce=0.0132 aux_ce=0.0484)
  Batch 360/1279 | Loss: 0.0363 (bce=0.0189 aux_ce=0.0435)
  Batch 370/1279 | Loss: 0.1301 (bce=0.0964 aux_ce=0.0843)
  Batch 380/1279 | Loss: 0.0098 (bce=0.0068 aux_ce=0.0075)
  Batch 390/1279 | Loss: 0.9419 (bce=0.7690 aux_ce=0.4322)
  Batch 400/1279 | Loss: 0.1236 (bce=0.1141 aux_ce=0.0237)
  Batch 410/1279 | Loss: 0.3343 (bce=0.2491 aux_ce=0.2131)
  Batch 420/1279 | Loss: 0.1530 (bce=0.0103 aux_ce=0.3569)
  Batch 430/1279 | Loss: 0.1108 (bce=0.0176 aux_ce=0.2330)
  Batch 440/1279 | Loss: 0.0324 (bce=0.0238 aux_ce=0.0216)
  Batch 450/1279 | Loss: 0.2805 (bce=0.0868 aux_ce=0.4842)
  Batch 460/1279 | Loss: 0.3987 (bce=0.3287 aux_ce=0.1750)
  Batch 470/1279 | Loss: 0.0951 (bce=0.0609 aux_ce=0.0855)
  Batch 480/1279 | Loss: 0.4044 (bce=0.3123 aux_ce=0.2304)
  Batch 490/1279 | Loss: 0.0466 (bce=0.0128 aux_ce=0.0846)
  Batch 500/1279 | Loss: 0.7391 (bce=0.6259 aux_ce=0.2830)
  Batch 510/1279 | Loss: 0.0168 (bce=0.0093 aux_ce=0.0187)
  Batch 520/1279 | Loss: 0.0070 (bce=0.0045 aux_ce=0.0062)
  Batch 530/1279 | Loss: 0.0435 (bce=0.0034 aux_ce=0.1004)
  Batch 540/1279 | Loss: 0.1293 (bce=0.0917 aux_ce=0.0938)
  Batch 550/1279 | Loss: 0.1085 (bce=0.0781 aux_ce=0.0761)
  Batch 560/1279 | Loss: 0.1257 (bce=0.0899 aux_ce=0.0896)
  Batch 570/1279 | Loss: 0.0120 (bce=0.0038 aux_ce=0.0206)
  Batch 580/1279 | Loss: 0.0073 (bce=0.0029 aux_ce=0.0112)
  Batch 590/1279 | Loss: 0.0190 (bce=0.0098 aux_ce=0.0229)
  Batch 600/1279 | Loss: 0.1527 (bce=0.0167 aux_ce=0.3401)
  Batch 610/1279 | Loss: 0.1232 (bce=0.0258 aux_ce=0.2434)
  Batch 620/1279 | Loss: 0.2204 (bce=0.0441 aux_ce=0.4407)
  Batch 630/1279 | Loss: 0.0590 (bce=0.0466 aux_ce=0.0311)
  Batch 640/1279 | Loss: 0.0248 (bce=0.0174 aux_ce=0.0186)
  Batch 650/1279 | Loss: 0.0184 (bce=0.0109 aux_ce=0.0188)
  Batch 660/1279 | Loss: 0.0471 (bce=0.0403 aux_ce=0.0172)
  Batch 670/1279 | Loss: 0.1023 (bce=0.0081 aux_ce=0.2354)
  Batch 680/1279 | Loss: 0.1517 (bce=0.1205 aux_ce=0.0781)
  Batch 690/1279 | Loss: 0.0354 (bce=0.0291 aux_ce=0.0159)
  Batch 700/1279 | Loss: 0.1731 (bce=0.1300 aux_ce=0.1078)
  Batch 710/1279 | Loss: 0.1065 (bce=0.0017 aux_ce=0.2620)
  Batch 720/1279 | Loss: 0.5595 (bce=0.4362 aux_ce=0.3083)
  Batch 730/1279 | Loss: 0.4049 (bce=0.3347 aux_ce=0.1755)
  Batch 740/1279 | Loss: 0.3190 (bce=0.2710 aux_ce=0.1200)
  Batch 750/1279 | Loss: 0.0314 (bce=0.0033 aux_ce=0.0701)
  Batch 760/1279 | Loss: 0.0360 (bce=0.0150 aux_ce=0.0527)
  Batch 770/1279 | Loss: 0.0331 (bce=0.0062 aux_ce=0.0674)
  Batch 780/1279 | Loss: 0.1338 (bce=0.0804 aux_ce=0.1336)
  Batch 790/1279 | Loss: 0.1576 (bce=0.0733 aux_ce=0.2107)
  Batch 800/1279 | Loss: 0.0618 (bce=0.0053 aux_ce=0.1413)
  Batch 810/1279 | Loss: 0.0326 (bce=0.0054 aux_ce=0.0680)
  Batch 820/1279 | Loss: 0.4127 (bce=0.3143 aux_ce=0.2458)
  Batch 830/1279 | Loss: 0.2173 (bce=0.0360 aux_ce=0.4533)
  Batch 840/1279 | Loss: 0.0968 (bce=0.0143 aux_ce=0.2062)
  Batch 850/1279 | Loss: 2.2270 (bce=1.9094 aux_ce=0.7941)
  Batch 860/1279 | Loss: 0.0558 (bce=0.0191 aux_ce=0.0919)
  Batch 870/1279 | Loss: 0.1481 (bce=0.0205 aux_ce=0.3190)
  Batch 880/1279 | Loss: 0.2553 (bce=0.1305 aux_ce=0.3120)
  Batch 890/1279 | Loss: 0.0238 (bce=0.0155 aux_ce=0.0206)
  Batch 900/1279 | Loss: 0.0839 (bce=0.0633 aux_ce=0.0515)
  Batch 910/1279 | Loss: 0.0705 (bce=0.0286 aux_ce=0.1046)
  Batch 920/1279 | Loss: 0.0308 (bce=0.0247 aux_ce=0.0154)
  Batch 930/1279 | Loss: 0.6447 (bce=0.5537 aux_ce=0.2274)
  Batch 940/1279 | Loss: 0.0213 (bce=0.0140 aux_ce=0.0183)
  Batch 950/1279 | Loss: 0.0415 (bce=0.0258 aux_ce=0.0392)
  Batch 960/1279 | Loss: 0.0686 (bce=0.0506 aux_ce=0.0449)
  Batch 970/1279 | Loss: 0.0398 (bce=0.0268 aux_ce=0.0325)
  Batch 980/1279 | Loss: 0.2588 (bce=0.2093 aux_ce=0.1239)
  Batch 990/1279 | Loss: 0.0230 (bce=0.0154 aux_ce=0.0191)
  Batch 1000/1279 | Loss: 0.1301 (bce=0.0909 aux_ce=0.0979)
  Batch 1010/1279 | Loss: 0.1295 (bce=0.0122 aux_ce=0.2931)
  Batch 1020/1279 | Loss: 0.1386 (bce=0.1202 aux_ce=0.0458)
  Batch 1030/1279 | Loss: 0.0587 (bce=0.0341 aux_ce=0.0615)
  Batch 1040/1279 | Loss: 0.2386 (bce=0.1479 aux_ce=0.2269)
  Batch 1050/1279 | Loss: 0.0705 (bce=0.0256 aux_ce=0.1123)
  Batch 1060/1279 | Loss: 0.2679 (bce=0.2235 aux_ce=0.1108)
  Batch 1070/1279 | Loss: 0.0295 (bce=0.0172 aux_ce=0.0307)
  Batch 1080/1279 | Loss: 0.0408 (bce=0.0064 aux_ce=0.0862)
  Batch 1090/1279 | Loss: 0.0393 (bce=0.0045 aux_ce=0.0870)
  Batch 1100/1279 | Loss: 0.0471 (bce=0.0189 aux_ce=0.0703)
  Batch 1110/1279 | Loss: 0.3533 (bce=0.1380 aux_ce=0.5381)
  Batch 1120/1279 | Loss: 0.0939 (bce=0.0037 aux_ce=0.2256)
  Batch 1130/1279 | Loss: 0.1164 (bce=0.0156 aux_ce=0.2521)
  Batch 1140/1279 | Loss: 0.0884 (bce=0.0234 aux_ce=0.1624)
  Batch 1150/1279 | Loss: 0.4217 (bce=0.3812 aux_ce=0.1012)
  Batch 1160/1279 | Loss: 0.0988 (bce=0.0043 aux_ce=0.2364)
  Batch 1170/1279 | Loss: 0.0386 (bce=0.0283 aux_ce=0.0258)
  Batch 1180/1279 | Loss: 0.0390 (bce=0.0338 aux_ce=0.0130)
  Batch 1190/1279 | Loss: 0.0237 (bce=0.0037 aux_ce=0.0501)
  Batch 1200/1279 | Loss: 0.1599 (bce=0.1074 aux_ce=0.1311)
  Batch 1210/1279 | Loss: 0.0685 (bce=0.0582 aux_ce=0.0256)
  Batch 1220/1279 | Loss: 0.0705 (bce=0.0441 aux_ce=0.0662)
  Batch 1230/1279 | Loss: 0.6669 (bce=0.5030 aux_ce=0.4096)
  Batch 1240/1279 | Loss: 0.0416 (bce=0.0263 aux_ce=0.0381)
  Batch 1250/1279 | Loss: 0.0554 (bce=0.0377 aux_ce=0.0443)
  Batch 1260/1279 | Loss: 0.0143 (bce=0.0064 aux_ce=0.0197)
  Batch 1270/1279 | Loss: 0.0455 (bce=0.0230 aux_ce=0.0563)
Epoch 7 | Train Loss: 0.1946 | Train Acc: 0.9715 | Val AUC: 0.9924
Saved checkpoint: models\stageA_checkpoint_epoch7.pth
  New best val AUC: 0.9924 - saved stageA_best_model.pth
  Batch 10/1279 | Loss: 0.1650 (bce=0.1323 aux_ce=0.0818)
  Batch 20/1279 | Loss: 0.3220 (bce=0.2507 aux_ce=0.1782)
  Batch 30/1279 | Loss: 0.2171 (bce=0.0444 aux_ce=0.4319)
  Batch 40/1279 | Loss: 1.0949 (bce=0.8866 aux_ce=0.5207)
  Batch 50/1279 | Loss: 0.0136 (bce=0.0075 aux_ce=0.0153)
  Batch 60/1279 | Loss: 0.1128 (bce=0.0754 aux_ce=0.0936)
  Batch 70/1279 | Loss: 0.0631 (bce=0.0277 aux_ce=0.0885)
  Batch 80/1279 | Loss: 0.0116 (bce=0.0022 aux_ce=0.0233)
  Batch 90/1279 | Loss: 0.0086 (bce=0.0063 aux_ce=0.0059)
  Batch 100/1279 | Loss: 0.6175 (bce=0.4818 aux_ce=0.3391)
  Batch 110/1279 | Loss: 0.0282 (bce=0.0237 aux_ce=0.0112)
  Batch 120/1279 | Loss: 0.1038 (bce=0.0788 aux_ce=0.0626)
  Batch 130/1279 | Loss: 0.0065 (bce=0.0009 aux_ce=0.0140)
  Batch 140/1279 | Loss: 0.1321 (bce=0.0873 aux_ce=0.1118)
  Batch 150/1279 | Loss: 0.0985 (bce=0.0444 aux_ce=0.1352)
  Batch 160/1279 | Loss: 0.7106 (bce=0.5616 aux_ce=0.3725)
  Batch 170/1279 | Loss: 0.0377 (bce=0.0173 aux_ce=0.0510)
  Batch 180/1279 | Loss: 0.0386 (bce=0.0175 aux_ce=0.0530)
  Batch 190/1279 | Loss: 0.0789 (bce=0.0093 aux_ce=0.1740)
  Batch 200/1279 | Loss: 0.0800 (bce=0.0675 aux_ce=0.0313)
  Batch 210/1279 | Loss: 0.4248 (bce=0.2204 aux_ce=0.5110)
  Batch 220/1279 | Loss: 0.0346 (bce=0.0251 aux_ce=0.0238)
  Batch 230/1279 | Loss: 0.0543 (bce=0.0442 aux_ce=0.0253)
  Batch 240/1279 | Loss: 0.0637 (bce=0.0528 aux_ce=0.0274)
  Batch 250/1279 | Loss: 0.0096 (bce=0.0040 aux_ce=0.0140)
  Batch 260/1279 | Loss: 0.0186 (bce=0.0112 aux_ce=0.0184)
  Batch 270/1279 | Loss: 0.1030 (bce=0.0574 aux_ce=0.1142)
  Batch 280/1279 | Loss: 0.0167 (bce=0.0091 aux_ce=0.0188)
  Batch 290/1279 | Loss: 0.0090 (bce=0.0019 aux_ce=0.0177)
  Batch 300/1279 | Loss: 0.0374 (bce=0.0311 aux_ce=0.0157)
  Batch 310/1279 | Loss: 0.2185 (bce=0.0125 aux_ce=0.5152)
  Batch 320/1279 | Loss: 0.0128 (bce=0.0060 aux_ce=0.0170)
  Batch 330/1279 | Loss: 0.0646 (bce=0.0577 aux_ce=0.0173)
  Batch 340/1279 | Loss: 0.1794 (bce=0.0013 aux_ce=0.4452)
  Batch 350/1279 | Loss: 0.1699 (bce=0.0648 aux_ce=0.2628)
  Batch 360/1279 | Loss: 0.2661 (bce=0.0680 aux_ce=0.4951)
  Batch 370/1279 | Loss: 0.0700 (bce=0.0030 aux_ce=0.1675)
  Batch 380/1279 | Loss: 0.1397 (bce=0.0626 aux_ce=0.1926)
  Batch 390/1279 | Loss: 0.0130 (bce=0.0097 aux_ce=0.0083)
  Batch 400/1279 | Loss: 0.0161 (bce=0.0032 aux_ce=0.0324)
  Batch 410/1279 | Loss: 0.0416 (bce=0.0116 aux_ce=0.0748)
  Batch 420/1279 | Loss: 0.0449 (bce=0.0033 aux_ce=0.1040)
  Batch 430/1279 | Loss: 0.0037 (bce=0.0022 aux_ce=0.0038)
  Batch 440/1279 | Loss: 0.1936 (bce=0.1682 aux_ce=0.0637)
  Batch 450/1279 | Loss: 0.5722 (bce=0.4256 aux_ce=0.3665)
  Batch 460/1279 | Loss: 0.0434 (bce=0.0259 aux_ce=0.0438)
  Batch 470/1279 | Loss: 0.0169 (bce=0.0092 aux_ce=0.0192)
  Batch 480/1279 | Loss: 0.4276 (bce=0.1118 aux_ce=0.7895)
  Batch 490/1279 | Loss: 0.1569 (bce=0.1103 aux_ce=0.1165)
  Batch 500/1279 | Loss: 0.0842 (bce=0.0055 aux_ce=0.1968)
  Batch 510/1279 | Loss: 0.5195 (bce=0.4197 aux_ce=0.2495)
  Batch 520/1279 | Loss: 0.1937 (bce=0.0027 aux_ce=0.4775)
  Batch 530/1279 | Loss: 0.0596 (bce=0.0079 aux_ce=0.1294)
  Batch 540/1279 | Loss: 0.1054 (bce=0.0762 aux_ce=0.0728)
  Batch 550/1279 | Loss: 0.0382 (bce=0.0085 aux_ce=0.0742)
  Batch 560/1279 | Loss: 0.0241 (bce=0.0200 aux_ce=0.0103)
  Batch 570/1279 | Loss: 0.1434 (bce=0.0789 aux_ce=0.1613)
  Batch 580/1279 | Loss: 0.0295 (bce=0.0021 aux_ce=0.0686)
  Batch 590/1279 | Loss: 0.0976 (bce=0.0453 aux_ce=0.1309)
  Batch 600/1279 | Loss: 0.0219 (bce=0.0080 aux_ce=0.0347)
  Batch 610/1279 | Loss: 0.0178 (bce=0.0120 aux_ce=0.0145)
  Batch 620/1279 | Loss: 0.0372 (bce=0.0199 aux_ce=0.0433)
  Batch 630/1279 | Loss: 0.0680 (bce=0.0168 aux_ce=0.1278)
  Batch 640/1279 | Loss: 0.0542 (bce=0.0240 aux_ce=0.0754)
  Batch 650/1279 | Loss: 0.3965 (bce=0.3326 aux_ce=0.1598)
  Batch 660/1279 | Loss: 0.0800 (bce=0.0158 aux_ce=0.1607)
  Batch 670/1279 | Loss: 0.3559 (bce=0.2932 aux_ce=0.1566)
  Batch 680/1279 | Loss: 0.0720 (bce=0.0628 aux_ce=0.0230)
  Batch 690/1279 | Loss: 1.9740 (bce=1.4000 aux_ce=1.4350)
  Batch 700/1279 | Loss: 0.0735 (bce=0.0590 aux_ce=0.0361)
  Batch 710/1279 | Loss: 0.1851 (bce=0.0017 aux_ce=0.4585)
  Batch 720/1279 | Loss: 0.0711 (bce=0.0498 aux_ce=0.0533)
  Batch 730/1279 | Loss: 0.1181 (bce=0.0970 aux_ce=0.0528)
  Batch 740/1279 | Loss: 0.1953 (bce=0.1655 aux_ce=0.0745)
  Batch 750/1279 | Loss: 0.0246 (bce=0.0126 aux_ce=0.0302)
  Batch 760/1279 | Loss: 0.0246 (bce=0.0041 aux_ce=0.0512)
  Batch 770/1279 | Loss: 0.0237 (bce=0.0175 aux_ce=0.0156)
  Batch 780/1279 | Loss: 0.0551 (bce=0.0510 aux_ce=0.0104)
  Batch 790/1279 | Loss: 2.2012 (bce=1.8456 aux_ce=0.8891)
  Batch 800/1279 | Loss: 0.1509 (bce=0.1266 aux_ce=0.0607)
  Batch 810/1279 | Loss: 0.0472 (bce=0.0286 aux_ce=0.0464)
  Batch 820/1279 | Loss: 0.0967 (bce=0.0769 aux_ce=0.0496)
  Batch 830/1279 | Loss: 0.0807 (bce=0.0119 aux_ce=0.1718)
  Batch 840/1279 | Loss: 0.0927 (bce=0.0541 aux_ce=0.0965)
  Batch 850/1279 | Loss: 0.0205 (bce=0.0098 aux_ce=0.0266)
  Batch 860/1279 | Loss: 0.0224 (bce=0.0154 aux_ce=0.0176)
  Batch 870/1279 | Loss: 0.0254 (bce=0.0043 aux_ce=0.0529)
  Batch 880/1279 | Loss: 0.1344 (bce=0.1044 aux_ce=0.0749)
  Batch 890/1279 | Loss: 0.2653 (bce=0.2109 aux_ce=0.1361)
  Batch 900/1279 | Loss: 0.0338 (bce=0.0080 aux_ce=0.0646)
  Batch 910/1279 | Loss: 0.0174 (bce=0.0135 aux_ce=0.0097)
  Batch 920/1279 | Loss: 0.0782 (bce=0.0700 aux_ce=0.0204)
  Batch 930/1279 | Loss: 0.1109 (bce=0.0847 aux_ce=0.0656)
  Batch 940/1279 | Loss: 0.0921 (bce=0.0809 aux_ce=0.0279)
  Batch 950/1279 | Loss: 0.0175 (bce=0.0010 aux_ce=0.0413)
  Batch 960/1279 | Loss: 0.1179 (bce=0.0454 aux_ce=0.1813)
  Batch 970/1279 | Loss: 0.2278 (bce=0.1728 aux_ce=0.1374)
  Batch 980/1279 | Loss: 0.2997 (bce=0.2404 aux_ce=0.1482)
  Batch 990/1279 | Loss: 0.0107 (bce=0.0087 aux_ce=0.0051)
  Batch 1000/1279 | Loss: 0.5782 (bce=0.4154 aux_ce=0.4069)
  Batch 1010/1279 | Loss: 0.7123 (bce=0.5288 aux_ce=0.4587)
  Batch 1020/1279 | Loss: 0.1531 (bce=0.1269 aux_ce=0.0654)
  Batch 1030/1279 | Loss: 0.0567 (bce=0.0228 aux_ce=0.0847)
  Batch 1040/1279 | Loss: 1.7009 (bce=1.2689 aux_ce=1.0800)
  Batch 1050/1279 | Loss: 0.0406 (bce=0.0175 aux_ce=0.0576)
  Batch 1060/1279 | Loss: 0.0250 (bce=0.0069 aux_ce=0.0452)
  Batch 1070/1279 | Loss: 0.1686 (bce=0.1474 aux_ce=0.0529)
  Batch 1080/1279 | Loss: 0.0338 (bce=0.0179 aux_ce=0.0396)
  Batch 1090/1279 | Loss: 0.0076 (bce=0.0062 aux_ce=0.0036)
  Batch 1100/1279 | Loss: 0.0364 (bce=0.0031 aux_ce=0.0833)
  Batch 1110/1279 | Loss: 0.0064 (bce=0.0039 aux_ce=0.0062)
  Batch 1120/1279 | Loss: 0.0540 (bce=0.0419 aux_ce=0.0303)
  Batch 1130/1279 | Loss: 0.0278 (bce=0.0136 aux_ce=0.0354)
  Batch 1140/1279 | Loss: 0.0398 (bce=0.0346 aux_ce=0.0131)
  Batch 1150/1279 | Loss: 0.3394 (bce=0.1734 aux_ce=0.4151)
  Batch 1160/1279 | Loss: 0.0677 (bce=0.0525 aux_ce=0.0382)
  Batch 1170/1279 | Loss: 0.0661 (bce=0.0035 aux_ce=0.1565)
  Batch 1180/1279 | Loss: 0.1387 (bce=0.0013 aux_ce=0.3436)
  Batch 1190/1279 | Loss: 0.0356 (bce=0.0045 aux_ce=0.0777)
  Batch 1200/1279 | Loss: 0.2693 (bce=0.2174 aux_ce=0.1297)
  Batch 1210/1279 | Loss: 0.0244 (bce=0.0124 aux_ce=0.0298)
  Batch 1220/1279 | Loss: 0.0124 (bce=0.0035 aux_ce=0.0223)
  Batch 1230/1279 | Loss: 0.0842 (bce=0.0736 aux_ce=0.0265)
  Batch 1240/1279 | Loss: 0.3546 (bce=0.0534 aux_ce=0.7531)
  Batch 1250/1279 | Loss: 0.0915 (bce=0.0699 aux_ce=0.0539)
  Batch 1260/1279 | Loss: 0.2031 (bce=0.1646 aux_ce=0.0964)
  Batch 1270/1279 | Loss: 0.0096 (bce=0.0032 aux_ce=0.0159)
Epoch 8 | Train Loss: 0.1721 | Train Acc: 0.9745 | Val AUC: 0.9902
Saved checkpoint: models\stageA_checkpoint_epoch8.pth
  No improvement for 1/5 epochs
  Batch 10/1279 | Loss: 0.0540 (bce=0.0243 aux_ce=0.0742)
  Batch 20/1279 | Loss: 0.0069 (bce=0.0022 aux_ce=0.0117)
  Batch 30/1279 | Loss: 0.0111 (bce=0.0018 aux_ce=0.0232)
  Batch 40/1279 | Loss: 0.0105 (bce=0.0020 aux_ce=0.0212)
  Batch 50/1279 | Loss: 0.0790 (bce=0.0290 aux_ce=0.1249)
  Batch 60/1279 | Loss: 0.0735 (bce=0.0621 aux_ce=0.0285)
  Batch 70/1279 | Loss: 0.0476 (bce=0.0378 aux_ce=0.0244)
  Batch 80/1279 | Loss: 0.0315 (bce=0.0276 aux_ce=0.0099)
  Batch 90/1279 | Loss: 0.0513 (bce=0.0448 aux_ce=0.0161)
  Batch 100/1279 | Loss: 0.0266 (bce=0.0233 aux_ce=0.0084)
  Batch 110/1279 | Loss: 0.0187 (bce=0.0149 aux_ce=0.0095)
  Batch 120/1279 | Loss: 0.4961 (bce=0.3976 aux_ce=0.2461)
  Batch 130/1279 | Loss: 0.1424 (bce=0.1306 aux_ce=0.0295)
  Batch 140/1279 | Loss: 0.0078 (bce=0.0067 aux_ce=0.0029)
  Batch 150/1279 | Loss: 0.1389 (bce=0.1150 aux_ce=0.0596)
  Batch 160/1279 | Loss: 0.0051 (bce=0.0016 aux_ce=0.0087)
  Batch 170/1279 | Loss: 0.0079 (bce=0.0028 aux_ce=0.0125)
  Batch 180/1279 | Loss: 0.0783 (bce=0.0580 aux_ce=0.0508)
  Batch 190/1279 | Loss: 0.2672 (bce=0.2119 aux_ce=0.1383)
  Batch 200/1279 | Loss: 0.0392 (bce=0.0187 aux_ce=0.0512)
  Batch 210/1279 | Loss: 0.0252 (bce=0.0143 aux_ce=0.0272)
  Batch 220/1279 | Loss: 0.0075 (bce=0.0026 aux_ce=0.0122)
  Batch 230/1279 | Loss: 0.5017 (bce=0.3934 aux_ce=0.2706)
  Batch 240/1279 | Loss: 0.0836 (bce=0.0447 aux_ce=0.0974)
  Batch 250/1279 | Loss: 0.0199 (bce=0.0018 aux_ce=0.0452)
  Batch 260/1279 | Loss: 0.0631 (bce=0.0272 aux_ce=0.0899)
  Batch 270/1279 | Loss: 0.3389 (bce=0.2816 aux_ce=0.1434)
  Batch 280/1279 | Loss: 0.1793 (bce=0.1360 aux_ce=0.1085)
  Batch 290/1279 | Loss: 0.0312 (bce=0.0095 aux_ce=0.0541)
  Batch 300/1279 | Loss: 0.0937 (bce=0.0729 aux_ce=0.0519)
  Batch 310/1279 | Loss: 0.0106 (bce=0.0056 aux_ce=0.0127)
  Batch 320/1279 | Loss: 0.0220 (bce=0.0098 aux_ce=0.0304)
  Batch 330/1279 | Loss: 0.0128 (bce=0.0026 aux_ce=0.0253)
  Batch 340/1279 | Loss: 0.0346 (bce=0.0304 aux_ce=0.0106)
  Batch 350/1279 | Loss: 0.0685 (bce=0.0530 aux_ce=0.0389)
  Batch 360/1279 | Loss: 0.1776 (bce=0.0596 aux_ce=0.2952)
  Batch 370/1279 | Loss: 0.0305 (bce=0.0232 aux_ce=0.0182)
  Batch 380/1279 | Loss: 0.0333 (bce=0.0172 aux_ce=0.0402)
  Batch 390/1279 | Loss: 1.1123 (bce=0.9304 aux_ce=0.4547)
  Batch 400/1279 | Loss: 0.0418 (bce=0.0085 aux_ce=0.0833)
  Batch 410/1279 | Loss: 0.0360 (bce=0.0085 aux_ce=0.0687)
  Batch 420/1279 | Loss: 1.6590 (bce=1.4069 aux_ce=0.6305)
  Batch 430/1279 | Loss: 0.0195 (bce=0.0028 aux_ce=0.0417)
  Batch 440/1279 | Loss: 0.0153 (bce=0.0135 aux_ce=0.0046)
  Batch 450/1279 | Loss: 0.0145 (bce=0.0127 aux_ce=0.0044)
  Batch 460/1279 | Loss: 0.0530 (bce=0.0447 aux_ce=0.0206)
  Batch 470/1279 | Loss: 0.0735 (bce=0.0623 aux_ce=0.0279)
  Batch 480/1279 | Loss: 0.0980 (bce=0.0061 aux_ce=0.2298)
  Batch 490/1279 | Loss: 0.0378 (bce=0.0051 aux_ce=0.0819)
  Batch 500/1279 | Loss: 0.0229 (bce=0.0164 aux_ce=0.0164)
  Batch 510/1279 | Loss: 0.1602 (bce=0.1244 aux_ce=0.0897)
  Batch 520/1279 | Loss: 0.3245 (bce=0.1756 aux_ce=0.3723)
  Batch 530/1279 | Loss: 0.0839 (bce=0.0670 aux_ce=0.0423)
  Batch 540/1279 | Loss: 2.0317 (bce=1.7172 aux_ce=0.7862)
  Batch 550/1279 | Loss: 0.7962 (bce=0.6170 aux_ce=0.4481)
  Batch 560/1279 | Loss: 0.0367 (bce=0.0100 aux_ce=0.0667)
  Batch 570/1279 | Loss: 0.1611 (bce=0.1370 aux_ce=0.0604)
  Batch 580/1279 | Loss: 0.0375 (bce=0.0034 aux_ce=0.0854)
  Batch 590/1279 | Loss: 0.0781 (bce=0.0595 aux_ce=0.0465)
  Batch 600/1279 | Loss: 0.0882 (bce=0.0094 aux_ce=0.1970)
  Batch 610/1279 | Loss: 0.0409 (bce=0.0243 aux_ce=0.0414)
  Batch 620/1279 | Loss: 0.0079 (bce=0.0053 aux_ce=0.0064)
  Batch 630/1279 | Loss: 0.0037 (bce=0.0017 aux_ce=0.0048)
  Batch 640/1279 | Loss: 0.0387 (bce=0.0323 aux_ce=0.0160)
  Batch 650/1279 | Loss: 0.1541 (bce=0.0057 aux_ce=0.3708)
  Batch 660/1279 | Loss: 0.1327 (bce=0.1146 aux_ce=0.0452)
  Batch 670/1279 | Loss: 0.2450 (bce=0.1882 aux_ce=0.1421)
  Batch 680/1279 | Loss: 0.0228 (bce=0.0180 aux_ce=0.0118)
  Batch 690/1279 | Loss: 0.0561 (bce=0.0348 aux_ce=0.0533)
  Batch 700/1279 | Loss: 0.0897 (bce=0.0724 aux_ce=0.0434)
  Batch 710/1279 | Loss: 0.0258 (bce=0.0228 aux_ce=0.0075)
  Batch 720/1279 | Loss: 0.0101 (bce=0.0033 aux_ce=0.0172)
  Batch 730/1279 | Loss: 0.0183 (bce=0.0102 aux_ce=0.0203)
  Batch 740/1279 | Loss: 0.0344 (bce=0.0018 aux_ce=0.0815)
  Batch 750/1279 | Loss: 0.0087 (bce=0.0072 aux_ce=0.0038)
  Batch 760/1279 | Loss: 0.0217 (bce=0.0110 aux_ce=0.0267)
  Batch 770/1279 | Loss: 0.0153 (bce=0.0136 aux_ce=0.0042)
  Batch 780/1279 | Loss: 0.0348 (bce=0.0274 aux_ce=0.0186)
  Batch 790/1279 | Loss: 0.0175 (bce=0.0077 aux_ce=0.0244)
  Batch 800/1279 | Loss: 0.0867 (bce=0.0663 aux_ce=0.0512)
  Batch 810/1279 | Loss: 0.9716 (bce=0.7457 aux_ce=0.5648)
  Batch 820/1279 | Loss: 0.1715 (bce=0.1321 aux_ce=0.0986)
  Batch 830/1279 | Loss: 0.0058 (bce=0.0018 aux_ce=0.0100)
  Batch 840/1279 | Loss: 0.0220 (bce=0.0143 aux_ce=0.0193)
  Batch 850/1279 | Loss: 0.0856 (bce=0.0701 aux_ce=0.0388)
  Batch 860/1279 | Loss: 0.6967 (bce=0.4135 aux_ce=0.7079)
  Batch 870/1279 | Loss: 0.0640 (bce=0.0596 aux_ce=0.0111)
  Batch 880/1279 | Loss: 0.0674 (bce=0.0609 aux_ce=0.0162)
  Batch 890/1279 | Loss: 0.0377 (bce=0.0342 aux_ce=0.0089)
  Batch 900/1279 | Loss: 0.1553 (bce=0.1257 aux_ce=0.0740)
  Batch 910/1279 | Loss: 0.0127 (bce=0.0039 aux_ce=0.0222)
  Batch 920/1279 | Loss: 0.4636 (bce=0.1990 aux_ce=0.6614)
  Batch 930/1279 | Loss: 0.4584 (bce=0.3643 aux_ce=0.2352)
  Batch 940/1279 | Loss: 0.0997 (bce=0.0332 aux_ce=0.1662)
  Batch 950/1279 | Loss: 0.1192 (bce=0.0073 aux_ce=0.2797)
  Batch 960/1279 | Loss: 0.0090 (bce=0.0066 aux_ce=0.0060)
  Batch 970/1279 | Loss: 0.0156 (bce=0.0133 aux_ce=0.0057)
  Batch 980/1279 | Loss: 0.0417 (bce=0.0288 aux_ce=0.0321)
  Batch 990/1279 | Loss: 0.1588 (bce=0.0626 aux_ce=0.2407)
  Batch 1000/1279 | Loss: 0.0798 (bce=0.0578 aux_ce=0.0551)
  Batch 1010/1279 | Loss: 0.0299 (bce=0.0234 aux_ce=0.0162)
  Batch 1020/1279 | Loss: 0.0226 (bce=0.0183 aux_ce=0.0109)
  Batch 1030/1279 | Loss: 0.2634 (bce=0.2112 aux_ce=0.1306)
  Batch 1040/1279 | Loss: 0.0501 (bce=0.0404 aux_ce=0.0242)
  Batch 1050/1279 | Loss: 0.0192 (bce=0.0079 aux_ce=0.0282)
  Batch 1060/1279 | Loss: 0.0807 (bce=0.0650 aux_ce=0.0394)
  Batch 1070/1279 | Loss: 0.0615 (bce=0.0136 aux_ce=0.1197)
  Batch 1080/1279 | Loss: 0.0337 (bce=0.0143 aux_ce=0.0487)
  Batch 1090/1279 | Loss: 0.2196 (bce=0.1136 aux_ce=0.2650)
  Batch 1100/1279 | Loss: 0.0838 (bce=0.0241 aux_ce=0.1493)
  Batch 1110/1279 | Loss: 0.0299 (bce=0.0166 aux_ce=0.0333)
  Batch 1120/1279 | Loss: 0.0295 (bce=0.0236 aux_ce=0.0145)
  Batch 1130/1279 | Loss: 0.2674 (bce=0.0601 aux_ce=0.5182)
  Batch 1140/1279 | Loss: 0.0084 (bce=0.0061 aux_ce=0.0057)
  Batch 1150/1279 | Loss: 0.0251 (bce=0.0180 aux_ce=0.0179)
  Batch 1160/1279 | Loss: 0.0458 (bce=0.0376 aux_ce=0.0205)
  Batch 1170/1279 | Loss: 0.0306 (bce=0.0206 aux_ce=0.0248)
  Batch 1180/1279 | Loss: 0.8339 (bce=0.7027 aux_ce=0.3280)
  Batch 1190/1279 | Loss: 0.0192 (bce=0.0131 aux_ce=0.0152)
  Batch 1200/1279 | Loss: 0.0142 (bce=0.0125 aux_ce=0.0041)
  Batch 1210/1279 | Loss: 0.0253 (bce=0.0186 aux_ce=0.0168)
  Batch 1220/1279 | Loss: 0.0639 (bce=0.0304 aux_ce=0.0837)
  Batch 1230/1279 | Loss: 0.2416 (bce=0.1932 aux_ce=0.1210)
  Batch 1240/1279 | Loss: 0.1264 (bce=0.1097 aux_ce=0.0418)
  Batch 1250/1279 | Loss: 0.0652 (bce=0.0438 aux_ce=0.0537)
  Batch 1260/1279 | Loss: 0.1777 (bce=0.1462 aux_ce=0.0786)
  Batch 1270/1279 | Loss: 0.0358 (bce=0.0023 aux_ce=0.0836)
Epoch 9 | Train Loss: 0.1642 | Train Acc: 0.9771 | Val AUC: 0.9936
Saved checkpoint: models\stageA_checkpoint_epoch9.pth
  New best val AUC: 0.9936 - saved stageA_best_model.pth
  Batch 10/1279 | Loss: 0.2895 (bce=0.0484 aux_ce=0.6026)
  Batch 20/1279 | Loss: 0.0116 (bce=0.0076 aux_ce=0.0099)
  Batch 30/1279 | Loss: 0.0110 (bce=0.0084 aux_ce=0.0065)
  Batch 40/1279 | Loss: 0.0171 (bce=0.0017 aux_ce=0.0386)
  Batch 50/1279 | Loss: 0.0103 (bce=0.0031 aux_ce=0.0179)
  Batch 60/1279 | Loss: 0.0257 (bce=0.0091 aux_ce=0.0415)
  Batch 70/1279 | Loss: 0.8997 (bce=0.6906 aux_ce=0.5228)
  Batch 80/1279 | Loss: 0.3510 (bce=0.2964 aux_ce=0.1366)
  Batch 90/1279 | Loss: 0.0206 (bce=0.0045 aux_ce=0.0402)
  Batch 100/1279 | Loss: 0.0800 (bce=0.0078 aux_ce=0.1805)
  Batch 110/1279 | Loss: 0.1168 (bce=0.0383 aux_ce=0.1964)
  Batch 120/1279 | Loss: 0.3480 (bce=0.2701 aux_ce=0.1946)
  Batch 130/1279 | Loss: 0.0301 (bce=0.0236 aux_ce=0.0162)
  Batch 140/1279 | Loss: 0.2286 (bce=0.1088 aux_ce=0.2994)
  Batch 150/1279 | Loss: 0.0448 (bce=0.0082 aux_ce=0.0914)
  Batch 160/1279 | Loss: 0.0661 (bce=0.0057 aux_ce=0.1511)
  Batch 170/1279 | Loss: 0.0207 (bce=0.0092 aux_ce=0.0288)
  Batch 180/1279 | Loss: 0.2019 (bce=0.0042 aux_ce=0.4944)
  Batch 190/1279 | Loss: 0.1102 (bce=0.0456 aux_ce=0.1614)
  Batch 200/1279 | Loss: 0.0323 (bce=0.0232 aux_ce=0.0229)
  Batch 210/1279 | Loss: 0.0360 (bce=0.0116 aux_ce=0.0609)
  Batch 220/1279 | Loss: 0.2009 (bce=0.1745 aux_ce=0.0660)
  Batch 230/1279 | Loss: 0.0257 (bce=0.0092 aux_ce=0.0412)
  Batch 240/1279 | Loss: 0.2496 (bce=0.1945 aux_ce=0.1378)
  Batch 250/1279 | Loss: 0.0782 (bce=0.0116 aux_ce=0.1667)
  Batch 260/1279 | Loss: 0.0391 (bce=0.0172 aux_ce=0.0546)
  Batch 270/1279 | Loss: 0.0262 (bce=0.0207 aux_ce=0.0135)
  Batch 280/1279 | Loss: 0.1213 (bce=0.0973 aux_ce=0.0600)
  Batch 290/1279 | Loss: 0.3932 (bce=0.3079 aux_ce=0.2132)
  Batch 300/1279 | Loss: 0.0165 (bce=0.0129 aux_ce=0.0090)
  Batch 310/1279 | Loss: 0.1296 (bce=0.0278 aux_ce=0.2544)
  Batch 320/1279 | Loss: 0.0641 (bce=0.0292 aux_ce=0.0873)
  Batch 330/1279 | Loss: 0.0727 (bce=0.0547 aux_ce=0.0451)
  Batch 340/1279 | Loss: 0.1115 (bce=0.0383 aux_ce=0.1830)
  Batch 350/1279 | Loss: 0.0433 (bce=0.0173 aux_ce=0.0650)
  Batch 360/1279 | Loss: 0.0335 (bce=0.0256 aux_ce=0.0197)
  Batch 370/1279 | Loss: 0.0538 (bce=0.0047 aux_ce=0.1227)
  Batch 380/1279 | Loss: 0.0216 (bce=0.0170 aux_ce=0.0114)
  Batch 390/1279 | Loss: 0.1063 (bce=0.0351 aux_ce=0.1779)
  Batch 400/1279 | Loss: 0.0631 (bce=0.0467 aux_ce=0.0410)
  Batch 410/1279 | Loss: 0.1024 (bce=0.0626 aux_ce=0.0997)
  Batch 420/1279 | Loss: 0.0080 (bce=0.0059 aux_ce=0.0052)
  Batch 430/1279 | Loss: 0.0143 (bce=0.0118 aux_ce=0.0062)
  Batch 440/1279 | Loss: 0.2503 (bce=0.1502 aux_ce=0.2503)
  Batch 450/1279 | Loss: 0.0098 (bce=0.0079 aux_ce=0.0048)
  Batch 460/1279 | Loss: 0.0324 (bce=0.0266 aux_ce=0.0144)
  Batch 470/1279 | Loss: 0.2291 (bce=0.1937 aux_ce=0.0886)
  Batch 480/1279 | Loss: 0.0342 (bce=0.0248 aux_ce=0.0235)
  Batch 490/1279 | Loss: 0.2355 (bce=0.1968 aux_ce=0.0967)
  Batch 500/1279 | Loss: 0.0275 (bce=0.0210 aux_ce=0.0163)
  Batch 510/1279 | Loss: 0.0408 (bce=0.0270 aux_ce=0.0346)
  Batch 520/1279 | Loss: 0.5306 (bce=0.4704 aux_ce=0.1506)
  Batch 530/1279 | Loss: 0.0625 (bce=0.0376 aux_ce=0.0623)
  Batch 540/1279 | Loss: 0.0882 (bce=0.0340 aux_ce=0.1356)
  Batch 550/1279 | Loss: 0.0789 (bce=0.0142 aux_ce=0.1617)
  Batch 560/1279 | Loss: 0.0193 (bce=0.0137 aux_ce=0.0140)
  Batch 570/1279 | Loss: 0.0287 (bce=0.0259 aux_ce=0.0069)
  Batch 580/1279 | Loss: 0.0907 (bce=0.0199 aux_ce=0.1769)
  Batch 590/1279 | Loss: 0.0674 (bce=0.0472 aux_ce=0.0505)
  Batch 600/1279 | Loss: 0.0086 (bce=0.0070 aux_ce=0.0039)
  Batch 610/1279 | Loss: 0.0113 (bce=0.0061 aux_ce=0.0130)
  Batch 620/1279 | Loss: 0.0434 (bce=0.0353 aux_ce=0.0202)
  Batch 630/1279 | Loss: 0.0247 (bce=0.0043 aux_ce=0.0509)
  Batch 640/1279 | Loss: 1.0151 (bce=0.8109 aux_ce=0.5104)
  Batch 650/1279 | Loss: 0.0558 (bce=0.0475 aux_ce=0.0206)
  Batch 660/1279 | Loss: 0.0343 (bce=0.0163 aux_ce=0.0449)
  Batch 670/1279 | Loss: 0.0336 (bce=0.0285 aux_ce=0.0129)
  Batch 680/1279 | Loss: 0.1099 (bce=0.0060 aux_ce=0.2596)
  Batch 690/1279 | Loss: 0.0526 (bce=0.0023 aux_ce=0.1257)
  Batch 700/1279 | Loss: 0.0044 (bce=0.0029 aux_ce=0.0037)
  Batch 710/1279 | Loss: 0.6270 (bce=0.4758 aux_ce=0.3781)
  Batch 720/1279 | Loss: 0.2326 (bce=0.0040 aux_ce=0.5716)
  Batch 730/1279 | Loss: 0.0676 (bce=0.0545 aux_ce=0.0327)
  Batch 740/1279 | Loss: 0.1813 (bce=0.1452 aux_ce=0.0903)
  Batch 750/1279 | Loss: 0.5207 (bce=0.4299 aux_ce=0.2270)
  Batch 760/1279 | Loss: 0.0182 (bce=0.0167 aux_ce=0.0038)
  Batch 770/1279 | Loss: 0.1246 (bce=0.0374 aux_ce=0.2179)
  Batch 780/1279 | Loss: 0.0611 (bce=0.0427 aux_ce=0.0461)
  Batch 790/1279 | Loss: 0.2192 (bce=0.1823 aux_ce=0.0923)
  Batch 800/1279 | Loss: 0.0109 (bce=0.0036 aux_ce=0.0181)
  Batch 810/1279 | Loss: 0.0466 (bce=0.0298 aux_ce=0.0421)
  Batch 820/1279 | Loss: 0.0236 (bce=0.0178 aux_ce=0.0145)
  Batch 830/1279 | Loss: 0.1459 (bce=0.0059 aux_ce=0.3501)
  Batch 840/1279 | Loss: 0.9534 (bce=0.8082 aux_ce=0.3630)
  Batch 850/1279 | Loss: 0.0146 (bce=0.0022 aux_ce=0.0310)
  Batch 860/1279 | Loss: 0.5851 (bce=0.4698 aux_ce=0.2884)
  Batch 870/1279 | Loss: 0.0468 (bce=0.0394 aux_ce=0.0184)
  Batch 880/1279 | Loss: 0.6233 (bce=0.4541 aux_ce=0.4229)
  Batch 890/1279 | Loss: 0.0119 (bce=0.0078 aux_ce=0.0103)
  Batch 900/1279 | Loss: 0.0235 (bce=0.0131 aux_ce=0.0260)
  Batch 910/1279 | Loss: 0.8937 (bce=0.7390 aux_ce=0.3867)
  Batch 920/1279 | Loss: 0.0161 (bce=0.0045 aux_ce=0.0290)
  Batch 930/1279 | Loss: 0.0143 (bce=0.0111 aux_ce=0.0081)
  Batch 940/1279 | Loss: 0.0251 (bce=0.0149 aux_ce=0.0257)
  Batch 950/1279 | Loss: 0.0108 (bce=0.0070 aux_ce=0.0096)
  Batch 960/1279 | Loss: 0.0579 (bce=0.0500 aux_ce=0.0197)
  Batch 970/1279 | Loss: 0.0432 (bce=0.0150 aux_ce=0.0706)
  Batch 980/1279 | Loss: 0.0150 (bce=0.0092 aux_ce=0.0147)
  Batch 990/1279 | Loss: 0.0395 (bce=0.0328 aux_ce=0.0167)
  Batch 1000/1279 | Loss: 0.1988 (bce=0.0037 aux_ce=0.4876)
  Batch 1010/1279 | Loss: 0.3824 (bce=0.2765 aux_ce=0.2648)
  Batch 1020/1279 | Loss: 0.0239 (bce=0.0178 aux_ce=0.0153)
  Batch 1030/1279 | Loss: 0.0078 (bce=0.0049 aux_ce=0.0073)
  Batch 1040/1279 | Loss: 0.4215 (bce=0.3394 aux_ce=0.2053)
  Batch 1050/1279 | Loss: 0.5947 (bce=0.3551 aux_ce=0.5991)
  Batch 1060/1279 | Loss: 0.1367 (bce=0.0124 aux_ce=0.3106)
  Batch 1070/1279 | Loss: 0.0217 (bce=0.0098 aux_ce=0.0297)
  Batch 1080/1279 | Loss: 0.0171 (bce=0.0113 aux_ce=0.0145)
  Batch 1090/1279 | Loss: 0.2775 (bce=0.2181 aux_ce=0.1486)
  Batch 1100/1279 | Loss: 0.1144 (bce=0.0363 aux_ce=0.1953)
  Batch 1110/1279 | Loss: 0.0092 (bce=0.0062 aux_ce=0.0076)
  Batch 1120/1279 | Loss: 0.0232 (bce=0.0171 aux_ce=0.0153)
  Batch 1130/1279 | Loss: 1.7751 (bce=1.5589 aux_ce=0.5406)
  Batch 1140/1279 | Loss: 0.3062 (bce=0.2380 aux_ce=0.1707)
  Batch 1150/1279 | Loss: 1.5152 (bce=1.1642 aux_ce=0.8775)
  Batch 1160/1279 | Loss: 0.0126 (bce=0.0046 aux_ce=0.0202)
  Batch 1170/1279 | Loss: 0.0672 (bce=0.0051 aux_ce=0.1553)
  Batch 1180/1279 | Loss: 0.0700 (bce=0.0577 aux_ce=0.0306)
  Batch 1190/1279 | Loss: 0.0346 (bce=0.0289 aux_ce=0.0142)
  Batch 1200/1279 | Loss: 0.0069 (bce=0.0043 aux_ce=0.0066)
  Batch 1210/1279 | Loss: 0.0634 (bce=0.0034 aux_ce=0.1499)
  Batch 1220/1279 | Loss: 0.0912 (bce=0.0798 aux_ce=0.0285)
  Batch 1230/1279 | Loss: 0.1149 (bce=0.0890 aux_ce=0.0647)
  Batch 1240/1279 | Loss: 0.0748 (bce=0.0667 aux_ce=0.0203)
  Batch 1250/1279 | Loss: 0.0218 (bce=0.0077 aux_ce=0.0353)
  Batch 1260/1279 | Loss: 0.0988 (bce=0.0872 aux_ce=0.0289)
  Batch 1270/1279 | Loss: 0.3326 (bce=0.2826 aux_ce=0.1249)
Epoch 10 | Train Loss: 0.1635 | Train Acc: 0.9755 | Val AUC: 0.9924
Saved checkpoint: models\stageA_checkpoint_epoch10.pth
  No improvement for 1/5 epochs
  Batch 10/1279 | Loss: 0.1692 (bce=0.1408 aux_ce=0.0711)
  Batch 20/1279 | Loss: 0.2296 (bce=0.1779 aux_ce=0.1294)
  Batch 30/1279 | Loss: 0.0249 (bce=0.0197 aux_ce=0.0130)
  Batch 40/1279 | Loss: 0.0083 (bce=0.0022 aux_ce=0.0153)
  Batch 50/1279 | Loss: 0.1168 (bce=0.0862 aux_ce=0.0766)
  Batch 60/1279 | Loss: 0.0516 (bce=0.0416 aux_ce=0.0250)
  Batch 70/1279 | Loss: 0.1739 (bce=0.1312 aux_ce=0.1067)
  Batch 80/1279 | Loss: 0.0136 (bce=0.0124 aux_ce=0.0030)
  Batch 90/1279 | Loss: 0.0127 (bce=0.0091 aux_ce=0.0088)
  Batch 100/1279 | Loss: 0.0992 (bce=0.0241 aux_ce=0.1877)
  Batch 110/1279 | Loss: 0.0520 (bce=0.0047 aux_ce=0.1182)
  Batch 120/1279 | Loss: 0.0111 (bce=0.0074 aux_ce=0.0093)
  Batch 130/1279 | Loss: 0.0093 (bce=0.0071 aux_ce=0.0057)
  Batch 140/1279 | Loss: 0.2548 (bce=0.1899 aux_ce=0.1623)
  Batch 150/1279 | Loss: 0.0174 (bce=0.0058 aux_ce=0.0289)
  Batch 160/1279 | Loss: 0.0055 (bce=0.0032 aux_ce=0.0057)
  Batch 170/1279 | Loss: 0.0669 (bce=0.0542 aux_ce=0.0318)
  Batch 180/1279 | Loss: 0.0571 (bce=0.0414 aux_ce=0.0392)
  Batch 190/1279 | Loss: 0.4249 (bce=0.1313 aux_ce=0.7341)
  Batch 200/1279 | Loss: 0.4239 (bce=0.3208 aux_ce=0.2578)
  Batch 210/1279 | Loss: 0.3126 (bce=0.0048 aux_ce=0.7695)
  Batch 220/1279 | Loss: 0.0903 (bce=0.0756 aux_ce=0.0368)
  Batch 230/1279 | Loss: 0.2259 (bce=0.0089 aux_ce=0.5425)
  Batch 240/1279 | Loss: 0.1650 (bce=0.0098 aux_ce=0.3880)
  Batch 250/1279 | Loss: 0.1111 (bce=0.0134 aux_ce=0.2441)
  Batch 260/1279 | Loss: 0.3119 (bce=0.2231 aux_ce=0.2222)
  Batch 270/1279 | Loss: 0.0293 (bce=0.0016 aux_ce=0.0692)
  Batch 280/1279 | Loss: 0.0625 (bce=0.0146 aux_ce=0.1198)
  Batch 290/1279 | Loss: 0.0192 (bce=0.0034 aux_ce=0.0395)
  Batch 300/1279 | Loss: 0.0445 (bce=0.0144 aux_ce=0.0754)
  Batch 310/1279 | Loss: 0.0532 (bce=0.0107 aux_ce=0.1062)
  Batch 320/1279 | Loss: 0.1278 (bce=0.0105 aux_ce=0.2934)
  Batch 330/1279 | Loss: 0.0254 (bce=0.0047 aux_ce=0.0518)
  Batch 340/1279 | Loss: 0.0100 (bce=0.0064 aux_ce=0.0088)
  Batch 350/1279 | Loss: 0.0389 (bce=0.0084 aux_ce=0.0764)
  Batch 360/1279 | Loss: 0.0628 (bce=0.0327 aux_ce=0.0752)
  Batch 370/1279 | Loss: 0.0126 (bce=0.0029 aux_ce=0.0241)
  Batch 380/1279 | Loss: 0.0135 (bce=0.0103 aux_ce=0.0080)
  Batch 390/1279 | Loss: 1.3663 (bce=1.1737 aux_ce=0.4816)
  Batch 400/1279 | Loss: 0.0570 (bce=0.0050 aux_ce=0.1300)
  Batch 410/1279 | Loss: 0.2936 (bce=0.2286 aux_ce=0.1625)
  Batch 420/1279 | Loss: 0.0093 (bce=0.0014 aux_ce=0.0197)
  Batch 430/1279 | Loss: 1.6666 (bce=1.4359 aux_ce=0.5769)
  Batch 440/1279 | Loss: 0.0135 (bce=0.0070 aux_ce=0.0164)
  Batch 450/1279 | Loss: 0.0500 (bce=0.0047 aux_ce=0.1134)
  Batch 460/1279 | Loss: 0.0150 (bce=0.0011 aux_ce=0.0348)
  Batch 470/1279 | Loss: 0.0259 (bce=0.0213 aux_ce=0.0116)
  Batch 480/1279 | Loss: 0.0846 (bce=0.0696 aux_ce=0.0375)
  Batch 490/1279 | Loss: 0.1115 (bce=0.0977 aux_ce=0.0344)
  Batch 500/1279 | Loss: 0.1714 (bce=0.0232 aux_ce=0.3704)
  Batch 510/1279 | Loss: 0.7449 (bce=0.6215 aux_ce=0.3084)
  Batch 520/1279 | Loss: 0.0696 (bce=0.0278 aux_ce=0.1045)
  Batch 530/1279 | Loss: 0.0219 (bce=0.0085 aux_ce=0.0334)
  Batch 540/1279 | Loss: 0.1323 (bce=0.1210 aux_ce=0.0282)
  Batch 550/1279 | Loss: 0.0631 (bce=0.0487 aux_ce=0.0360)
  Batch 560/1279 | Loss: 0.0579 (bce=0.0234 aux_ce=0.0861)
  Batch 570/1279 | Loss: 0.0148 (bce=0.0116 aux_ce=0.0081)
  Batch 580/1279 | Loss: 0.0077 (bce=0.0062 aux_ce=0.0037)
  Batch 590/1279 | Loss: 0.0600 (bce=0.0112 aux_ce=0.1221)
  Batch 600/1279 | Loss: 0.0527 (bce=0.0448 aux_ce=0.0195)
  Batch 610/1279 | Loss: 0.0402 (bce=0.0088 aux_ce=0.0786)
  Batch 620/1279 | Loss: 0.0379 (bce=0.0338 aux_ce=0.0102)
  Batch 630/1279 | Loss: 0.0848 (bce=0.0184 aux_ce=0.1660)
  Batch 640/1279 | Loss: 0.0190 (bce=0.0141 aux_ce=0.0122)
  Batch 650/1279 | Loss: 0.0056 (bce=0.0043 aux_ce=0.0034)
  Batch 660/1279 | Loss: 0.0920 (bce=0.0653 aux_ce=0.0668)
  Batch 670/1279 | Loss: 0.0072 (bce=0.0023 aux_ce=0.0122)
  Batch 680/1279 | Loss: 0.0122 (bce=0.0011 aux_ce=0.0277)
  Batch 690/1279 | Loss: 0.0065 (bce=0.0044 aux_ce=0.0051)
  Batch 700/1279 | Loss: 0.0058 (bce=0.0018 aux_ce=0.0100)
  Batch 710/1279 | Loss: 0.1049 (bce=0.0757 aux_ce=0.0731)
  Batch 720/1279 | Loss: 0.0140 (bce=0.0106 aux_ce=0.0086)
  Batch 730/1279 | Loss: 0.0078 (bce=0.0054 aux_ce=0.0061)
  Batch 740/1279 | Loss: 0.0355 (bce=0.0258 aux_ce=0.0243)
  Batch 750/1279 | Loss: 0.1428 (bce=0.1060 aux_ce=0.0922)
  Batch 760/1279 | Loss: 0.0423 (bce=0.0386 aux_ce=0.0091)
  Batch 770/1279 | Loss: 0.0292 (bce=0.0191 aux_ce=0.0251)
  Batch 780/1279 | Loss: 0.0317 (bce=0.0136 aux_ce=0.0454)
  Batch 790/1279 | Loss: 0.9947 (bce=0.8292 aux_ce=0.4139)
  Batch 800/1279 | Loss: 0.0161 (bce=0.0105 aux_ce=0.0139)
  Batch 810/1279 | Loss: 0.0118 (bce=0.0088 aux_ce=0.0073)
  Batch 820/1279 | Loss: 0.0171 (bce=0.0045 aux_ce=0.0315)
  Batch 830/1279 | Loss: 0.3608 (bce=0.3309 aux_ce=0.0748)
  Batch 840/1279 | Loss: 0.0954 (bce=0.0414 aux_ce=0.1349)
  Batch 850/1279 | Loss: 0.2726 (bce=0.2325 aux_ce=0.1005)
  Batch 860/1279 | Loss: 0.0460 (bce=0.0357 aux_ce=0.0258)
  Batch 870/1279 | Loss: 0.3644 (bce=0.2961 aux_ce=0.1707)
  Batch 880/1279 | Loss: 0.0183 (bce=0.0146 aux_ce=0.0092)
  Batch 890/1279 | Loss: 1.1919 (bce=0.9510 aux_ce=0.6024)
  Batch 900/1279 | Loss: 0.0548 (bce=0.0093 aux_ce=0.1137)
  Batch 910/1279 | Loss: 0.0517 (bce=0.0223 aux_ce=0.0735)
  Batch 920/1279 | Loss: 0.0225 (bce=0.0161 aux_ce=0.0159)
  Batch 930/1279 | Loss: 0.0464 (bce=0.0370 aux_ce=0.0234)
  Batch 940/1279 | Loss: 0.1356 (bce=0.0237 aux_ce=0.2798)
  Batch 950/1279 | Loss: 0.0138 (bce=0.0118 aux_ce=0.0049)
  Batch 960/1279 | Loss: 0.7569 (bce=0.5664 aux_ce=0.4762)
  Batch 970/1279 | Loss: 0.0577 (bce=0.0180 aux_ce=0.0993)
  Batch 980/1279 | Loss: 0.1587 (bce=0.1200 aux_ce=0.0969)
  Batch 990/1279 | Loss: 0.3504 (bce=0.3003 aux_ce=0.1252)
  Batch 1000/1279 | Loss: 0.0425 (bce=0.0392 aux_ce=0.0084)
  Batch 1010/1279 | Loss: 0.1291 (bce=0.1099 aux_ce=0.0480)
  Batch 1020/1279 | Loss: 0.0293 (bce=0.0080 aux_ce=0.0533)
  Batch 1030/1279 | Loss: 0.0177 (bce=0.0147 aux_ce=0.0074)
  Batch 1040/1279 | Loss: 0.2397 (bce=0.1439 aux_ce=0.2394)
  Batch 1050/1279 | Loss: 0.0097 (bce=0.0035 aux_ce=0.0157)
  Batch 1060/1279 | Loss: 0.0349 (bce=0.0236 aux_ce=0.0282)
  Batch 1070/1279 | Loss: 0.0059 (bce=0.0007 aux_ce=0.0130)
  Batch 1080/1279 | Loss: 0.1322 (bce=0.0569 aux_ce=0.1883)
  Batch 1090/1279 | Loss: 0.0074 (bce=0.0043 aux_ce=0.0079)
  Batch 1100/1279 | Loss: 0.0962 (bce=0.0327 aux_ce=0.1586)
  Batch 1110/1279 | Loss: 0.0253 (bce=0.0081 aux_ce=0.0432)
  Batch 1120/1279 | Loss: 0.0045 (bce=0.0028 aux_ce=0.0041)
  Batch 1130/1279 | Loss: 0.0351 (bce=0.0194 aux_ce=0.0392)
  Batch 1140/1279 | Loss: 0.2419 (bce=0.0076 aux_ce=0.5859)
  Batch 1150/1279 | Loss: 0.3114 (bce=0.2667 aux_ce=0.1118)
  Batch 1160/1279 | Loss: 0.9517 (bce=0.7172 aux_ce=0.5861)
  Batch 1170/1279 | Loss: 0.0379 (bce=0.0258 aux_ce=0.0301)
  Batch 1180/1279 | Loss: 0.0154 (bce=0.0126 aux_ce=0.0068)
  Batch 1190/1279 | Loss: 0.0336 (bce=0.0214 aux_ce=0.0304)
  Batch 1200/1279 | Loss: 0.0236 (bce=0.0195 aux_ce=0.0101)
  Batch 1210/1279 | Loss: 0.0368 (bce=0.0243 aux_ce=0.0312)
  Batch 1220/1279 | Loss: 0.0208 (bce=0.0018 aux_ce=0.0476)
  Batch 1230/1279 | Loss: 0.0033 (bce=0.0022 aux_ce=0.0026)
  Batch 1240/1279 | Loss: 0.0066 (bce=0.0008 aux_ce=0.0146)
  Batch 1250/1279 | Loss: 0.0292 (bce=0.0214 aux_ce=0.0196)
  Batch 1260/1279 | Loss: 0.0378 (bce=0.0070 aux_ce=0.0769)
  Batch 1270/1279 | Loss: 0.0620 (bce=0.0489 aux_ce=0.0327)
Epoch 11 | Train Loss: 0.1389 | Train Acc: 0.9806 | Val AUC: 0.9926
Saved checkpoint: models\stageA_checkpoint_epoch11.pth
  No improvement for 2/5 epochs
  Batch 10/1279 | Loss: 0.0569 (bce=0.0022 aux_ce=0.1368)
  Batch 20/1279 | Loss: 0.0030 (bce=0.0015 aux_ce=0.0038)
  Batch 30/1279 | Loss: 0.0194 (bce=0.0120 aux_ce=0.0185)
  Batch 40/1279 | Loss: 0.0115 (bce=0.0032 aux_ce=0.0208)
  Batch 50/1279 | Loss: 0.0079 (bce=0.0037 aux_ce=0.0104)
  Batch 60/1279 | Loss: 0.0528 (bce=0.0287 aux_ce=0.0604)
  Batch 70/1279 | Loss: 0.0032 (bce=0.0007 aux_ce=0.0063)
  Batch 80/1279 | Loss: 0.0493 (bce=0.0401 aux_ce=0.0230)
  Batch 90/1279 | Loss: 0.0773 (bce=0.0017 aux_ce=0.1891)
  Batch 100/1279 | Loss: 0.3467 (bce=0.0864 aux_ce=0.6507)
  Batch 110/1279 | Loss: 0.1340 (bce=0.0226 aux_ce=0.2786)
  Batch 120/1279 | Loss: 0.0195 (bce=0.0165 aux_ce=0.0075)
  Batch 130/1279 | Loss: 0.0189 (bce=0.0166 aux_ce=0.0057)
  Batch 140/1279 | Loss: 0.6711 (bce=0.5050 aux_ce=0.4152)
  Batch 150/1279 | Loss: 0.4805 (bce=0.3812 aux_ce=0.2483)
  Batch 160/1279 | Loss: 0.1567 (bce=0.1260 aux_ce=0.0767)
  Batch 170/1279 | Loss: 0.2490 (bce=0.0116 aux_ce=0.5933)
  Batch 180/1279 | Loss: 0.2671 (bce=0.1033 aux_ce=0.4095)
  Batch 190/1279 | Loss: 0.1320 (bce=0.1067 aux_ce=0.0632)
  Batch 200/1279 | Loss: 0.0082 (bce=0.0062 aux_ce=0.0050)
  Batch 210/1279 | Loss: 0.0407 (bce=0.0043 aux_ce=0.0909)
  Batch 220/1279 | Loss: 0.0375 (bce=0.0327 aux_ce=0.0120)
  Batch 230/1279 | Loss: 0.2451 (bce=0.1542 aux_ce=0.2274)
  Batch 240/1279 | Loss: 0.4428 (bce=0.3510 aux_ce=0.2294)
  Batch 250/1279 | Loss: 0.0246 (bce=0.0132 aux_ce=0.0285)
  Batch 260/1279 | Loss: 0.1272 (bce=0.1036 aux_ce=0.0592)
  Batch 270/1279 | Loss: 0.0586 (bce=0.0449 aux_ce=0.0340)
  Batch 280/1279 | Loss: 0.0145 (bce=0.0032 aux_ce=0.0281)
  Batch 290/1279 | Loss: 0.1300 (bce=0.0358 aux_ce=0.2356)
  Batch 300/1279 | Loss: 0.0650 (bce=0.0109 aux_ce=0.1353)
  Batch 310/1279 | Loss: 0.0108 (bce=0.0059 aux_ce=0.0125)
  Batch 320/1279 | Loss: 1.7272 (bce=1.3799 aux_ce=0.8681)
  Batch 330/1279 | Loss: 0.1235 (bce=0.1089 aux_ce=0.0366)
  Batch 340/1279 | Loss: 0.0953 (bce=0.0051 aux_ce=0.2254)
  Batch 350/1279 | Loss: 0.6676 (bce=0.4379 aux_ce=0.5742)
  Batch 360/1279 | Loss: 0.0710 (bce=0.0075 aux_ce=0.1589)
  Batch 370/1279 | Loss: 1.6861 (bce=1.3719 aux_ce=0.7854)
  Batch 380/1279 | Loss: 0.0853 (bce=0.0024 aux_ce=0.2072)
  Batch 390/1279 | Loss: 0.0392 (bce=0.0256 aux_ce=0.0341)
  Batch 400/1279 | Loss: 0.2575 (bce=0.2114 aux_ce=0.1151)
  Batch 410/1279 | Loss: 0.2674 (bce=0.2043 aux_ce=0.1577)
  Batch 420/1279 | Loss: 0.4992 (bce=0.0080 aux_ce=1.2278)
  Batch 430/1279 | Loss: 0.0090 (bce=0.0031 aux_ce=0.0150)
  Batch 440/1279 | Loss: 0.0191 (bce=0.0065 aux_ce=0.0316)
  Batch 450/1279 | Loss: 0.0119 (bce=0.0099 aux_ce=0.0051)
  Batch 460/1279 | Loss: 0.0473 (bce=0.0427 aux_ce=0.0115)
  Batch 470/1279 | Loss: 0.0345 (bce=0.0082 aux_ce=0.0660)
  Batch 480/1279 | Loss: 0.0309 (bce=0.0160 aux_ce=0.0373)
  Batch 490/1279 | Loss: 0.0122 (bce=0.0090 aux_ce=0.0079)
  Batch 500/1279 | Loss: 0.0161 (bce=0.0121 aux_ce=0.0100)
  Batch 510/1279 | Loss: 0.1448 (bce=0.0578 aux_ce=0.2176)
  Batch 520/1279 | Loss: 0.0665 (bce=0.0533 aux_ce=0.0330)
  Batch 530/1279 | Loss: 0.0414 (bce=0.0080 aux_ce=0.0835)
  Batch 540/1279 | Loss: 0.0209 (bce=0.0179 aux_ce=0.0075)
  Batch 550/1279 | Loss: 0.0200 (bce=0.0082 aux_ce=0.0297)
  Batch 560/1279 | Loss: 0.0685 (bce=0.0041 aux_ce=0.1612)
  Batch 570/1279 | Loss: 0.0061 (bce=0.0037 aux_ce=0.0060)
  Batch 580/1279 | Loss: 0.0526 (bce=0.0069 aux_ce=0.1141)
  Batch 590/1279 | Loss: 0.0091 (bce=0.0057 aux_ce=0.0086)
  Batch 600/1279 | Loss: 0.0406 (bce=0.0033 aux_ce=0.0934)
  Batch 610/1279 | Loss: 0.0706 (bce=0.0026 aux_ce=0.1702)
  Batch 620/1279 | Loss: 0.0269 (bce=0.0158 aux_ce=0.0277)
  Batch 630/1279 | Loss: 0.0288 (bce=0.0235 aux_ce=0.0134)
  Batch 640/1279 | Loss: 0.0994 (bce=0.0740 aux_ce=0.0635)
  Batch 650/1279 | Loss: 0.0073 (bce=0.0047 aux_ce=0.0066)
  Batch 660/1279 | Loss: 0.0085 (bce=0.0067 aux_ce=0.0044)
  Batch 670/1279 | Loss: 0.0068 (bce=0.0050 aux_ce=0.0045)
  Batch 680/1279 | Loss: 0.0357 (bce=0.0097 aux_ce=0.0652)
  Batch 690/1279 | Loss: 0.1380 (bce=0.1111 aux_ce=0.0672)
  Batch 700/1279 | Loss: 2.0697 (bce=1.8205 aux_ce=0.6229)
  Batch 710/1279 | Loss: 0.1680 (bce=0.0074 aux_ce=0.4014)
  Batch 720/1279 | Loss: 0.5373 (bce=0.4238 aux_ce=0.2838)
  Batch 730/1279 | Loss: 0.0122 (bce=0.0109 aux_ce=0.0034)
  Batch 740/1279 | Loss: 0.0207 (bce=0.0159 aux_ce=0.0121)
  Batch 750/1279 | Loss: 0.1607 (bce=0.0355 aux_ce=0.3131)
  Batch 760/1279 | Loss: 0.1860 (bce=0.0103 aux_ce=0.4394)
  Batch 770/1279 | Loss: 0.1290 (bce=0.0059 aux_ce=0.3076)
  Batch 780/1279 | Loss: 0.0087 (bce=0.0044 aux_ce=0.0109)
  Batch 790/1279 | Loss: 0.1279 (bce=0.0036 aux_ce=0.3106)
  Batch 800/1279 | Loss: 0.0229 (bce=0.0040 aux_ce=0.0473)
  Batch 810/1279 | Loss: 0.8822 (bce=0.5972 aux_ce=0.7125)
  Batch 820/1279 | Loss: 0.0514 (bce=0.0020 aux_ce=0.1234)
  Batch 830/1279 | Loss: 0.0659 (bce=0.0249 aux_ce=0.1025)
  Batch 840/1279 | Loss: 0.0179 (bce=0.0159 aux_ce=0.0049)
  Batch 850/1279 | Loss: 0.0141 (bce=0.0028 aux_ce=0.0281)
  Batch 860/1279 | Loss: 0.0275 (bce=0.0203 aux_ce=0.0182)
  Batch 870/1279 | Loss: 0.0073 (bce=0.0041 aux_ce=0.0080)
  Batch 880/1279 | Loss: 0.0037 (bce=0.0014 aux_ce=0.0056)
  Batch 890/1279 | Loss: 0.0128 (bce=0.0017 aux_ce=0.0277)
  Batch 900/1279 | Loss: 0.2570 (bce=0.2009 aux_ce=0.1404)
  Batch 910/1279 | Loss: 0.0081 (bce=0.0051 aux_ce=0.0075)
  Batch 920/1279 | Loss: 0.0140 (bce=0.0080 aux_ce=0.0150)
  Batch 930/1279 | Loss: 0.1285 (bce=0.0068 aux_ce=0.3043)
  Batch 940/1279 | Loss: 0.0388 (bce=0.0096 aux_ce=0.0728)
  Batch 950/1279 | Loss: 0.0077 (bce=0.0050 aux_ce=0.0069)
  Batch 960/1279 | Loss: 0.2121 (bce=0.0046 aux_ce=0.5185)
  Batch 970/1279 | Loss: 0.0506 (bce=0.0040 aux_ce=0.1165)
  Batch 980/1279 | Loss: 0.0178 (bce=0.0111 aux_ce=0.0169)
  Batch 990/1279 | Loss: 0.0084 (bce=0.0068 aux_ce=0.0040)
  Batch 1000/1279 | Loss: 0.0016 (bce=0.0011 aux_ce=0.0012)
  Batch 1010/1279 | Loss: 0.0187 (bce=0.0037 aux_ce=0.0376)
  Batch 1020/1279 | Loss: 0.0131 (bce=0.0007 aux_ce=0.0312)
  Batch 1030/1279 | Loss: 0.0149 (bce=0.0009 aux_ce=0.0352)
  Batch 1040/1279 | Loss: 0.0127 (bce=0.0013 aux_ce=0.0285)
  Batch 1050/1279 | Loss: 0.1108 (bce=0.0017 aux_ce=0.2728)
  Batch 1060/1279 | Loss: 0.0021 (bce=0.0010 aux_ce=0.0028)
  Batch 1070/1279 | Loss: 0.0022 (bce=0.0012 aux_ce=0.0024)
  Batch 1080/1279 | Loss: 0.2385 (bce=0.1758 aux_ce=0.1567)
  Batch 1090/1279 | Loss: 0.6049 (bce=0.5064 aux_ce=0.2462)
  Batch 1100/1279 | Loss: 0.1559 (bce=0.0819 aux_ce=0.1849)
  Batch 1110/1279 | Loss: 0.2784 (bce=0.2211 aux_ce=0.1431)
  Batch 1120/1279 | Loss: 0.0380 (bce=0.0160 aux_ce=0.0550)
  Batch 1130/1279 | Loss: 0.6694 (bce=0.5747 aux_ce=0.2368)
  Batch 1140/1279 | Loss: 0.1112 (bce=0.1027 aux_ce=0.0212)
  Batch 1150/1279 | Loss: 0.2045 (bce=0.1444 aux_ce=0.1502)
  Batch 1160/1279 | Loss: 0.1356 (bce=0.1206 aux_ce=0.0375)
  Batch 1170/1279 | Loss: 0.3014 (bce=0.0434 aux_ce=0.6448)
  Batch 1180/1279 | Loss: 0.3984 (bce=0.3509 aux_ce=0.1188)
  Batch 1190/1279 | Loss: 0.1690 (bce=0.1341 aux_ce=0.0872)
  Batch 1200/1279 | Loss: 0.0749 (bce=0.0270 aux_ce=0.1198)
  Batch 1210/1279 | Loss: 1.0526 (bce=0.8483 aux_ce=0.5106)
  Batch 1220/1279 | Loss: 0.4582 (bce=0.3733 aux_ce=0.2121)
  Batch 1230/1279 | Loss: 0.0189 (bce=0.0153 aux_ce=0.0090)
  Batch 1240/1279 | Loss: 0.0091 (bce=0.0075 aux_ce=0.0041)
  Batch 1250/1279 | Loss: 0.2698 (bce=0.0099 aux_ce=0.6497)
  Batch 1260/1279 | Loss: 0.1203 (bce=0.1028 aux_ce=0.0437)
  Batch 1270/1279 | Loss: 0.0090 (bce=0.0063 aux_ce=0.0066)
Epoch 12 | Train Loss: 0.1532 | Train Acc: 0.9778 | Val AUC: 0.9895
Saved checkpoint: models\stageA_checkpoint_epoch12.pth
  No improvement for 3/5 epochs
  Batch 10/1279 | Loss: 0.0085 (bce=0.0055 aux_ce=0.0077)
  Batch 20/1279 | Loss: 0.0225 (bce=0.0055 aux_ce=0.0425)
  Batch 30/1279 | Loss: 0.0814 (bce=0.0587 aux_ce=0.0568)
  Batch 40/1279 | Loss: 0.0107 (bce=0.0043 aux_ce=0.0162)
  Batch 50/1279 | Loss: 1.0166 (bce=0.8283 aux_ce=0.4709)
  Batch 60/1279 | Loss: 1.0811 (bce=0.8613 aux_ce=0.5493)
  Batch 70/1279 | Loss: 0.1719 (bce=0.0226 aux_ce=0.3730)
  Batch 80/1279 | Loss: 0.0320 (bce=0.0108 aux_ce=0.0530)
  Batch 90/1279 | Loss: 0.0313 (bce=0.0164 aux_ce=0.0374)
  Batch 100/1279 | Loss: 0.0061 (bce=0.0027 aux_ce=0.0086)
  Batch 110/1279 | Loss: 0.0230 (bce=0.0201 aux_ce=0.0074)
  Batch 120/1279 | Loss: 0.0060 (bce=0.0019 aux_ce=0.0102)
  Batch 130/1279 | Loss: 0.0179 (bce=0.0153 aux_ce=0.0064)
  Batch 140/1279 | Loss: 0.1280 (bce=0.1069 aux_ce=0.0529)
  Batch 150/1279 | Loss: 1.1778 (bce=1.0066 aux_ce=0.4280)
  Batch 160/1279 | Loss: 0.0249 (bce=0.0132 aux_ce=0.0295)
  Batch 170/1279 | Loss: 0.1148 (bce=0.0061 aux_ce=0.2715)
  Batch 180/1279 | Loss: 0.0088 (bce=0.0070 aux_ce=0.0047)
  Batch 190/1279 | Loss: 0.0988 (bce=0.0744 aux_ce=0.0610)
  Batch 200/1279 | Loss: 0.0447 (bce=0.0237 aux_ce=0.0524)
  Batch 210/1279 | Loss: 0.6446 (bce=0.5304 aux_ce=0.2854)
  Batch 220/1279 | Loss: 0.0279 (bce=0.0100 aux_ce=0.0448)
  Batch 230/1279 | Loss: 0.2316 (bce=0.1802 aux_ce=0.1287)
  Batch 240/1279 | Loss: 0.0094 (bce=0.0081 aux_ce=0.0032)
  Batch 250/1279 | Loss: 0.0313 (bce=0.0289 aux_ce=0.0060)
  Batch 260/1279 | Loss: 0.0140 (bce=0.0094 aux_ce=0.0116)
  Batch 270/1279 | Loss: 0.0418 (bce=0.0048 aux_ce=0.0925)
  Batch 280/1279 | Loss: 0.0124 (bce=0.0081 aux_ce=0.0109)
  Batch 290/1279 | Loss: 0.1449 (bce=0.1089 aux_ce=0.0899)
  Batch 300/1279 | Loss: 0.0181 (bce=0.0133 aux_ce=0.0119)
  Batch 310/1279 | Loss: 0.0272 (bce=0.0068 aux_ce=0.0511)
  Batch 320/1279 | Loss: 0.1281 (bce=0.0501 aux_ce=0.1951)
  Batch 330/1279 | Loss: 0.0125 (bce=0.0095 aux_ce=0.0076)
  Batch 340/1279 | Loss: 0.0200 (bce=0.0015 aux_ce=0.0462)
  Batch 350/1279 | Loss: 0.0595 (bce=0.0195 aux_ce=0.1001)
  Batch 360/1279 | Loss: 0.0083 (bce=0.0068 aux_ce=0.0037)
  Batch 370/1279 | Loss: 0.1134 (bce=0.0935 aux_ce=0.0499)
  Batch 380/1279 | Loss: 0.0805 (bce=0.0476 aux_ce=0.0822)
  Batch 390/1279 | Loss: 0.1030 (bce=0.0046 aux_ce=0.2460)
  Batch 400/1279 | Loss: 0.0147 (bce=0.0082 aux_ce=0.0161)
  Batch 410/1279 | Loss: 0.1766 (bce=0.1119 aux_ce=0.1617)
  Batch 420/1279 | Loss: 0.1837 (bce=0.0669 aux_ce=0.2920)
  Batch 430/1279 | Loss: 0.0890 (bce=0.0015 aux_ce=0.2187)
  Batch 440/1279 | Loss: 0.0071 (bce=0.0041 aux_ce=0.0076)
  Batch 450/1279 | Loss: 0.0278 (bce=0.0140 aux_ce=0.0346)
  Batch 460/1279 | Loss: 0.2551 (bce=0.2095 aux_ce=0.1142)
  Batch 470/1279 | Loss: 0.0074 (bce=0.0061 aux_ce=0.0033)
  Batch 480/1279 | Loss: 0.0391 (bce=0.0324 aux_ce=0.0167)
  Batch 490/1279 | Loss: 0.0036 (bce=0.0013 aux_ce=0.0059)
  Batch 500/1279 | Loss: 0.0819 (bce=0.0678 aux_ce=0.0354)
  Batch 510/1279 | Loss: 0.0142 (bce=0.0118 aux_ce=0.0060)
  Batch 520/1279 | Loss: 0.1451 (bce=0.0970 aux_ce=0.1202)
  Batch 530/1279 | Loss: 0.0072 (bce=0.0021 aux_ce=0.0127)
  Batch 540/1279 | Loss: 0.0030 (bce=0.0015 aux_ce=0.0038)
  Batch 550/1279 | Loss: 0.0133 (bce=0.0031 aux_ce=0.0255)
  Batch 560/1279 | Loss: 0.0101 (bce=0.0084 aux_ce=0.0042)
  Batch 570/1279 | Loss: 0.0672 (bce=0.0310 aux_ce=0.0905)
  Batch 580/1279 | Loss: 0.0445 (bce=0.0267 aux_ce=0.0445)
  Batch 590/1279 | Loss: 0.1935 (bce=0.0051 aux_ce=0.4711)
  Batch 600/1279 | Loss: 0.0097 (bce=0.0055 aux_ce=0.0105)
  Batch 610/1279 | Loss: 0.0104 (bce=0.0075 aux_ce=0.0073)
  Batch 620/1279 | Loss: 0.0103 (bce=0.0044 aux_ce=0.0148)
  Batch 630/1279 | Loss: 0.0067 (bce=0.0012 aux_ce=0.0138)
  Batch 640/1279 | Loss: 0.0596 (bce=0.0363 aux_ce=0.0582)
  Batch 650/1279 | Loss: 0.0153 (bce=0.0033 aux_ce=0.0300)
  Batch 660/1279 | Loss: 0.0069 (bce=0.0015 aux_ce=0.0134)
  Batch 670/1279 | Loss: 1.4968 (bce=1.1054 aux_ce=0.9786)
  Batch 680/1279 | Loss: 0.0107 (bce=0.0088 aux_ce=0.0046)
  Batch 690/1279 | Loss: 0.0168 (bce=0.0013 aux_ce=0.0386)
  Batch 700/1279 | Loss: 0.1534 (bce=0.0052 aux_ce=0.3706)
  Batch 710/1279 | Loss: 0.0374 (bce=0.0029 aux_ce=0.0862)
  Batch 720/1279 | Loss: 0.0519 (bce=0.0032 aux_ce=0.1216)
  Batch 730/1279 | Loss: 0.2282 (bce=0.0054 aux_ce=0.5569)
  Batch 740/1279 | Loss: 0.2191 (bce=0.0215 aux_ce=0.4941)
  Batch 750/1279 | Loss: 0.0300 (bce=0.0214 aux_ce=0.0214)
  Batch 760/1279 | Loss: 0.0575 (bce=0.0515 aux_ce=0.0150)
  Batch 770/1279 | Loss: 0.0298 (bce=0.0251 aux_ce=0.0119)
  Batch 780/1279 | Loss: 0.0031 (bce=0.0020 aux_ce=0.0028)
  Batch 790/1279 | Loss: 0.0059 (bce=0.0048 aux_ce=0.0028)
  Batch 800/1279 | Loss: 0.0238 (bce=0.0012 aux_ce=0.0566)
  Batch 810/1279 | Loss: 0.1562 (bce=0.1185 aux_ce=0.0944)
  Batch 820/1279 | Loss: 0.0094 (bce=0.0033 aux_ce=0.0152)
  Batch 830/1279 | Loss: 0.0095 (bce=0.0065 aux_ce=0.0074)
  Batch 840/1279 | Loss: 0.5509 (bce=0.4280 aux_ce=0.3074)
  Batch 850/1279 | Loss: 0.0667 (bce=0.0143 aux_ce=0.1310)
  Batch 860/1279 | Loss: 0.0345 (bce=0.0269 aux_ce=0.0191)
  Batch 870/1279 | Loss: 0.0037 (bce=0.0020 aux_ce=0.0042)
  Batch 880/1279 | Loss: 0.1287 (bce=0.0034 aux_ce=0.3132)
  Batch 890/1279 | Loss: 0.0490 (bce=0.0007 aux_ce=0.1206)
  Batch 900/1279 | Loss: 0.0888 (bce=0.0716 aux_ce=0.0432)
  Batch 910/1279 | Loss: 0.0663 (bce=0.0033 aux_ce=0.1573)
  Batch 920/1279 | Loss: 0.0268 (bce=0.0212 aux_ce=0.0141)
  Batch 930/1279 | Loss: 0.0207 (bce=0.0020 aux_ce=0.0469)
  Batch 940/1279 | Loss: 0.5864 (bce=0.4030 aux_ce=0.4585)
  Batch 950/1279 | Loss: 0.0167 (bce=0.0102 aux_ce=0.0164)
  Batch 960/1279 | Loss: 0.0069 (bce=0.0049 aux_ce=0.0050)
  Batch 970/1279 | Loss: 0.0059 (bce=0.0032 aux_ce=0.0069)
  Batch 980/1279 | Loss: 0.9842 (bce=0.8107 aux_ce=0.4337)
  Batch 990/1279 | Loss: 0.0666 (bce=0.0102 aux_ce=0.1412)
  Batch 1000/1279 | Loss: 0.1752 (bce=0.1078 aux_ce=0.1685)
  Batch 1010/1279 | Loss: 0.0152 (bce=0.0142 aux_ce=0.0025)
  Batch 1020/1279 | Loss: 0.1135 (bce=0.0059 aux_ce=0.2690)
  Batch 1030/1279 | Loss: 0.0303 (bce=0.0269 aux_ce=0.0084)
  Batch 1040/1279 | Loss: 0.0316 (bce=0.0264 aux_ce=0.0129)
  Batch 1050/1279 | Loss: 0.0212 (bce=0.0168 aux_ce=0.0111)
  Batch 1060/1279 | Loss: 0.0415 (bce=0.0303 aux_ce=0.0280)
  Batch 1070/1279 | Loss: 0.0558 (bce=0.0255 aux_ce=0.0758)
  Batch 1080/1279 | Loss: 0.0296 (bce=0.0236 aux_ce=0.0150)
  Batch 1090/1279 | Loss: 0.0129 (bce=0.0110 aux_ce=0.0048)
  Batch 1100/1279 | Loss: 0.1041 (bce=0.0822 aux_ce=0.0545)
  Batch 1110/1279 | Loss: 0.8036 (bce=0.6737 aux_ce=0.3246)
  Batch 1120/1279 | Loss: 0.2273 (bce=0.1642 aux_ce=0.1578)
  Batch 1130/1279 | Loss: 0.0193 (bce=0.0163 aux_ce=0.0073)
  Batch 1140/1279 | Loss: 0.1425 (bce=0.0326 aux_ce=0.2747)
  Batch 1150/1279 | Loss: 0.2334 (bce=0.0145 aux_ce=0.5471)
  Batch 1160/1279 | Loss: 0.1524 (bce=0.0133 aux_ce=0.3479)
  Batch 1170/1279 | Loss: 0.0082 (bce=0.0070 aux_ce=0.0030)
  Batch 1180/1279 | Loss: 0.1581 (bce=0.1119 aux_ce=0.1156)
  Batch 1190/1279 | Loss: 1.2076 (bce=1.0294 aux_ce=0.4454)
  Batch 1200/1279 | Loss: 0.0160 (bce=0.0046 aux_ce=0.0285)
  Batch 1210/1279 | Loss: 0.0042 (bce=0.0034 aux_ce=0.0020)
  Batch 1220/1279 | Loss: 0.0519 (bce=0.0088 aux_ce=0.1078)
  Batch 1230/1279 | Loss: 0.0118 (bce=0.0033 aux_ce=0.0214)
  Batch 1240/1279 | Loss: 0.5314 (bce=0.4465 aux_ce=0.2121)
  Batch 1250/1279 | Loss: 0.0282 (bce=0.0106 aux_ce=0.0440)
  Batch 1260/1279 | Loss: 0.0272 (bce=0.0045 aux_ce=0.0568)
  Batch 1270/1279 | Loss: 0.0252 (bce=0.0200 aux_ce=0.0131)
Epoch 13 | Train Loss: 0.1281 | Train Acc: 0.9820 | Val AUC: 0.9905
Saved checkpoint: models\stageA_checkpoint_epoch13.pth
  No improvement for 4/5 epochs
  Batch 10/1279 | Loss: 0.6077 (bce=0.4858 aux_ce=0.3049)
  Batch 20/1279 | Loss: 0.0036 (bce=0.0029 aux_ce=0.0017)
  Batch 30/1279 | Loss: 0.0163 (bce=0.0108 aux_ce=0.0137)
  Batch 40/1279 | Loss: 0.1646 (bce=0.0526 aux_ce=0.2800)
  Batch 50/1279 | Loss: 0.0529 (bce=0.0368 aux_ce=0.0402)
  Batch 60/1279 | Loss: 0.0182 (bce=0.0124 aux_ce=0.0145)
  Batch 70/1279 | Loss: 0.0098 (bce=0.0067 aux_ce=0.0077)
  Batch 80/1279 | Loss: 0.1118 (bce=0.0956 aux_ce=0.0405)
  Batch 90/1279 | Loss: 0.4066 (bce=0.3441 aux_ce=0.1562)
  Batch 100/1279 | Loss: 0.2847 (bce=0.2472 aux_ce=0.0937)
  Batch 110/1279 | Loss: 0.0155 (bce=0.0098 aux_ce=0.0142)
  Batch 120/1279 | Loss: 0.0055 (bce=0.0017 aux_ce=0.0095)
  Batch 130/1279 | Loss: 0.1195 (bce=0.1060 aux_ce=0.0338)
  Batch 140/1279 | Loss: 0.0212 (bce=0.0053 aux_ce=0.0396)
  Batch 150/1279 | Loss: 0.1669 (bce=0.0005 aux_ce=0.4161)
  Batch 160/1279 | Loss: 0.0040 (bce=0.0011 aux_ce=0.0071)
  Batch 170/1279 | Loss: 2.5299 (bce=2.0878 aux_ce=1.1052)
  Batch 180/1279 | Loss: 0.0122 (bce=0.0018 aux_ce=0.0260)
  Batch 190/1279 | Loss: 0.0310 (bce=0.0004 aux_ce=0.0765)
  Batch 200/1279 | Loss: 0.0010 (bce=0.0005 aux_ce=0.0012)
  Batch 210/1279 | Loss: 0.0064 (bce=0.0038 aux_ce=0.0063)
  Batch 220/1279 | Loss: 0.0044 (bce=0.0017 aux_ce=0.0066)
  Batch 230/1279 | Loss: 0.0129 (bce=0.0029 aux_ce=0.0251)
  Batch 240/1279 | Loss: 0.0130 (bce=0.0109 aux_ce=0.0051)
  Batch 250/1279 | Loss: 0.0064 (bce=0.0044 aux_ce=0.0049)
  Batch 260/1279 | Loss: 1.5519 (bce=1.2937 aux_ce=0.6456)
  Batch 270/1279 | Loss: 0.1421 (bce=0.1254 aux_ce=0.0416)
  Batch 280/1279 | Loss: 0.0419 (bce=0.0024 aux_ce=0.0986)
  Batch 290/1279 | Loss: 0.0628 (bce=0.0330 aux_ce=0.0746)
  Batch 300/1279 | Loss: 0.0938 (bce=0.0290 aux_ce=0.1621)
  Batch 310/1279 | Loss: 0.0300 (bce=0.0070 aux_ce=0.0576)
  Batch 320/1279 | Loss: 0.0060 (bce=0.0025 aux_ce=0.0087)
  Batch 330/1279 | Loss: 0.0830 (bce=0.0652 aux_ce=0.0446)
  Batch 340/1279 | Loss: 0.0248 (bce=0.0207 aux_ce=0.0101)
  Batch 350/1279 | Loss: 0.0094 (bce=0.0081 aux_ce=0.0033)
  Batch 360/1279 | Loss: 0.0205 (bce=0.0076 aux_ce=0.0322)
  Batch 370/1279 | Loss: 0.0115 (bce=0.0073 aux_ce=0.0104)
  Batch 380/1279 | Loss: 0.0259 (bce=0.0040 aux_ce=0.0547)
  Batch 390/1279 | Loss: 0.1103 (bce=0.0564 aux_ce=0.1347)
  Batch 400/1279 | Loss: 0.0674 (bce=0.0285 aux_ce=0.0974)
  Batch 410/1279 | Loss: 0.0143 (bce=0.0089 aux_ce=0.0137)
  Batch 420/1279 | Loss: 0.6759 (bce=0.5468 aux_ce=0.3227)
  Batch 430/1279 | Loss: 0.2082 (bce=0.1077 aux_ce=0.2512)
  Batch 440/1279 | Loss: 0.0094 (bce=0.0035 aux_ce=0.0148)
  Batch 450/1279 | Loss: 0.1146 (bce=0.0970 aux_ce=0.0440)
  Batch 460/1279 | Loss: 0.0157 (bce=0.0023 aux_ce=0.0334)
  Batch 470/1279 | Loss: 0.2914 (bce=0.2487 aux_ce=0.1065)
  Batch 480/1279 | Loss: 0.0744 (bce=0.0063 aux_ce=0.1703)
  Batch 490/1279 | Loss: 0.0645 (bce=0.0544 aux_ce=0.0251)
  Batch 500/1279 | Loss: 0.0477 (bce=0.0036 aux_ce=0.1101)
  Batch 510/1279 | Loss: 0.0891 (bce=0.0085 aux_ce=0.2014)
  Batch 520/1279 | Loss: 0.0679 (bce=0.0048 aux_ce=0.1578)
  Batch 530/1279 | Loss: 0.0108 (bce=0.0034 aux_ce=0.0186)
  Batch 540/1279 | Loss: 0.0106 (bce=0.0065 aux_ce=0.0103)
  Batch 550/1279 | Loss: 0.0086 (bce=0.0047 aux_ce=0.0098)
  Batch 560/1279 | Loss: 0.0075 (bce=0.0063 aux_ce=0.0032)
  Batch 570/1279 | Loss: 0.0766 (bce=0.0592 aux_ce=0.0435)
  Batch 580/1279 | Loss: 0.0539 (bce=0.0262 aux_ce=0.0692)
  Batch 590/1279 | Loss: 0.1544 (bce=0.0396 aux_ce=0.2870)
  Batch 600/1279 | Loss: 0.2108 (bce=0.0363 aux_ce=0.4363)
  Batch 610/1279 | Loss: 0.0245 (bce=0.0108 aux_ce=0.0342)
  Batch 620/1279 | Loss: 0.0024 (bce=0.0010 aux_ce=0.0037)
  Batch 630/1279 | Loss: 0.1534 (bce=0.1242 aux_ce=0.0731)
  Batch 640/1279 | Loss: 0.0250 (bce=0.0009 aux_ce=0.0602)
  Batch 650/1279 | Loss: 0.0020 (bce=0.0010 aux_ce=0.0026)
  Batch 660/1279 | Loss: 0.0016 (bce=0.0012 aux_ce=0.0010)
  Batch 670/1279 | Loss: 0.0047 (bce=0.0029 aux_ce=0.0046)
  Batch 680/1279 | Loss: 0.0120 (bce=0.0097 aux_ce=0.0059)
  Batch 690/1279 | Loss: 0.0048 (bce=0.0010 aux_ce=0.0095)
  Batch 700/1279 | Loss: 0.1780 (bce=0.1412 aux_ce=0.0920)
  Batch 710/1279 | Loss: 0.2430 (bce=0.2104 aux_ce=0.0813)
  Batch 720/1279 | Loss: 0.0371 (bce=0.0012 aux_ce=0.0898)
  Batch 730/1279 | Loss: 2.6432 (bce=2.0564 aux_ce=1.4668)
  Batch 740/1279 | Loss: 0.0384 (bce=0.0160 aux_ce=0.0558)
  Batch 750/1279 | Loss: 0.0447 (bce=0.0334 aux_ce=0.0283)
  Batch 760/1279 | Loss: 0.3146 (bce=0.0083 aux_ce=0.7657)
  Batch 770/1279 | Loss: 0.0177 (bce=0.0099 aux_ce=0.0195)
  Batch 780/1279 | Loss: 0.0164 (bce=0.0150 aux_ce=0.0036)
  Batch 790/1279 | Loss: 0.0130 (bce=0.0015 aux_ce=0.0286)
  Batch 800/1279 | Loss: 0.4491 (bce=0.3309 aux_ce=0.2956)
  Batch 810/1279 | Loss: 0.0628 (bce=0.0027 aux_ce=0.1503)
  Batch 820/1279 | Loss: 0.2665 (bce=0.1997 aux_ce=0.1668)
  Batch 830/1279 | Loss: 0.0049 (bce=0.0044 aux_ce=0.0014)
  Batch 840/1279 | Loss: 0.0510 (bce=0.0104 aux_ce=0.1014)
  Batch 850/1279 | Loss: 0.0118 (bce=0.0097 aux_ce=0.0053)
  Batch 860/1279 | Loss: 0.0421 (bce=0.0306 aux_ce=0.0286)
  Batch 870/1279 | Loss: 0.0121 (bce=0.0106 aux_ce=0.0039)
  Batch 880/1279 | Loss: 0.0061 (bce=0.0050 aux_ce=0.0027)
  Batch 890/1279 | Loss: 0.0047 (bce=0.0012 aux_ce=0.0086)
  Batch 900/1279 | Loss: 0.0334 (bce=0.0273 aux_ce=0.0151)
  Batch 910/1279 | Loss: 0.0221 (bce=0.0126 aux_ce=0.0237)
  Batch 920/1279 | Loss: 0.0197 (bce=0.0030 aux_ce=0.0418)
  Batch 930/1279 | Loss: 0.0198 (bce=0.0122 aux_ce=0.0190)
  Batch 940/1279 | Loss: 0.0513 (bce=0.0389 aux_ce=0.0310)
  Batch 950/1279 | Loss: 0.0033 (bce=0.0018 aux_ce=0.0035)
  Batch 960/1279 | Loss: 0.0201 (bce=0.0009 aux_ce=0.0480)
  Batch 970/1279 | Loss: 0.0124 (bce=0.0066 aux_ce=0.0146)
  Batch 980/1279 | Loss: 0.0050 (bce=0.0040 aux_ce=0.0025)
  Batch 990/1279 | Loss: 0.0584 (bce=0.0480 aux_ce=0.0262)
  Batch 1000/1279 | Loss: 0.0158 (bce=0.0124 aux_ce=0.0087)
  Batch 1010/1279 | Loss: 0.0091 (bce=0.0064 aux_ce=0.0068)
  Batch 1020/1279 | Loss: 0.0207 (bce=0.0047 aux_ce=0.0402)
  Batch 1030/1279 | Loss: 0.0749 (bce=0.0466 aux_ce=0.0708)
  Batch 1040/1279 | Loss: 0.0645 (bce=0.0565 aux_ce=0.0200)
  Batch 1050/1279 | Loss: 0.0432 (bce=0.0398 aux_ce=0.0087)
  Batch 1060/1279 | Loss: 0.0038 (bce=0.0025 aux_ce=0.0033)
  Batch 1070/1279 | Loss: 0.0167 (bce=0.0138 aux_ce=0.0072)
  Batch 1080/1279 | Loss: 0.1507 (bce=0.1297 aux_ce=0.0525)
  Batch 1090/1279 | Loss: 0.0151 (bce=0.0025 aux_ce=0.0316)
  Batch 1100/1279 | Loss: 0.0055 (bce=0.0036 aux_ce=0.0048)
  Batch 1110/1279 | Loss: 0.0102 (bce=0.0040 aux_ce=0.0155)
  Batch 1120/1279 | Loss: 0.1650 (bce=0.1283 aux_ce=0.0919)
  Batch 1130/1279 | Loss: 0.0089 (bce=0.0023 aux_ce=0.0163)
  Batch 1140/1279 | Loss: 0.0154 (bce=0.0128 aux_ce=0.0064)
  Batch 1150/1279 | Loss: 0.1094 (bce=0.1002 aux_ce=0.0229)
  Batch 1160/1279 | Loss: 0.1555 (bce=0.1089 aux_ce=0.1163)
  Batch 1170/1279 | Loss: 0.7427 (bce=0.5938 aux_ce=0.3725)
  Batch 1180/1279 | Loss: 0.0239 (bce=0.0095 aux_ce=0.0360)
  Batch 1190/1279 | Loss: 0.0129 (bce=0.0069 aux_ce=0.0149)
  Batch 1200/1279 | Loss: 0.0534 (bce=0.0175 aux_ce=0.0898)
  Batch 1210/1279 | Loss: 0.0179 (bce=0.0093 aux_ce=0.0215)
  Batch 1220/1279 | Loss: 0.2112 (bce=0.1728 aux_ce=0.0959)
  Batch 1230/1279 | Loss: 0.1445 (bce=0.0040 aux_ce=0.3513)
  Batch 1240/1279 | Loss: 0.0039 (bce=0.0025 aux_ce=0.0036)
  Batch 1250/1279 | Loss: 0.0816 (bce=0.0058 aux_ce=0.1896)
  Batch 1260/1279 | Loss: 0.0438 (bce=0.0009 aux_ce=0.1074)
  Batch 1270/1279 | Loss: 0.0069 (bce=0.0032 aux_ce=0.0092)
Epoch 14 | Train Loss: 0.1143 | Train Acc: 0.9842 | Val AUC: 0.9929
Saved checkpoint: models\stageA_checkpoint_epoch14.pth
  No improvement for 5/5 epochs
Early stopping at epoch 14 (best val AUC: 0.9936)
Stage A Training Complete! Best model: models/stageA_best_model.pth (val AUC 0.9936)
